Step,arm_std,original_ppo_debug - PPO/arm_mean_exploration__MIN,original_ppo_debug - PPO/arm_mean_exploration__MAX
1,0.30065035820007324,0.30065035820007324,0.30065035820007324
4,0.30260321497917175,0.30260321497917175,0.30260321497917175
5,0.3033462464809418,0.3033462464809418,0.3033462464809418
6,0.30357271432876587,0.30357271432876587,0.30357271432876587
10,0.30496153235435486,0.30496153235435486,0.30496153235435486
12,0.30599212646484375,0.30599212646484375,0.30599212646484375
15,0.3075430989265442,0.3075430989265442,0.3075430989265442
17,0.30920737981796265,0.30920737981796265,0.30920737981796265
18,0.30938923358917236,0.30938923358917236,0.30938923358917236
19,0.30986398458480835,0.30986398458480835,0.30986398458480835
20,0.3103182315826416,0.3103182315826416,0.3103182315826416
22,0.31135281920433044,0.31135281920433044,0.31135281920433044
26,0.31353601813316345,0.31353601813316345,0.31353601813316345
27,0.3137103021144867,0.3137103021144867,0.3137103021144867
28,0.3138250708580017,0.3138250708580017,0.3138250708580017
34,0.3156535029411316,0.3156535029411316,0.3156535029411316
35,0.3160133957862854,0.3160133957862854,0.3160133957862854
36,0.3165273070335388,0.3165273070335388,0.3165273070335388
37,0.31696292757987976,0.31696292757987976,0.31696292757987976
40,0.3183543384075165,0.3183543384075165,0.3183543384075165
43,0.31913629174232483,0.31913629174232483,0.31913629174232483
45,0.3202510476112366,0.3202510476112366,0.3202510476112366
46,0.32078588008880615,0.32078588008880615,0.32078588008880615
47,0.3212147057056427,0.3212147057056427,0.3212147057056427
49,0.3223271667957306,0.3223271667957306,0.3223271667957306
51,0.3231273293495178,0.3231273293495178,0.3231273293495178
52,0.32367831468582153,0.32367831468582153,0.32367831468582153
53,0.3243030607700348,0.3243030607700348,0.3243030607700348
54,0.32496508955955505,0.32496508955955505,0.32496508955955505
57,0.3259797990322113,0.3259797990322113,0.3259797990322113
58,0.32595667243003845,0.32595667243003845,0.32595667243003845
59,0.32623130083084106,0.32623130083084106,0.32623130083084106
60,0.3266012370586395,0.3266012370586395,0.3266012370586395
63,0.3273477256298065,0.3273477256298065,0.3273477256298065
64,0.32738107442855835,0.32738107442855835,0.32738107442855835
67,0.32852938771247864,0.32852938771247864,0.32852938771247864
69,0.3298896849155426,0.3298896849155426,0.3298896849155426
71,0.330911248922348,0.330911248922348,0.330911248922348
72,0.3310530483722687,0.3310530483722687,0.3310530483722687
73,0.3312755823135376,0.3312755823135376,0.3312755823135376
74,0.33189117908477783,0.33189117908477783,0.33189117908477783
75,0.33261263370513916,0.33261263370513916,0.33261263370513916
77,0.33392536640167236,0.33392536640167236,0.33392536640167236
78,0.33454403281211853,0.33454403281211853,0.33454403281211853
80,0.3355826437473297,0.3355826437473297,0.3355826437473297
83,0.3362800180912018,0.3362800180912018,0.3362800180912018
84,0.3365843594074249,0.3365843594074249,0.3365843594074249
86,0.33741042017936707,0.33741042017936707,0.33741042017936707
88,0.33819156885147095,0.33819156885147095,0.33819156885147095
89,0.3385390341281891,0.3385390341281891,0.3385390341281891
92,0.33948826789855957,0.33948826789855957,0.33948826789855957
94,0.3398410975933075,0.3398410975933075,0.3398410975933075
95,0.3400838375091553,0.3400838375091553,0.3400838375091553
97,0.34102505445480347,0.34102505445480347,0.34102505445480347
100,0.3422134518623352,0.3422134518623352,0.3422134518623352
101,0.3427671790122986,0.3427671790122986,0.3427671790122986
103,0.34341326355934143,0.34341326355934143,0.34341326355934143
104,0.343558132648468,0.343558132648468,0.343558132648468
106,0.34357860684394836,0.34357860684394836,0.34357860684394836
108,0.344061940908432,0.344061940908432,0.344061940908432
109,0.3445286750793457,0.3445286750793457,0.3445286750793457
118,0.347514808177948,0.347514808177948,0.347514808177948
119,0.3476484715938568,0.3476484715938568,0.3476484715938568
122,0.34862253069877625,0.34862253069877625,0.34862253069877625
124,0.3495563566684723,0.3495563566684723,0.3495563566684723
126,0.350765198469162,0.350765198469162,0.350765198469162
128,0.35193926095962524,0.35193926095962524,0.35193926095962524
136,0.3550598919391632,0.3550598919391632,0.3550598919391632
137,0.35547730326652527,0.35547730326652527,0.35547730326652527
139,0.35633140802383423,0.35633140802383423,0.35633140802383423
140,0.35696399211883545,0.35696399211883545,0.35696399211883545
143,0.35775861144065857,0.35775861144065857,0.35775861144065857
144,0.3581642508506775,0.3581642508506775,0.3581642508506775
146,0.358853280544281,0.358853280544281,0.358853280544281
147,0.3592013716697693,0.3592013716697693,0.3592013716697693
149,0.3600809574127197,0.3600809574127197,0.3600809574127197
150,0.3605256974697113,0.3605256974697113,0.3605256974697113
151,0.3609934151172638,0.3609934151172638,0.3609934151172638
153,0.3619864583015442,0.3619864583015442,0.3619864583015442
154,0.36228200793266296,0.36228200793266296,0.36228200793266296
155,0.362643301486969,0.362643301486969,0.362643301486969
157,0.3634287416934967,0.3634287416934967,0.3634287416934967
158,0.3638722002506256,0.3638722002506256,0.3638722002506256
160,0.36440449953079224,0.36440449953079224,0.36440449953079224
163,0.36546802520751953,0.36546802520751953,0.36546802520751953
164,0.3660169243812561,0.3660169243812561,0.3660169243812561
167,0.36689719557762146,0.36689719557762146,0.36689719557762146
168,0.3674250841140747,0.3674250841140747,0.3674250841140747
170,0.3680340051651001,0.3680340051651001,0.3680340051651001
171,0.3683920204639435,0.3683920204639435,0.3683920204639435
172,0.36885470151901245,0.36885470151901245,0.36885470151901245
173,0.36923837661743164,0.36923837661743164,0.36923837661743164
174,0.3694831132888794,0.3694831132888794,0.3694831132888794
175,0.3695577383041382,0.3695577383041382,0.3695577383041382
176,0.3697779178619385,0.3697779178619385,0.3697779178619385
178,0.3703054189682007,0.3703054189682007,0.3703054189682007
185,0.37236276268959045,0.37236276268959045,0.37236276268959045
186,0.37273427844047546,0.37273427844047546,0.37273427844047546
188,0.37299180030822754,0.37299180030822754,0.37299180030822754
190,0.3731958270072937,0.3731958270072937,0.3731958270072937
193,0.3738308846950531,0.3738308846950531,0.3738308846950531
194,0.37391892075538635,0.37391892075538635,0.37391892075538635
195,0.3741963803768158,0.3741963803768158,0.3741963803768158
196,0.3745977580547333,0.3745977580547333,0.3745977580547333
197,0.3748723566532135,0.3748723566532135,0.3748723566532135
198,0.3750480115413666,0.3750480115413666,0.3750480115413666
203,0.3768561780452728,0.3768561780452728,0.3768561780452728
210,0.37858015298843384,0.37858015298843384,0.37858015298843384
212,0.3789004683494568,0.3789004683494568,0.3789004683494568
214,0.37911683320999146,0.37911683320999146,0.37911683320999146
222,0.38149482011795044,0.38149482011795044,0.38149482011795044
223,0.38183024525642395,0.38183024525642395,0.38183024525642395
224,0.38215333223342896,0.38215333223342896,0.38215333223342896
225,0.3824799954891205,0.3824799954891205,0.3824799954891205
226,0.38282206654548645,0.38282206654548645,0.38282206654548645
227,0.38322481513023376,0.38322481513023376,0.38322481513023376
228,0.38365909457206726,0.38365909457206726,0.38365909457206726
230,0.38409143686294556,0.38409143686294556,0.38409143686294556
231,0.38434937596321106,0.38434937596321106,0.38434937596321106
234,0.3851941227912903,0.3851941227912903,0.3851941227912903
235,0.3856108486652374,0.3856108486652374,0.3856108486652374
236,0.3857313394546509,0.3857313394546509,0.3857313394546509
238,0.3863058388233185,0.3863058388233185,0.3863058388233185
239,0.3867917060852051,0.3867917060852051,0.3867917060852051
241,0.38712334632873535,0.38712334632873535,0.38712334632873535
244,0.38815099000930786,0.38815099000930786,0.38815099000930786
245,0.38831597566604614,0.38831597566604614,0.38831597566604614
247,0.3889915645122528,0.3889915645122528,0.3889915645122528
248,0.3894232511520386,0.3894232511520386,0.3894232511520386
250,0.38993433117866516,0.38993433117866516,0.38993433117866516
254,0.3914262056350708,0.3914262056350708,0.3914262056350708
255,0.39187511801719666,0.39187511801719666,0.39187511801719666
256,0.39245933294296265,0.39245933294296265,0.39245933294296265
257,0.39274710416793823,0.39274710416793823,0.39274710416793823
259,0.39335229992866516,0.39335229992866516,0.39335229992866516
266,0.3944138288497925,0.3944138288497925,0.3944138288497925
268,0.39491766691207886,0.39491766691207886,0.39491766691207886
270,0.3962355852127075,0.3962355852127075,0.3962355852127075
273,0.39796018600463867,0.39796018600463867,0.39796018600463867
274,0.39850345253944397,0.39850345253944397,0.39850345253944397
277,0.3996693193912506,0.3996693193912506,0.3996693193912506
278,0.3997979760169983,0.3997979760169983,0.3997979760169983
280,0.4001823663711548,0.4001823663711548,0.4001823663711548
281,0.4001851975917816,0.4001851975917816,0.4001851975917816
284,0.4015495777130127,0.4015495777130127,0.4015495777130127
287,0.4022620916366577,0.4022620916366577,0.4022620916366577
290,0.403251588344574,0.403251588344574,0.403251588344574
292,0.40412914752960205,0.40412914752960205,0.40412914752960205
295,0.4052736461162567,0.4052736461162567,0.4052736461162567
301,0.4081486463546753,0.4081486463546753,0.4081486463546753
303,0.4086734652519226,0.4086734652519226,0.4086734652519226
304,0.4088513255119324,0.4088513255119324,0.4088513255119324
305,0.40934428572654724,0.40934428572654724,0.40934428572654724
306,0.4097060263156891,0.4097060263156891,0.4097060263156891
309,0.4115382432937622,0.4115382432937622,0.4115382432937622
310,0.4123864769935608,0.4123864769935608,0.4123864769935608
314,0.414948433637619,0.414948433637619,0.414948433637619
315,0.4152746796607971,0.4152746796607971,0.4152746796607971
316,0.41538700461387634,0.41538700461387634,0.41538700461387634
317,0.41583123803138733,0.41583123803138733,0.41583123803138733
318,0.4161428213119507,0.4161428213119507,0.4161428213119507
319,0.41615545749664307,0.41615545749664307,0.41615545749664307
320,0.4165583848953247,0.4165583848953247,0.4165583848953247
325,0.4182187020778656,0.4182187020778656,0.4182187020778656
326,0.4186265468597412,0.4186265468597412,0.4186265468597412
331,0.41952282190322876,0.41952282190322876,0.41952282190322876
332,0.4196925759315491,0.4196925759315491,0.4196925759315491
333,0.4200213849544525,0.4200213849544525,0.4200213849544525
336,0.42044368386268616,0.42044368386268616,0.42044368386268616
337,0.4207635223865509,0.4207635223865509,0.4207635223865509
338,0.42119747400283813,0.42119747400283813,0.42119747400283813
340,0.4217408299446106,0.4217408299446106,0.4217408299446106
344,0.4217311143875122,0.4217311143875122,0.4217311143875122
347,0.42210090160369873,0.42210090160369873,0.42210090160369873
349,0.42232343554496765,0.42232343554496765,0.42232343554496765
351,0.42304569482803345,0.42304569482803345,0.42304569482803345
353,0.42353707551956177,0.42353707551956177,0.42353707551956177
356,0.42374059557914734,0.42374059557914734,0.42374059557914734
361,0.42566972970962524,0.42566972970962524,0.42566972970962524
362,0.4265988767147064,0.4265988767147064,0.4265988767147064
365,0.4275617003440857,0.4275617003440857,0.4275617003440857
367,0.428573340177536,0.428573340177536,0.428573340177536
368,0.4288075864315033,0.4288075864315033,0.4288075864315033
370,0.4296165704727173,0.4296165704727173,0.4296165704727173
372,0.4301345646381378,0.4301345646381378,0.4301345646381378
377,0.43149328231811523,0.43149328231811523,0.43149328231811523
378,0.4317043721675873,0.4317043721675873,0.4317043721675873
382,0.4341810643672943,0.4341810643672943,0.4341810643672943
389,0.43794289231300354,0.43794289231300354,0.43794289231300354
390,0.4387225806713104,0.4387225806713104,0.4387225806713104
392,0.44003990292549133,0.44003990292549133,0.44003990292549133
393,0.44077736139297485,0.44077736139297485,0.44077736139297485
395,0.44134852290153503,0.44134852290153503,0.44134852290153503
397,0.44217440485954285,0.44217440485954285,0.44217440485954285
401,0.4445990324020386,0.4445990324020386,0.4445990324020386
405,0.4461413621902466,0.4461413621902466,0.4461413621902466
406,0.44665074348449707,0.44665074348449707,0.44665074348449707
407,0.4468601942062378,0.4468601942062378,0.4468601942062378
410,0.44885358214378357,0.44885358214378357,0.44885358214378357
411,0.4497682750225067,0.4497682750225067,0.4497682750225067
414,0.4524023234844208,0.4524023234844208,0.4524023234844208
424,0.4564336836338043,0.4564336836338043,0.4564336836338043
425,0.4569742977619171,0.4569742977619171,0.4569742977619171
426,0.4576207399368286,0.4576207399368286,0.4576207399368286
427,0.4582630395889282,0.4582630395889282,0.4582630395889282
428,0.4590011239051819,0.4590011239051819,0.4590011239051819
429,0.4596748352050781,0.4596748352050781,0.4596748352050781
430,0.4603171646595001,0.4603171646595001,0.4603171646595001
435,0.46265506744384766,0.46265506744384766,0.46265506744384766
441,0.4652462303638458,0.4652462303638458,0.4652462303638458
442,0.46562910079956055,0.46562910079956055,0.46562910079956055
446,0.4676165282726288,0.4676165282726288,0.4676165282726288
447,0.4681846499443054,0.4681846499443054,0.4681846499443054
451,0.47025546431541443,0.47025546431541443,0.47025546431541443
454,0.4723244309425354,0.4723244309425354,0.4723244309425354
455,0.47289273142814636,0.47289273142814636,0.47289273142814636
456,0.4733101725578308,0.4733101725578308,0.4733101725578308
457,0.4740073084831238,0.4740073084831238,0.4740073084831238
458,0.4746069312095642,0.4746069312095642,0.4746069312095642
460,0.4761582314968109,0.4761582314968109,0.4761582314968109
461,0.4768269658088684,0.4768269658088684,0.4768269658088684
462,0.47713252902030945,0.47713252902030945,0.47713252902030945
463,0.4778362214565277,0.4778362214565277,0.4778362214565277
465,0.4791684150695801,0.4791684150695801,0.4791684150695801
468,0.48112642765045166,0.48112642765045166,0.48112642765045166
470,0.48271846771240234,0.48271846771240234,0.48271846771240234
472,0.4845014214515686,0.4845014214515686,0.4845014214515686
475,0.48713716864585876,0.48713716864585876,0.48713716864585876
477,0.4883556365966797,0.4883556365966797,0.4883556365966797
482,0.4914000630378723,0.4914000630378723,0.4914000630378723
483,0.4917394816875458,0.4917394816875458,0.4917394816875458
488,0.4921641945838928,0.4921641945838928,0.4921641945838928
489,0.492301344871521,0.492301344871521,0.492301344871521
490,0.49280381202697754,0.49280381202697754,0.49280381202697754
492,0.4943877160549164,0.4943877160549164,0.4943877160549164
494,0.4952077269554138,0.4952077269554138,0.4952077269554138
495,0.4958730936050415,0.4958730936050415,0.4958730936050415
496,0.4965772032737732,0.4965772032737732,0.4965772032737732
497,0.49709516763687134,0.49709516763687134,0.49709516763687134
498,0.49715450406074524,0.49715450406074524,0.49715450406074524
499,0.4972286522388458,0.4972286522388458,0.4972286522388458
501,0.4979476034641266,0.4979476034641266,0.4979476034641266
502,0.4984661340713501,0.4984661340713501,0.4984661340713501
503,0.4986516535282135,0.4986516535282135,0.4986516535282135
506,0.49946296215057373,0.49946296215057373,0.49946296215057373
511,0.5017247796058655,0.5017247796058655,0.5017247796058655
512,0.5022538900375366,0.5022538900375366,0.5022538900375366
513,0.5031523108482361,0.5031523108482361,0.5031523108482361
514,0.5037775635719299,0.5037775635719299,0.5037775635719299
515,0.5044195652008057,0.5044195652008057,0.5044195652008057
517,0.5057107210159302,0.5057107210159302,0.5057107210159302
519,0.5060912370681763,0.5060912370681763,0.5060912370681763
520,0.5061001181602478,0.5061001181602478,0.5061001181602478
526,0.5084711313247681,0.5084711313247681,0.5084711313247681
527,0.5086772441864014,0.5086772441864014,0.5086772441864014
530,0.509779155254364,0.509779155254364,0.509779155254364
531,0.5098682045936584,0.5098682045936584,0.5098682045936584
532,0.5103974342346191,0.5103974342346191,0.5103974342346191
534,0.5109912753105164,0.5109912753105164,0.5109912753105164
536,0.5113720893859863,0.5113720893859863,0.5113720893859863
537,0.511967658996582,0.511967658996582,0.511967658996582
538,0.512848973274231,0.512848973274231,0.512848973274231
542,0.5135268568992615,0.5135268568992615,0.5135268568992615
543,0.5134193301200867,0.5134193301200867,0.5134193301200867
545,0.5141927599906921,0.5141927599906921,0.5141927599906921
549,0.5166228413581848,0.5166228413581848,0.5166228413581848
550,0.5173134803771973,0.5173134803771973,0.5173134803771973
551,0.5177260041236877,0.5177260041236877,0.5177260041236877
552,0.5175648927688599,0.5175648927688599,0.5175648927688599
560,0.5206624269485474,0.5206624269485474,0.5206624269485474
564,0.5225996971130371,0.5225996971130371,0.5225996971130371
565,0.5228689312934875,0.5228689312934875,0.5228689312934875
568,0.5247264504432678,0.5247264504432678,0.5247264504432678
570,0.5258732438087463,0.5258732438087463,0.5258732438087463
574,0.5272947549819946,0.5272947549819946,0.5272947549819946
575,0.5278303623199463,0.5278303623199463,0.5278303623199463
576,0.5280778408050537,0.5280778408050537,0.5280778408050537
577,0.5280253887176514,0.5280253887176514,0.5280253887176514
578,0.5284395217895508,0.5284395217895508,0.5284395217895508
581,0.5295441746711731,0.5295441746711731,0.5295441746711731
582,0.5303269624710083,0.5303269624710083,0.5303269624710083
583,0.5310178399085999,0.5310178399085999,0.5310178399085999
584,0.5316900610923767,0.5316900610923767,0.5316900610923767
585,0.5322145223617554,0.5322145223617554,0.5322145223617554
586,0.5325028896331787,0.5325028896331787,0.5325028896331787
587,0.5327149033546448,0.5327149033546448,0.5327149033546448
589,0.5332667231559753,0.5332667231559753,0.5332667231559753
590,0.5337617993354797,0.5337617993354797,0.5337617993354797
591,0.5344753265380859,0.5344753265380859,0.5344753265380859
592,0.5352163314819336,0.5352163314819336,0.5352163314819336
593,0.5355498194694519,0.5355498194694519,0.5355498194694519
595,0.5359565019607544,0.5359565019607544,0.5359565019607544
596,0.5356487035751343,0.5356487035751343,0.5356487035751343
597,0.5356785655021667,0.5356785655021667,0.5356785655021667
598,0.5357353091239929,0.5357353091239929,0.5357353091239929
599,0.5360522270202637,0.5360522270202637,0.5360522270202637
602,0.5365246534347534,0.5365246534347534,0.5365246534347534
603,0.5366348624229431,0.5366348624229431,0.5366348624229431
604,0.5369501113891602,0.5369501113891602,0.5369501113891602
606,0.5376119017601013,0.5376119017601013,0.5376119017601013
608,0.5378717184066772,0.5378717184066772,0.5378717184066772
609,0.5380958914756775,0.5380958914756775,0.5380958914756775
610,0.5385396480560303,0.5385396480560303,0.5385396480560303
613,0.5399131178855896,0.5399131178855896,0.5399131178855896
614,0.5400159358978271,0.5400159358978271,0.5400159358978271
616,0.5411547422409058,0.5411547422409058,0.5411547422409058
617,0.5413272380828857,0.5413272380828857,0.5413272380828857
619,0.5422753691673279,0.5422753691673279,0.5422753691673279
621,0.5439602136611938,0.5439602136611938,0.5439602136611938
622,0.544160783290863,0.544160783290863,0.544160783290863
623,0.54437655210495,0.54437655210495,0.54437655210495
625,0.54450523853302,0.54450523853302,0.54450523853302
626,0.5450686812400818,0.5450686812400818,0.5450686812400818
628,0.546083390712738,0.546083390712738,0.546083390712738
630,0.5469451546669006,0.5469451546669006,0.5469451546669006
631,0.547370970249176,0.547370970249176,0.547370970249176
632,0.5478917956352234,0.5478917956352234,0.5478917956352234
633,0.5486031770706177,0.5486031770706177,0.5486031770706177
634,0.548854649066925,0.548854649066925,0.548854649066925
635,0.5486176609992981,0.5486176609992981,0.5486176609992981
636,0.5487926006317139,0.5487926006317139,0.5487926006317139
643,0.5497543811798096,0.5497543811798096,0.5497543811798096
644,0.5498721599578857,0.5498721599578857,0.5498721599578857
645,0.5501933693885803,0.5501933693885803,0.5501933693885803
646,0.5509382486343384,0.5509382486343384,0.5509382486343384
647,0.5518153309822083,0.5518153309822083,0.5518153309822083
648,0.5524237155914307,0.5524237155914307,0.5524237155914307
649,0.5526247024536133,0.5526247024536133,0.5526247024536133
650,0.552656352519989,0.552656352519989,0.552656352519989
651,0.5529338717460632,0.5529338717460632,0.5529338717460632
652,0.5535154938697815,0.5535154938697815,0.5535154938697815
653,0.5536098480224609,0.5536098480224609,0.5536098480224609
662,0.5537050366401672,0.5537050366401672,0.5537050366401672
663,0.5537093877792358,0.5537093877792358,0.5537093877792358
667,0.5553930997848511,0.5553930997848511,0.5553930997848511
668,0.5556382536888123,0.5556382536888123,0.5556382536888123
671,0.5563839077949524,0.5563839077949524,0.5563839077949524
675,0.55657958984375,0.55657958984375,0.55657958984375
676,0.5563735961914062,0.5563735961914062,0.5563735961914062
681,0.557286262512207,0.557286262512207,0.557286262512207
683,0.558310866355896,0.558310866355896,0.558310866355896
686,0.559567928314209,0.559567928314209,0.559567928314209
688,0.5595183372497559,0.5595183372497559,0.5595183372497559
691,0.5605077743530273,0.5605077743530273,0.5605077743530273
692,0.5611903667449951,0.5611903667449951,0.5611903667449951
693,0.5614721179008484,0.5614721179008484,0.5614721179008484
695,0.5613038539886475,0.5613038539886475,0.5613038539886475
696,0.5614491701126099,0.5614491701126099,0.5614491701126099
697,0.5619136691093445,0.5619136691093445,0.5619136691093445
700,0.5635379552841187,0.5635379552841187,0.5635379552841187
702,0.5646538734436035,0.5646538734436035,0.5646538734436035
703,0.5648530721664429,0.5648530721664429,0.5648530721664429
713,0.5657992362976074,0.5657992362976074,0.5657992362976074
715,0.5657444596290588,0.5657444596290588,0.5657444596290588
719,0.5674383640289307,0.5674383640289307,0.5674383640289307
720,0.5678797364234924,0.5678797364234924,0.5678797364234924
722,0.5682083368301392,0.5682083368301392,0.5682083368301392
724,0.5686817169189453,0.5686817169189453,0.5686817169189453
726,0.5690544247627258,0.5690544247627258,0.5690544247627258
727,0.5691542029380798,0.5691542029380798,0.5691542029380798
729,0.5688861608505249,0.5688861608505249,0.5688861608505249
730,0.5689947605133057,0.5689947605133057,0.5689947605133057
731,0.5693577527999878,0.5693577527999878,0.5693577527999878
732,0.5696142911911011,0.5696142911911011,0.5696142911911011
734,0.5699734091758728,0.5699734091758728,0.5699734091758728
739,0.5720922350883484,0.5720922350883484,0.5720922350883484
744,0.572575569152832,0.572575569152832,0.572575569152832
745,0.5727070569992065,0.5727070569992065,0.5727070569992065
746,0.5728353261947632,0.5728353261947632,0.5728353261947632
751,0.5730029344558716,0.5730029344558716,0.5730029344558716
752,0.5734297037124634,0.5734297037124634,0.5734297037124634
754,0.5740675330162048,0.5740675330162048,0.5740675330162048
755,0.5740857124328613,0.5740857124328613,0.5740857124328613
758,0.5744918584823608,0.5744918584823608,0.5744918584823608
759,0.5750078558921814,0.5750078558921814,0.5750078558921814
760,0.5756660103797913,0.5756660103797913,0.5756660103797913
761,0.5757730603218079,0.5757730603218079,0.5757730603218079
763,0.5768293142318726,0.5768293142318726,0.5768293142318726
764,0.5767996907234192,0.5767996907234192,0.5767996907234192
769,0.5783956050872803,0.5783956050872803,0.5783956050872803
770,0.5789040327072144,0.5789040327072144,0.5789040327072144
773,0.5796975493431091,0.5796975493431091,0.5796975493431091
774,0.5799996256828308,0.5799996256828308,0.5799996256828308
776,0.5803279876708984,0.5803279876708984,0.5803279876708984
782,0.5829395055770874,0.5829395055770874,0.5829395055770874
783,0.5835756659507751,0.5835756659507751,0.5835756659507751
784,0.5839369893074036,0.5839369893074036,0.5839369893074036
785,0.5844821929931641,0.5844821929931641,0.5844821929931641
789,0.5859825611114502,0.5859825611114502,0.5859825611114502
790,0.5863843560218811,0.5863843560218811,0.5863843560218811
791,0.5865405201911926,0.5865405201911926,0.5865405201911926
795,0.5883311033248901,0.5883311033248901,0.5883311033248901
802,0.5894935131072998,0.5894935131072998,0.5894935131072998
803,0.5901791453361511,0.5901791453361511,0.5901791453361511
805,0.5921434760093689,0.5921434760093689,0.5921434760093689
807,0.5933494567871094,0.5933494567871094,0.5933494567871094
808,0.5938077569007874,0.5938077569007874,0.5938077569007874
811,0.5935969352722168,0.5935969352722168,0.5935969352722168
813,0.5928674936294556,0.5928674936294556,0.5928674936294556
818,0.5938496589660645,0.5938496589660645,0.5938496589660645
827,0.5953977704048157,0.5953977704048157,0.5953977704048157
828,0.5958091616630554,0.5958091616630554,0.5958091616630554
833,0.5965698957443237,0.5965698957443237,0.5965698957443237
838,0.5982469320297241,0.5982469320297241,0.5982469320297241
839,0.5986105799674988,0.5986105799674988,0.5986105799674988
840,0.5990552306175232,0.5990552306175232,0.5990552306175232
841,0.5993718504905701,0.5993718504905701,0.5993718504905701
844,0.599181592464447,0.599181592464447,0.599181592464447
849,0.6015666723251343,0.6015666723251343,0.6015666723251343
851,0.6023188233375549,0.6023188233375549,0.6023188233375549
854,0.6022500991821289,0.6022500991821289,0.6022500991821289
855,0.6022053360939026,0.6022053360939026,0.6022053360939026
858,0.6023123860359192,0.6023123860359192,0.6023123860359192
862,0.6024917364120483,0.6024917364120483,0.6024917364120483
864,0.6019591689109802,0.6019591689109802,0.6019591689109802
868,0.6011298894882202,0.6011298894882202,0.6011298894882202
871,0.6006540060043335,0.6006540060043335,0.6006540060043335
873,0.6010029315948486,0.6010029315948486,0.6010029315948486
874,0.6011029481887817,0.6011029481887817,0.6011029481887817
876,0.6010496020317078,0.6010496020317078,0.6010496020317078
877,0.6011525988578796,0.6011525988578796,0.6011525988578796
878,0.600617527961731,0.600617527961731,0.600617527961731
879,0.600333571434021,0.600333571434021,0.600333571434021
882,0.5991114974021912,0.5991114974021912,0.5991114974021912
883,0.5993198752403259,0.5993198752403259,0.5993198752403259
885,0.6003081202507019,0.6003081202507019,0.6003081202507019
886,0.6005347371101379,0.6005347371101379,0.6005347371101379
889,0.6005412936210632,0.6005412936210632,0.6005412936210632
892,0.600432276725769,0.600432276725769,0.600432276725769
896,0.5987015962600708,0.5987015962600708,0.5987015962600708
899,0.598413348197937,0.598413348197937,0.598413348197937
901,0.5983454585075378,0.5983454585075378,0.5983454585075378
904,0.5989763140678406,0.5989763140678406,0.5989763140678406
906,0.5991415977478027,0.5991415977478027,0.5991415977478027
907,0.5991264581680298,0.5991264581680298,0.5991264581680298
909,0.5995737314224243,0.5995737314224243,0.5995737314224243
910,0.5994865298271179,0.5994865298271179,0.5994865298271179
913,0.5989376902580261,0.5989376902580261,0.5989376902580261
914,0.598931610584259,0.598931610584259,0.598931610584259
917,0.599381148815155,0.599381148815155,0.599381148815155
920,0.5983341336250305,0.5983341336250305,0.5983341336250305
921,0.5983585715293884,0.5983585715293884,0.5983585715293884
922,0.5984053611755371,0.5984053611755371,0.5984053611755371
925,0.599044919013977,0.599044919013977,0.599044919013977
926,0.598689079284668,0.598689079284668,0.598689079284668
928,0.5980508923530579,0.5980508923530579,0.5980508923530579
930,0.598046600818634,0.598046600818634,0.598046600818634
932,0.5979282259941101,0.5979282259941101,0.5979282259941101
938,0.5993532538414001,0.5993532538414001,0.5993532538414001
939,0.5990757942199707,0.5990757942199707,0.5990757942199707
940,0.5989987254142761,0.5989987254142761,0.5989987254142761
944,0.598564863204956,0.598564863204956,0.598564863204956
946,0.5981338620185852,0.5981338620185852,0.5981338620185852
947,0.5979840755462646,0.5979840755462646,0.5979840755462646
948,0.5978243350982666,0.5978243350982666,0.5978243350982666
949,0.5980032682418823,0.5980032682418823,0.5980032682418823
950,0.597956657409668,0.597956657409668,0.597956657409668
954,0.5977189540863037,0.5977189540863037,0.5977189540863037
955,0.5980077385902405,0.5980077385902405,0.5980077385902405
956,0.5986636281013489,0.5986636281013489,0.5986636281013489
957,0.5990236401557922,0.5990236401557922,0.5990236401557922
959,0.5994398593902588,0.5994398593902588,0.5994398593902588
962,0.599941611289978,0.599941611289978,0.599941611289978
963,0.6000277400016785,0.6000277400016785,0.6000277400016785
965,0.6002256870269775,0.6002256870269775,0.6002256870269775
970,0.6006549596786499,0.6006549596786499,0.6006549596786499
972,0.6006172299385071,0.6006172299385071,0.6006172299385071
974,0.6006541848182678,0.6006541848182678,0.6006541848182678
976,0.6010997295379639,0.6010997295379639,0.6010997295379639
978,0.600496768951416,0.600496768951416,0.600496768951416
981,0.6006000638008118,0.6006000638008118,0.6006000638008118
985,0.6004467606544495,0.6004467606544495,0.6004467606544495
989,0.6009488701820374,0.6009488701820374,0.6009488701820374
990,0.601155698299408,0.601155698299408,0.601155698299408
991,0.6013728976249695,0.6013728976249695,0.6013728976249695
993,0.6018077731132507,0.6018077731132507,0.6018077731132507
994,0.6017273664474487,0.6017273664474487,0.6017273664474487
995,0.6015921235084534,0.6015921235084534,0.6015921235084534
997,0.6015022993087769,0.6015022993087769,0.6015022993087769
998,0.6016867756843567,0.6016867756843567,0.6016867756843567
999,0.6019208431243896,0.6019208431243896,0.6019208431243896
1001,0.6025248765945435,0.6025248765945435,0.6025248765945435
1002,0.6021912693977356,0.6021912693977356,0.6021912693977356
1003,0.6023140549659729,0.6023140549659729,0.6023140549659729
1005,0.6024574041366577,0.6024574041366577,0.6024574041366577
1008,0.6036061644554138,0.6036061644554138,0.6036061644554138
1009,0.6035928130149841,0.6035928130149841,0.6035928130149841
1010,0.603805661201477,0.603805661201477,0.603805661201477
1011,0.6039953231811523,0.6039953231811523,0.6039953231811523
1012,0.6036838293075562,0.6036838293075562,0.6036838293075562
1013,0.6038492321968079,0.6038492321968079,0.6038492321968079
1015,0.6044761538505554,0.6044761538505554,0.6044761538505554
1019,0.6037855744361877,0.6037855744361877,0.6037855744361877
1020,0.6033260822296143,0.6033260822296143,0.6033260822296143
1021,0.6032073497772217,0.6032073497772217,0.6032073497772217
1023,0.6031394004821777,0.6031394004821777,0.6031394004821777
1025,0.6033109426498413,0.6033109426498413,0.6033109426498413
1026,0.6038647294044495,0.6038647294044495,0.6038647294044495
1027,0.6041415333747864,0.6041415333747864,0.6041415333747864
1028,0.6041209697723389,0.6041209697723389,0.6041209697723389
1029,0.6042452454566956,0.6042452454566956,0.6042452454566956
1031,0.6048177480697632,0.6048177480697632,0.6048177480697632
1032,0.6046541929244995,0.6046541929244995,0.6046541929244995
1037,0.6051855087280273,0.6051855087280273,0.6051855087280273
1039,0.6054096817970276,0.6054096817970276,0.6054096817970276
1041,0.6067677736282349,0.6067677736282349,0.6067677736282349
1042,0.6073431968688965,0.6073431968688965,0.6073431968688965
1043,0.6076800227165222,0.6076800227165222,0.6076800227165222
1045,0.6085093021392822,0.6085093021392822,0.6085093021392822
1046,0.608259916305542,0.608259916305542,0.608259916305542
1049,0.608726978302002,0.608726978302002,0.608726978302002
1050,0.609132707118988,0.609132707118988,0.609132707118988
1054,0.6099141836166382,0.6099141836166382,0.6099141836166382
1055,0.6097888946533203,0.6097888946533203,0.6097888946533203
1056,0.6094270348548889,0.6094270348548889,0.6094270348548889
1057,0.6095867156982422,0.6095867156982422,0.6095867156982422
1059,0.6099262237548828,0.6099262237548828,0.6099262237548828
1061,0.609796404838562,0.609796404838562,0.609796404838562
1062,0.61002117395401,0.61002117395401,0.61002117395401
1063,0.6103196740150452,0.6103196740150452,0.6103196740150452
1065,0.6091701984405518,0.6091701984405518,0.6091701984405518
1066,0.6088283061981201,0.6088283061981201,0.6088283061981201
1067,0.6089071035385132,0.6089071035385132,0.6089071035385132
1069,0.6086872816085815,0.6086872816085815,0.6086872816085815
1071,0.608914852142334,0.608914852142334,0.608914852142334
1074,0.609124481678009,0.609124481678009,0.609124481678009
1075,0.6087830066680908,0.6087830066680908,0.6087830066680908
1079,0.6089267134666443,0.6089267134666443,0.6089267134666443
1082,0.6081008911132812,0.6081008911132812,0.6081008911132812
1085,0.6076467633247375,0.6076467633247375,0.6076467633247375
1086,0.6079484224319458,0.6079484224319458,0.6079484224319458
1088,0.6089428663253784,0.6089428663253784,0.6089428663253784
1091,0.6095460653305054,0.6095460653305054,0.6095460653305054
1092,0.6097825169563293,0.6097825169563293,0.6097825169563293
1096,0.6094144582748413,0.6094144582748413,0.6094144582748413
1097,0.609602689743042,0.609602689743042,0.609602689743042
1098,0.6096371412277222,0.6096371412277222,0.6096371412277222
1102,0.6089613437652588,0.6089613437652588,0.6089613437652588
1104,0.6083925366401672,0.6083925366401672,0.6083925366401672
1106,0.6085870265960693,0.6085870265960693,0.6085870265960693
1108,0.6087580919265747,0.6087580919265747,0.6087580919265747
1113,0.6090568900108337,0.6090568900108337,0.6090568900108337
1114,0.609019935131073,0.609019935131073,0.609019935131073
1115,0.6090452671051025,0.6090452671051025,0.6090452671051025
1116,0.6089298725128174,0.6089298725128174,0.6089298725128174
1117,0.6089223027229309,0.6089223027229309,0.6089223027229309
1121,0.6099624037742615,0.6099624037742615,0.6099624037742615
1123,0.6093735694885254,0.6093735694885254,0.6093735694885254
1125,0.6093971729278564,0.6093971729278564,0.6093971729278564
1128,0.6075754165649414,0.6075754165649414,0.6075754165649414
1129,0.6075023412704468,0.6075023412704468,0.6075023412704468
1130,0.607955276966095,0.607955276966095,0.607955276966095
1131,0.6083748936653137,0.6083748936653137,0.6083748936653137
1132,0.608573317527771,0.608573317527771,0.608573317527771
1133,0.6085558533668518,0.6085558533668518,0.6085558533668518
1136,0.6083464026451111,0.6083464026451111,0.6083464026451111
1137,0.6082194447517395,0.6082194447517395,0.6082194447517395
1138,0.6080739498138428,0.6080739498138428,0.6080739498138428
1140,0.6085622310638428,0.6085622310638428,0.6085622310638428
1141,0.609017014503479,0.609017014503479,0.609017014503479
1143,0.609839141368866,0.609839141368866,0.609839141368866
1145,0.6095457077026367,0.6095457077026367,0.6095457077026367
1146,0.6097120642662048,0.6097120642662048,0.6097120642662048
1148,0.6106482148170471,0.6106482148170471,0.6106482148170471
1150,0.6101241707801819,0.6101241707801819,0.6101241707801819
1153,0.6109260320663452,0.6109260320663452,0.6109260320663452
1154,0.6113454103469849,0.6113454103469849,0.6113454103469849
1155,0.6118935942649841,0.6118935942649841,0.6118935942649841
1156,0.6124849915504456,0.6124849915504456,0.6124849915504456
1159,0.6137317419052124,0.6137317419052124,0.6137317419052124
1160,0.6139757037162781,0.6139757037162781,0.6139757037162781
1164,0.6145779490470886,0.6145779490470886,0.6145779490470886
1165,0.6146464347839355,0.6146464347839355,0.6146464347839355
1166,0.6148383021354675,0.6148383021354675,0.6148383021354675
1167,0.6151543855667114,0.6151543855667114,0.6151543855667114
1168,0.6158178448677063,0.6158178448677063,0.6158178448677063
1173,0.6171254515647888,0.6171254515647888,0.6171254515647888
1174,0.6170628666877747,0.6170628666877747,0.6170628666877747
1178,0.6186713576316833,0.6186713576316833,0.6186713576316833
1181,0.6186800599098206,0.6186800599098206,0.6186800599098206
1183,0.6201205253601074,0.6201205253601074,0.6201205253601074
1184,0.6206004023551941,0.6206004023551941,0.6206004023551941
1186,0.6215333342552185,0.6215333342552185,0.6215333342552185
1187,0.6211001873016357,0.6211001873016357,0.6211001873016357
1192,0.6214489340782166,0.6214489340782166,0.6214489340782166
1194,0.6218008995056152,0.6218008995056152,0.6218008995056152
1195,0.6223869919776917,0.6223869919776917,0.6223869919776917
1199,0.6231421232223511,0.6231421232223511,0.6231421232223511
1201,0.6234685182571411,0.6234685182571411,0.6234685182571411
1203,0.6246427893638611,0.6246427893638611,0.6246427893638611
1205,0.6253859996795654,0.6253859996795654,0.6253859996795654
1208,0.6262325644493103,0.6262325644493103,0.6262325644493103
1210,0.6265212893486023,0.6265212893486023,0.6265212893486023
1212,0.6263501644134521,0.6263501644134521,0.6263501644134521
1213,0.6261804103851318,0.6261804103851318,0.6261804103851318
1217,0.6265544891357422,0.6265544891357422,0.6265544891357422
1218,0.6266583204269409,0.6266583204269409,0.6266583204269409
1219,0.6265950202941895,0.6265950202941895,0.6265950202941895
1220,0.6265905499458313,0.6265905499458313,0.6265905499458313
1223,0.6265292167663574,0.6265292167663574,0.6265292167663574
1225,0.6267392635345459,0.6267392635345459,0.6267392635345459
1226,0.6271216869354248,0.6271216869354248,0.6271216869354248
1229,0.626471757888794,0.626471757888794,0.626471757888794
1230,0.6268844604492188,0.6268844604492188,0.6268844604492188
1231,0.6274898052215576,0.6274898052215576,0.6274898052215576
1232,0.6282255053520203,0.6282255053520203,0.6282255053520203
1233,0.6288174390792847,0.6288174390792847,0.6288174390792847
1234,0.6287758946418762,0.6287758946418762,0.6287758946418762
1235,0.62897127866745,0.62897127866745,0.62897127866745
1236,0.6289892792701721,0.6289892792701721,0.6289892792701721
1237,0.6293663382530212,0.6293663382530212,0.6293663382530212
1239,0.6295713186264038,0.6295713186264038,0.6295713186264038
1240,0.6293811798095703,0.6293811798095703,0.6293811798095703
1244,0.6296095252037048,0.6296095252037048,0.6296095252037048
1247,0.62917560338974,0.62917560338974,0.62917560338974
1248,0.6291000247001648,0.6291000247001648,0.6291000247001648
1252,0.6294775605201721,0.6294775605201721,0.6294775605201721
1253,0.6297407150268555,0.6297407150268555,0.6297407150268555
1256,0.6310802102088928,0.6310802102088928,0.6310802102088928
1259,0.6313355565071106,0.6313355565071106,0.6313355565071106
1260,0.6312286257743835,0.6312286257743835,0.6312286257743835
1262,0.6315360069274902,0.6315360069274902,0.6315360069274902
1263,0.6311932802200317,0.6311932802200317,0.6311932802200317
1266,0.6308081150054932,0.6308081150054932,0.6308081150054932
1269,0.6300941109657288,0.6300941109657288,0.6300941109657288
1270,0.6298944354057312,0.6298944354057312,0.6298944354057312
1272,0.6307505369186401,0.6307505369186401,0.6307505369186401
1274,0.6313075423240662,0.6313075423240662,0.6313075423240662
1279,0.6314229965209961,0.6314229965209961,0.6314229965209961
1280,0.6313614249229431,0.6313614249229431,0.6313614249229431
1281,0.6319640874862671,0.6319640874862671,0.6319640874862671
1284,0.6325502395629883,0.6325502395629883,0.6325502395629883
1285,0.6332257390022278,0.6332257390022278,0.6332257390022278
1286,0.6335327625274658,0.6335327625274658,0.6335327625274658
1287,0.6336113214492798,0.6336113214492798,0.6336113214492798
1288,0.6337758898735046,0.6337758898735046,0.6337758898735046
1289,0.634075939655304,0.634075939655304,0.634075939655304
1291,0.6342267990112305,0.6342267990112305,0.6342267990112305
1292,0.6338558793067932,0.6338558793067932,0.6338558793067932
1294,0.6330726146697998,0.6330726146697998,0.6330726146697998
1295,0.632824182510376,0.632824182510376,0.632824182510376
1297,0.6332628130912781,0.6332628130912781,0.6332628130912781
1299,0.6338825225830078,0.6338825225830078,0.6338825225830078
1302,0.633938193321228,0.633938193321228,0.633938193321228
1305,0.6348913311958313,0.6348913311958313,0.6348913311958313
1306,0.6352385878562927,0.6352385878562927,0.6352385878562927
1311,0.6368717551231384,0.6368717551231384,0.6368717551231384
1312,0.637470543384552,0.637470543384552,0.637470543384552
1313,0.6382836699485779,0.6382836699485779,0.6382836699485779
1314,0.6386551856994629,0.6386551856994629,0.6386551856994629
1316,0.6388893723487854,0.6388893723487854,0.6388893723487854
1321,0.6380444765090942,0.6380444765090942,0.6380444765090942
1323,0.6384397745132446,0.6384397745132446,0.6384397745132446
1324,0.6385972499847412,0.6385972499847412,0.6385972499847412
1325,0.6388415098190308,0.6388415098190308,0.6388415098190308
1326,0.6389540433883667,0.6389540433883667,0.6389540433883667
1327,0.6386140584945679,0.6386140584945679,0.6386140584945679
1328,0.6386700868606567,0.6386700868606567,0.6386700868606567
1331,0.6384599804878235,0.6384599804878235,0.6384599804878235
1332,0.6381417512893677,0.6381417512893677,0.6381417512893677
1333,0.6380921006202698,0.6380921006202698,0.6380921006202698
1334,0.6381791234016418,0.6381791234016418,0.6381791234016418
1341,0.6368368268013,0.6368368268013,0.6368368268013
1343,0.6367112398147583,0.6367112398147583,0.6367112398147583
1344,0.6360228061676025,0.6360228061676025,0.6360228061676025
1347,0.6365748643875122,0.6365748643875122,0.6365748643875122
1349,0.6374472379684448,0.6374472379684448,0.6374472379684448
1350,0.6379162669181824,0.6379162669181824,0.6379162669181824
1351,0.6377803087234497,0.6377803087234497,0.6377803087234497
1352,0.6374893188476562,0.6374893188476562,0.6374893188476562
1353,0.6374005079269409,0.6374005079269409,0.6374005079269409
1354,0.6376394033432007,0.6376394033432007,0.6376394033432007
1360,0.6380130648612976,0.6380130648612976,0.6380130648612976
1361,0.6385132670402527,0.6385132670402527,0.6385132670402527
1363,0.6401301026344299,0.6401301026344299,0.6401301026344299
1364,0.6402785181999207,0.6402785181999207,0.6402785181999207
1365,0.6403346061706543,0.6403346061706543,0.6403346061706543
1367,0.6395404934883118,0.6395404934883118,0.6395404934883118
1368,0.6392160654067993,0.6392160654067993,0.6392160654067993
1369,0.6388768553733826,0.6388768553733826,0.6388768553733826
1370,0.6390058398246765,0.6390058398246765,0.6390058398246765
1371,0.6396101117134094,0.6396101117134094,0.6396101117134094
1374,0.640144944190979,0.640144944190979,0.640144944190979
1378,0.6408895254135132,0.6408895254135132,0.6408895254135132
1379,0.6408061385154724,0.6408061385154724,0.6408061385154724
1386,0.6416657567024231,0.6416657567024231,0.6416657567024231
1387,0.6417794227600098,0.6417794227600098,0.6417794227600098
1392,0.6412861347198486,0.6412861347198486,0.6412861347198486
1393,0.6409317255020142,0.6409317255020142,0.6409317255020142
1395,0.6407935619354248,0.6407935619354248,0.6407935619354248
1396,0.640757143497467,0.640757143497467,0.640757143497467
1397,0.6408491134643555,0.6408491134643555,0.6408491134643555
1398,0.6408318877220154,0.6408318877220154,0.6408318877220154
1399,0.6408834457397461,0.6408834457397461,0.6408834457397461
1404,0.6406813263893127,0.6406813263893127,0.6406813263893127
1405,0.640718936920166,0.640718936920166,0.640718936920166
1406,0.6406457424163818,0.6406457424163818,0.6406457424163818
1407,0.6408051252365112,0.6408051252365112,0.6408051252365112
1409,0.6396577954292297,0.6396577954292297,0.6396577954292297
1411,0.6396379470825195,0.6396379470825195,0.6396379470825195
1414,0.6389274597167969,0.6389274597167969,0.6389274597167969
1418,0.6390964984893799,0.6390964984893799,0.6390964984893799
1419,0.6392083168029785,0.6392083168029785,0.6392083168029785
1421,0.6398314833641052,0.6398314833641052,0.6398314833641052
1425,0.6382566094398499,0.6382566094398499,0.6382566094398499
1426,0.638410210609436,0.638410210609436,0.638410210609436
1429,0.6388224363327026,0.6388224363327026,0.6388224363327026
1430,0.6387658715248108,0.6387658715248108,0.6387658715248108
1434,0.6404010057449341,0.6404010057449341,0.6404010057449341
1436,0.6400909423828125,0.6400909423828125,0.6400909423828125
1437,0.6400536894798279,0.6400536894798279,0.6400536894798279
1441,0.6401216387748718,0.6401216387748718,0.6401216387748718
1442,0.63961261510849,0.63961261510849,0.63961261510849
1445,0.6386590003967285,0.6386590003967285,0.6386590003967285
1447,0.6385188698768616,0.6385188698768616,0.6385188698768616
1448,0.6386553645133972,0.6386553645133972,0.6386553645133972
1449,0.6392178535461426,0.6392178535461426,0.6392178535461426
1450,0.6398382186889648,0.6398382186889648,0.6398382186889648
1453,0.6392789483070374,0.6392789483070374,0.6392789483070374
1458,0.6403813362121582,0.6403813362121582,0.6403813362121582
1459,0.6401292085647583,0.6401292085647583,0.6401292085647583
1460,0.6400479674339294,0.6400479674339294,0.6400479674339294
1462,0.6400454044342041,0.6400454044342041,0.6400454044342041
1465,0.6397332549095154,0.6397332549095154,0.6397332549095154
1466,0.6399403214454651,0.6399403214454651,0.6399403214454651
1467,0.6402726173400879,0.6402726173400879,0.6402726173400879
1469,0.6402294039726257,0.6402294039726257,0.6402294039726257
1471,0.6403427124023438,0.6403427124023438,0.6403427124023438
1473,0.6401886940002441,0.6401886940002441,0.6401886940002441
1475,0.6408339142799377,0.6408339142799377,0.6408339142799377
1478,0.6404381990432739,0.6404381990432739,0.6404381990432739
1480,0.6403531432151794,0.6403531432151794,0.6403531432151794
1481,0.640699565410614,0.640699565410614,0.640699565410614
1483,0.6412036418914795,0.6412036418914795,0.6412036418914795
1486,0.6420355439186096,0.6420355439186096,0.6420355439186096
1487,0.6422862410545349,0.6422862410545349,0.6422862410545349
1488,0.6423965096473694,0.6423965096473694,0.6423965096473694
1489,0.6423287987709045,0.6423287987709045,0.6423287987709045
1491,0.6424123048782349,0.6424123048782349,0.6424123048782349
1495,0.6415508985519409,0.6415508985519409,0.6415508985519409
1497,0.6419567465782166,0.6419567465782166,0.6419567465782166
1501,0.6403753161430359,0.6403753161430359,0.6403753161430359
1502,0.6403452157974243,0.6403452157974243,0.6403452157974243
1506,0.6397531628608704,0.6397531628608704,0.6397531628608704
1508,0.6400590538978577,0.6400590538978577,0.6400590538978577
1509,0.6400290727615356,0.6400290727615356,0.6400290727615356
1510,0.6399737000465393,0.6399737000465393,0.6399737000465393
1512,0.6394163370132446,0.6394163370132446,0.6394163370132446
1513,0.6387864351272583,0.6387864351272583,0.6387864351272583
1517,0.6388108730316162,0.6388108730316162,0.6388108730316162
1519,0.6388605833053589,0.6388605833053589,0.6388605833053589
1526,0.638601541519165,0.638601541519165,0.638601541519165
1530,0.6382537484169006,0.6382537484169006,0.6382537484169006
1532,0.6376734972000122,0.6376734972000122,0.6376734972000122
1533,0.637569010257721,0.637569010257721,0.637569010257721
1536,0.6380571126937866,0.6380571126937866,0.6380571126937866
1538,0.6386702656745911,0.6386702656745911,0.6386702656745911
1540,0.6389943957328796,0.6389943957328796,0.6389943957328796
1541,0.6389356255531311,0.6389356255531311,0.6389356255531311
1542,0.6386836767196655,0.6386836767196655,0.6386836767196655
1544,0.6382156014442444,0.6382156014442444,0.6382156014442444
1546,0.6381697058677673,0.6381697058677673,0.6381697058677673
1547,0.6381407380104065,0.6381407380104065,0.6381407380104065
1548,0.6383615732192993,0.6383615732192993,0.6383615732192993
1549,0.6384437680244446,0.6384437680244446,0.6384437680244446
1550,0.6384816765785217,0.6384816765785217,0.6384816765785217
1551,0.6382994651794434,0.6382994651794434,0.6382994651794434
1552,0.6380982398986816,0.6380982398986816,0.6380982398986816
1553,0.6382020711898804,0.6382020711898804,0.6382020711898804
1554,0.6383784413337708,0.6383784413337708,0.6383784413337708
1556,0.6385878324508667,0.6385878324508667,0.6385878324508667
1557,0.6384757161140442,0.6384757161140442,0.6384757161140442
1559,0.6381636261940002,0.6381636261940002,0.6381636261940002
1561,0.6386451721191406,0.6386451721191406,0.6386451721191406
1562,0.6391246914863586,0.6391246914863586,0.6391246914863586
1564,0.6389755010604858,0.6389755010604858,0.6389755010604858
1566,0.6402477025985718,0.6402477025985718,0.6402477025985718
1568,0.6404497027397156,0.6404497027397156,0.6404497027397156
1569,0.6401428580284119,0.6401428580284119,0.6401428580284119
1570,0.6396631002426147,0.6396631002426147,0.6396631002426147
1573,0.6395202875137329,0.6395202875137329,0.6395202875137329
1575,0.6382983922958374,0.6382983922958374,0.6382983922958374
1576,0.6382251977920532,0.6382251977920532,0.6382251977920532
1577,0.638540506362915,0.638540506362915,0.638540506362915
1578,0.6388422250747681,0.6388422250747681,0.6388422250747681
1579,0.6389318108558655,0.6389318108558655,0.6389318108558655
1584,0.6383012533187866,0.6383012533187866,0.6383012533187866
1586,0.6389109492301941,0.6389109492301941,0.6389109492301941
1589,0.6388612389564514,0.6388612389564514,0.6388612389564514
1590,0.638997495174408,0.638997495174408,0.638997495174408
1593,0.6398863196372986,0.6398863196372986,0.6398863196372986
1597,0.6390055418014526,0.6390055418014526,0.6390055418014526
1599,0.6391679048538208,0.6391679048538208,0.6391679048538208
1601,0.6400057673454285,0.6400057673454285,0.6400057673454285
1603,0.639860212802887,0.639860212802887,0.639860212802887
1604,0.6398767232894897,0.6398767232894897,0.6398767232894897
1605,0.6397572755813599,0.6397572755813599,0.6397572755813599
1608,0.6396616697311401,0.6396616697311401,0.6396616697311401
1609,0.6390302181243896,0.6390302181243896,0.6390302181243896
1611,0.6378700137138367,0.6378700137138367,0.6378700137138367
1614,0.6379897594451904,0.6379897594451904,0.6379897594451904
1616,0.6381435990333557,0.6381435990333557,0.6381435990333557
1617,0.6379950642585754,0.6379950642585754,0.6379950642585754
1618,0.6375240087509155,0.6375240087509155,0.6375240087509155
1619,0.6369908452033997,0.6369908452033997,0.6369908452033997
1621,0.6365718245506287,0.6365718245506287,0.6365718245506287
1623,0.6363515853881836,0.6363515853881836,0.6363515853881836
1624,0.6367995142936707,0.6367995142936707,0.6367995142936707
1628,0.6377310156822205,0.6377310156822205,0.6377310156822205
1629,0.6381083726882935,0.6381083726882935,0.6381083726882935
1631,0.6381356120109558,0.6381356120109558,0.6381356120109558
1632,0.6380404233932495,0.6380404233932495,0.6380404233932495
1633,0.638231635093689,0.638231635093689,0.638231635093689
1634,0.638746976852417,0.638746976852417,0.638746976852417
1636,0.638319730758667,0.638319730758667,0.638319730758667
1637,0.6378852128982544,0.6378852128982544,0.6378852128982544
1638,0.6374648213386536,0.6374648213386536,0.6374648213386536
1639,0.6371687054634094,0.6371687054634094,0.6371687054634094
1642,0.6365151405334473,0.6365151405334473,0.6365151405334473
1643,0.6364777684211731,0.6364777684211731,0.6364777684211731
1644,0.6360688805580139,0.6360688805580139,0.6360688805580139
1645,0.6357003450393677,0.6357003450393677,0.6357003450393677
1647,0.6353041529655457,0.6353041529655457,0.6353041529655457
1648,0.635631263256073,0.635631263256073,0.635631263256073
1649,0.6361324191093445,0.6361324191093445,0.6361324191093445
1651,0.6363645792007446,0.6363645792007446,0.6363645792007446
1652,0.6358675360679626,0.6358675360679626,0.6358675360679626
1653,0.6353682279586792,0.6353682279586792,0.6353682279586792
1658,0.6339696645736694,0.6339696645736694,0.6339696645736694
1659,0.6339751482009888,0.6339751482009888,0.6339751482009888
1664,0.6356355547904968,0.6356355547904968,0.6356355547904968
1666,0.6358305811882019,0.6358305811882019,0.6358305811882019
1670,0.6357171535491943,0.6357171535491943,0.6357171535491943
1671,0.6352503299713135,0.6352503299713135,0.6352503299713135
1673,0.63576340675354,0.63576340675354,0.63576340675354
1674,0.6359575390815735,0.6359575390815735,0.6359575390815735
1676,0.6360861659049988,0.6360861659049988,0.6360861659049988
1678,0.6359984874725342,0.6359984874725342,0.6359984874725342
1680,0.6368619203567505,0.6368619203567505,0.6368619203567505
1681,0.637047290802002,0.637047290802002,0.637047290802002
1683,0.6368109583854675,0.6368109583854675,0.6368109583854675
1685,0.6370581388473511,0.6370581388473511,0.6370581388473511
1687,0.6367582678794861,0.6367582678794861,0.6367582678794861
1689,0.6362208724021912,0.6362208724021912,0.6362208724021912
1691,0.6356549859046936,0.6356549859046936,0.6356549859046936
1692,0.6357673406600952,0.6357673406600952,0.6357673406600952
1693,0.6356145739555359,0.6356145739555359,0.6356145739555359
1694,0.6356783509254456,0.6356783509254456,0.6356783509254456
1696,0.635374128818512,0.635374128818512,0.635374128818512
1699,0.6347777843475342,0.6347777843475342,0.6347777843475342
1701,0.6346521377563477,0.6346521377563477,0.6346521377563477
1703,0.6336365938186646,0.6336365938186646,0.6336365938186646
1704,0.6336655616760254,0.6336655616760254,0.6336655616760254
1706,0.6335276961326599,0.6335276961326599,0.6335276961326599
1708,0.6333255767822266,0.6333255767822266,0.6333255767822266
1710,0.6328078508377075,0.6328078508377075,0.6328078508377075
1712,0.6330746412277222,0.6330746412277222,0.6330746412277222
1713,0.6328603625297546,0.6328603625297546,0.6328603625297546
1714,0.6328136324882507,0.6328136324882507,0.6328136324882507
1715,0.6327314972877502,0.6327314972877502,0.6327314972877502
1717,0.6321588754653931,0.6321588754653931,0.6321588754653931
1718,0.6322523355484009,0.6322523355484009,0.6322523355484009
1719,0.6324999332427979,0.6324999332427979,0.6324999332427979
1721,0.6317424178123474,0.6317424178123474,0.6317424178123474
1723,0.6305617690086365,0.6305617690086365,0.6305617690086365
1724,0.6306400895118713,0.6306400895118713,0.6306400895118713
1725,0.6304382085800171,0.6304382085800171,0.6304382085800171
1726,0.6303927898406982,0.6303927898406982,0.6303927898406982
1727,0.6304606199264526,0.6304606199264526,0.6304606199264526
1728,0.6305767893791199,0.6305767893791199,0.6305767893791199
1731,0.6299680471420288,0.6299680471420288,0.6299680471420288
1733,0.6296309232711792,0.6296309232711792,0.6296309232711792
1735,0.6290321946144104,0.6290321946144104,0.6290321946144104
1738,0.6289453506469727,0.6289453506469727,0.6289453506469727
1739,0.6287741661071777,0.6287741661071777,0.6287741661071777
1742,0.6287376880645752,0.6287376880645752,0.6287376880645752
1751,0.6277682781219482,0.6277682781219482,0.6277682781219482
1753,0.6274008750915527,0.6274008750915527,0.6274008750915527
1754,0.6268897652626038,0.6268897652626038,0.6268897652626038
1755,0.6271993517875671,0.6271993517875671,0.6271993517875671
1761,0.6278772950172424,0.6278772950172424,0.6278772950172424
1762,0.6276917457580566,0.6276917457580566,0.6276917457580566
1763,0.6276386976242065,0.6276386976242065,0.6276386976242065
1764,0.6278109550476074,0.6278109550476074,0.6278109550476074
1768,0.6292273998260498,0.6292273998260498,0.6292273998260498
1769,0.6291930675506592,0.6291930675506592,0.6291930675506592
1770,0.6293557286262512,0.6293557286262512,0.6293557286262512
1771,0.6293997168540955,0.6293997168540955,0.6293997168540955
1774,0.630045473575592,0.630045473575592,0.630045473575592
1780,0.6313109993934631,0.6313109993934631,0.6313109993934631
1781,0.6311713457107544,0.6311713457107544,0.6311713457107544
1782,0.6311693787574768,0.6311693787574768,0.6311693787574768
1783,0.6311804056167603,0.6311804056167603,0.6311804056167603
1784,0.6313979029655457,0.6313979029655457,0.6313979029655457
1786,0.6315648555755615,0.6315648555755615,0.6315648555755615
1789,0.6314425468444824,0.6314425468444824,0.6314425468444824
1791,0.6308437585830688,0.6308437585830688,0.6308437585830688
1792,0.6304510831832886,0.6304510831832886,0.6304510831832886
1793,0.6300374865531921,0.6300374865531921,0.6300374865531921
1794,0.6299406290054321,0.6299406290054321,0.6299406290054321
1795,0.6299867630004883,0.6299867630004883,0.6299867630004883
1797,0.6300106048583984,0.6300106048583984,0.6300106048583984
1799,0.6290119886398315,0.6290119886398315,0.6290119886398315
1801,0.6290236115455627,0.6290236115455627,0.6290236115455627
1802,0.6291834712028503,0.6291834712028503,0.6291834712028503
1803,0.6291729807853699,0.6291729807853699,0.6291729807853699
1804,0.6293697953224182,0.6293697953224182,0.6293697953224182
1805,0.6296111941337585,0.6296111941337585,0.6296111941337585
1806,0.6303728222846985,0.6303728222846985,0.6303728222846985
1807,0.6305197477340698,0.6305197477340698,0.6305197477340698
1809,0.6299932599067688,0.6299932599067688,0.6299932599067688
1810,0.6296209692955017,0.6296209692955017,0.6296209692955017
1811,0.6292125582695007,0.6292125582695007,0.6292125582695007
1813,0.6288589239120483,0.6288589239120483,0.6288589239120483
1814,0.6296601891517639,0.6296601891517639,0.6296601891517639
1815,0.6300788521766663,0.6300788521766663,0.6300788521766663
1820,0.6292954683303833,0.6292954683303833,0.6292954683303833
1821,0.6293484568595886,0.6293484568595886,0.6293484568595886
1822,0.629310131072998,0.629310131072998,0.629310131072998
1823,0.6292020678520203,0.6292020678520203,0.6292020678520203
1824,0.6292621493339539,0.6292621493339539,0.6292621493339539
1825,0.6290233731269836,0.6290233731269836,0.6290233731269836
1829,0.6280907392501831,0.6280907392501831,0.6280907392501831
1831,0.6275806427001953,0.6275806427001953,0.6275806427001953
1833,0.6270738840103149,0.6270738840103149,0.6270738840103149
1834,0.626652181148529,0.626652181148529,0.626652181148529
1835,0.6262762546539307,0.6262762546539307,0.6262762546539307
1837,0.626265823841095,0.626265823841095,0.626265823841095
1838,0.6267392635345459,0.6267392635345459,0.6267392635345459
1839,0.6267457604408264,0.6267457604408264,0.6267457604408264
1840,0.6269233226776123,0.6269233226776123,0.6269233226776123
1841,0.6271364092826843,0.6271364092826843,0.6271364092826843
1844,0.6263623833656311,0.6263623833656311,0.6263623833656311
1846,0.6267390847206116,0.6267390847206116,0.6267390847206116
1847,0.6269239187240601,0.6269239187240601,0.6269239187240601
1852,0.6260095834732056,0.6260095834732056,0.6260095834732056
1856,0.6272612810134888,0.6272612810134888,0.6272612810134888
1857,0.6275045871734619,0.6275045871734619,0.6275045871734619
1860,0.6270398497581482,0.6270398497581482,0.6270398497581482
1861,0.6270482540130615,0.6270482540130615,0.6270482540130615
1862,0.6267575621604919,0.6267575621604919,0.6267575621604919
1863,0.6267852187156677,0.6267852187156677,0.6267852187156677
1866,0.6276906728744507,0.6276906728744507,0.6276906728744507
1868,0.6276929974555969,0.6276929974555969,0.6276929974555969
1870,0.6274504661560059,0.6274504661560059,0.6274504661560059
1873,0.6289670467376709,0.6289670467376709,0.6289670467376709
1874,0.6290772557258606,0.6290772557258606,0.6290772557258606
1875,0.628752589225769,0.628752589225769,0.628752589225769
1876,0.6289159655570984,0.6289159655570984,0.6289159655570984
1878,0.6284105777740479,0.6284105777740479,0.6284105777740479
1879,0.6281067132949829,0.6281067132949829,0.6281067132949829
1881,0.6281898021697998,0.6281898021697998,0.6281898021697998
1883,0.628498911857605,0.628498911857605,0.628498911857605
1884,0.628131628036499,0.628131628036499,0.628131628036499
1889,0.6297507882118225,0.6297507882118225,0.6297507882118225
1890,0.6302778720855713,0.6302778720855713,0.6302778720855713
1893,0.6312214136123657,0.6312214136123657,0.6312214136123657
1894,0.631247341632843,0.631247341632843,0.631247341632843
1898,0.6313323378562927,0.6313323378562927,0.6313323378562927
1900,0.6315193176269531,0.6315193176269531,0.6315193176269531
1904,0.6312850713729858,0.6312850713729858,0.6312850713729858
1906,0.6307257413864136,0.6307257413864136,0.6307257413864136
1908,0.6310537457466125,0.6310537457466125,0.6310537457466125
1909,0.6315680146217346,0.6315680146217346,0.6315680146217346
1911,0.631239652633667,0.631239652633667,0.631239652633667
1914,0.6310876607894897,0.6310876607894897,0.6310876607894897
1925,0.6294515132904053,0.6294515132904053,0.6294515132904053
1926,0.6289559006690979,0.6289559006690979,0.6289559006690979
1928,0.6279047131538391,0.6279047131538391,0.6279047131538391
1929,0.6280429363250732,0.6280429363250732,0.6280429363250732
1930,0.6277162432670593,0.6277162432670593,0.6277162432670593
1934,0.6272097229957581,0.6272097229957581,0.6272097229957581
1940,0.6266732215881348,0.6266732215881348,0.6266732215881348
1942,0.6274120807647705,0.6274120807647705,0.6274120807647705
1945,0.6267803907394409,0.6267803907394409,0.6267803907394409
1946,0.6264636516571045,0.6264636516571045,0.6264636516571045
1947,0.6261045932769775,0.6261045932769775,0.6261045932769775
1948,0.6259018778800964,0.6259018778800964,0.6259018778800964
1949,0.6257528066635132,0.6257528066635132,0.6257528066635132
1950,0.6254032850265503,0.6254032850265503,0.6254032850265503
1952,0.625357985496521,0.625357985496521,0.625357985496521
1955,0.6255383491516113,0.6255383491516113,0.6255383491516113
1957,0.6251498460769653,0.6251498460769653,0.6251498460769653
1960,0.6236982345581055,0.6236982345581055,0.6236982345581055
1961,0.6233066320419312,0.6233066320419312,0.6233066320419312
1967,0.6237133741378784,0.6237133741378784,0.6237133741378784
1971,0.6241827607154846,0.6241827607154846,0.6241827607154846
1973,0.6232637763023376,0.6232637763023376,0.6232637763023376
1976,0.6222418546676636,0.6222418546676636,0.6222418546676636
1978,0.6226664185523987,0.6226664185523987,0.6226664185523987
1980,0.6227868795394897,0.6227868795394897,0.6227868795394897
1983,0.6231768131256104,0.6231768131256104,0.6231768131256104
1984,0.622780442237854,0.622780442237854,0.622780442237854
1986,0.6227309107780457,0.6227309107780457,0.6227309107780457
1991,0.6218247413635254,0.6218247413635254,0.6218247413635254
1992,0.6215667724609375,0.6215667724609375,0.6215667724609375
1995,0.6211722493171692,0.6211722493171692,0.6211722493171692
1998,0.6209041476249695,0.6209041476249695,0.6209041476249695
2000,0.620965301990509,0.620965301990509,0.620965301990509
2001,0.6203986406326294,0.6203986406326294,0.6203986406326294
2003,0.6195663213729858,0.6195663213729858,0.6195663213729858
2006,0.6179512739181519,0.6179512739181519,0.6179512739181519
2007,0.6179507374763489,0.6179507374763489,0.6179507374763489
2008,0.6181381344795227,0.6181381344795227,0.6181381344795227
2009,0.6181857585906982,0.6181857585906982,0.6181857585906982
2011,0.6182321310043335,0.6182321310043335,0.6182321310043335
2012,0.6187285780906677,0.6187285780906677,0.6187285780906677
2013,0.6190799474716187,0.6190799474716187,0.6190799474716187
2015,0.6191554665565491,0.6191554665565491,0.6191554665565491
2017,0.6190439462661743,0.6190439462661743,0.6190439462661743
2021,0.6186534762382507,0.6186534762382507,0.6186534762382507
2022,0.6185092926025391,0.6185092926025391,0.6185092926025391
2025,0.618792712688446,0.618792712688446,0.618792712688446
2026,0.6185116767883301,0.6185116767883301,0.6185116767883301
2027,0.6181551218032837,0.6181551218032837,0.6181551218032837
2029,0.6183560490608215,0.6183560490608215,0.6183560490608215
2031,0.6190587282180786,0.6190587282180786,0.6190587282180786
2034,0.6185535192489624,0.6185535192489624,0.6185535192489624
2035,0.6185264587402344,0.6185264587402344,0.6185264587402344
2036,0.6187313199043274,0.6187313199043274,0.6187313199043274
2038,0.6195432543754578,0.6195432543754578,0.6195432543754578
2040,0.6208420395851135,0.6208420395851135,0.6208420395851135
2042,0.6201959848403931,0.6201959848403931,0.6201959848403931
2043,0.62007737159729,0.62007737159729,0.62007737159729
2044,0.6198604702949524,0.6198604702949524,0.6198604702949524
2047,0.6208232045173645,0.6208232045173645,0.6208232045173645
2048,0.6214038133621216,0.6214038133621216,0.6214038133621216
2049,0.6220146417617798,0.6220146417617798,0.6220146417617798
2050,0.6221062541007996,0.6221062541007996,0.6221062541007996
2056,0.621326208114624,0.621326208114624,0.621326208114624
2061,0.6204724907875061,0.6204724907875061,0.6204724907875061
2064,0.6203712821006775,0.6203712821006775,0.6203712821006775
2065,0.6204055547714233,0.6204055547714233,0.6204055547714233
2068,0.6198458671569824,0.6198458671569824,0.6198458671569824
2069,0.6199044585227966,0.6199044585227966,0.6199044585227966
2071,0.6197115778923035,0.6197115778923035,0.6197115778923035
2074,0.6191232800483704,0.6191232800483704,0.6191232800483704
2075,0.6183340549468994,0.6183340549468994,0.6183340549468994
2077,0.6183485388755798,0.6183485388755798,0.6183485388755798
2078,0.618375301361084,0.618375301361084,0.618375301361084
2081,0.6195192933082581,0.6195192933082581,0.6195192933082581
2083,0.6195125579833984,0.6195125579833984,0.6195125579833984
2086,0.619215190410614,0.619215190410614,0.619215190410614
2089,0.6195094585418701,0.6195094585418701,0.6195094585418701
2090,0.61961829662323,0.61961829662323,0.61961829662323
2091,0.6192319989204407,0.6192319989204407,0.6192319989204407
2093,0.6184347867965698,0.6184347867965698,0.6184347867965698
2094,0.6182486414909363,0.6182486414909363,0.6182486414909363
2097,0.6193402409553528,0.6193402409553528,0.6193402409553528
2099,0.6195411682128906,0.6195411682128906,0.6195411682128906
2101,0.619003176689148,0.619003176689148,0.619003176689148
2102,0.6196280121803284,0.6196280121803284,0.6196280121803284
2103,0.6199499368667603,0.6199499368667603,0.6199499368667603
2105,0.6195470094680786,0.6195470094680786,0.6195470094680786
2106,0.6191676259040833,0.6191676259040833,0.6191676259040833
2107,0.6188515424728394,0.6188515424728394,0.6188515424728394
2111,0.6183268427848816,0.6183268427848816,0.6183268427848816
2112,0.6181894540786743,0.6181894540786743,0.6181894540786743
2113,0.6181795597076416,0.6181795597076416,0.6181795597076416
2116,0.617583155632019,0.617583155632019,0.617583155632019
2118,0.6176660656929016,0.6176660656929016,0.6176660656929016
2120,0.6178509593009949,0.6178509593009949,0.6178509593009949
2121,0.6181104779243469,0.6181104779243469,0.6181104779243469
2122,0.6187030076980591,0.6187030076980591,0.6187030076980591
2125,0.6197521090507507,0.6197521090507507,0.6197521090507507
2131,0.6189018487930298,0.6189018487930298,0.6189018487930298
2132,0.6188138127326965,0.6188138127326965,0.6188138127326965
2134,0.6189977526664734,0.6189977526664734,0.6189977526664734
2135,0.618617594242096,0.618617594242096,0.618617594242096
2136,0.6185685396194458,0.6185685396194458,0.6185685396194458
2137,0.6187699437141418,0.6187699437141418,0.6187699437141418
2138,0.618815541267395,0.618815541267395,0.618815541267395
2139,0.6189154982566833,0.6189154982566833,0.6189154982566833
2142,0.6192920207977295,0.6192920207977295,0.6192920207977295
2144,0.6184369921684265,0.6184369921684265,0.6184369921684265
2145,0.6184764504432678,0.6184764504432678,0.6184764504432678
2147,0.6189557313919067,0.6189557313919067,0.6189557313919067
2151,0.6186766028404236,0.6186766028404236,0.6186766028404236
2153,0.619935154914856,0.619935154914856,0.619935154914856
2154,0.6201645135879517,0.6201645135879517,0.6201645135879517
2157,0.6214041709899902,0.6214041709899902,0.6214041709899902
2159,0.621739387512207,0.621739387512207,0.621739387512207
2160,0.6216555237770081,0.6216555237770081,0.6216555237770081
2161,0.6216755509376526,0.6216755509376526,0.6216755509376526
2163,0.6218376755714417,0.6218376755714417,0.6218376755714417
2165,0.6216612458229065,0.6216612458229065,0.6216612458229065
2166,0.6212486028671265,0.6212486028671265,0.6212486028671265
2167,0.6208621263504028,0.6208621263504028,0.6208621263504028
2168,0.6206400990486145,0.6206400990486145,0.6206400990486145
2169,0.620295524597168,0.620295524597168,0.620295524597168
2172,0.6191256642341614,0.6191256642341614,0.6191256642341614
2174,0.6186909079551697,0.6186909079551697,0.6186909079551697
2179,0.6192781925201416,0.6192781925201416,0.6192781925201416
2181,0.6198721528053284,0.6198721528053284,0.6198721528053284
2183,0.620011568069458,0.620011568069458,0.620011568069458
2184,0.620304524898529,0.620304524898529,0.620304524898529
2185,0.6202358603477478,0.6202358603477478,0.6202358603477478
2186,0.6204103827476501,0.6204103827476501,0.6204103827476501
2188,0.6213300824165344,0.6213300824165344,0.6213300824165344
2189,0.6220452189445496,0.6220452189445496,0.6220452189445496
2190,0.6219591498374939,0.6219591498374939,0.6219591498374939
2193,0.6211171746253967,0.6211171746253967,0.6211171746253967
2194,0.6210451126098633,0.6210451126098633,0.6210451126098633
2195,0.6212770342826843,0.6212770342826843,0.6212770342826843
2198,0.6225578188896179,0.6225578188896179,0.6225578188896179
2199,0.6222745776176453,0.6222745776176453,0.6222745776176453
2200,0.6223503947257996,0.6223503947257996,0.6223503947257996
2201,0.6224327087402344,0.6224327087402344,0.6224327087402344
2202,0.6221654415130615,0.6221654415130615,0.6221654415130615
2204,0.6214742064476013,0.6214742064476013,0.6214742064476013
2208,0.6199581623077393,0.6199581623077393,0.6199581623077393
2209,0.6195290684700012,0.6195290684700012,0.6195290684700012
2210,0.619281530380249,0.619281530380249,0.619281530380249
2213,0.6197675466537476,0.6197675466537476,0.6197675466537476
2214,0.620296061038971,0.620296061038971,0.620296061038971
2218,0.6190658211708069,0.6190658211708069,0.6190658211708069
2220,0.6194243431091309,0.6194243431091309,0.6194243431091309
2221,0.6203601956367493,0.6203601956367493,0.6203601956367493
2222,0.6206293106079102,0.6206293106079102,0.6206293106079102
2224,0.6207484602928162,0.6207484602928162,0.6207484602928162
2233,0.6186962127685547,0.6186962127685547,0.6186962127685547
2234,0.6185950636863708,0.6185950636863708,0.6185950636863708
2239,0.6172278523445129,0.6172278523445129,0.6172278523445129
2244,0.6171793937683105,0.6171793937683105,0.6171793937683105
2248,0.6174643039703369,0.6174643039703369,0.6174643039703369
2249,0.617470383644104,0.617470383644104,0.617470383644104
2250,0.6175596117973328,0.6175596117973328,0.6175596117973328
2253,0.6178585886955261,0.6178585886955261,0.6178585886955261
2258,0.6178556680679321,0.6178556680679321,0.6178556680679321
2259,0.6177216172218323,0.6177216172218323,0.6177216172218323
2260,0.6177740097045898,0.6177740097045898,0.6177740097045898
2261,0.6177642941474915,0.6177642941474915,0.6177642941474915
2262,0.6181296706199646,0.6181296706199646,0.6181296706199646
2264,0.617861270904541,0.617861270904541,0.617861270904541
2265,0.617716372013092,0.617716372013092,0.617716372013092
2266,0.6179614663124084,0.6179614663124084,0.6179614663124084
2267,0.6182382702827454,0.6182382702827454,0.6182382702827454
2270,0.6180678009986877,0.6180678009986877,0.6180678009986877
2272,0.6179009675979614,0.6179009675979614,0.6179009675979614
2273,0.6181755065917969,0.6181755065917969,0.6181755065917969
2274,0.6182919144630432,0.6182919144630432,0.6182919144630432
2276,0.6186255812644958,0.6186255812644958,0.6186255812644958
2277,0.6187580227851868,0.6187580227851868,0.6187580227851868
2278,0.6185299754142761,0.6185299754142761,0.6185299754142761
2281,0.6183659434318542,0.6183659434318542,0.6183659434318542
2283,0.6175671815872192,0.6175671815872192,0.6175671815872192
2284,0.617642343044281,0.617642343044281,0.617642343044281
2285,0.6176156997680664,0.6176156997680664,0.6176156997680664
2289,0.6182371973991394,0.6182371973991394,0.6182371973991394
2290,0.6187007427215576,0.6187007427215576,0.6187007427215576
2291,0.6193152070045471,0.6193152070045471,0.6193152070045471
2292,0.6194125413894653,0.6194125413894653,0.6194125413894653
2293,0.6192857623100281,0.6192857623100281,0.6192857623100281
2296,0.6200718879699707,0.6200718879699707,0.6200718879699707
2297,0.6205343008041382,0.6205343008041382,0.6205343008041382
2303,0.6212438941001892,0.6212438941001892,0.6212438941001892
2304,0.621702253818512,0.621702253818512,0.621702253818512
2312,0.6221163272857666,0.6221163272857666,0.6221163272857666
2319,0.6200061440467834,0.6200061440467834,0.6200061440467834
2321,0.6201402544975281,0.6201402544975281,0.6201402544975281
2322,0.6203411221504211,0.6203411221504211,0.6203411221504211
2323,0.6209174990653992,0.6209174990653992,0.6209174990653992
2326,0.6228010654449463,0.6228010654449463,0.6228010654449463
2327,0.6230392456054688,0.6230392456054688,0.6230392456054688
2329,0.6233209371566772,0.6233209371566772,0.6233209371566772
2335,0.6242622137069702,0.6242622137069702,0.6242622137069702
2337,0.6245904564857483,0.6245904564857483,0.6245904564857483
2339,0.6249030232429504,0.6249030232429504,0.6249030232429504
2341,0.6243577599525452,0.6243577599525452,0.6243577599525452
2344,0.6238653063774109,0.6238653063774109,0.6238653063774109
2347,0.6242692470550537,0.6242692470550537,0.6242692470550537
2349,0.6241782903671265,0.6241782903671265,0.6241782903671265
2350,0.6243690252304077,0.6243690252304077,0.6243690252304077
2353,0.6252083778381348,0.6252083778381348,0.6252083778381348
2355,0.6252803206443787,0.6252803206443787,0.6252803206443787
2357,0.6257339119911194,0.6257339119911194,0.6257339119911194
2358,0.6251674294471741,0.6251674294471741,0.6251674294471741
2359,0.6246957778930664,0.6246957778930664,0.6246957778930664
2360,0.624081015586853,0.624081015586853,0.624081015586853
2364,0.6244051456451416,0.6244051456451416,0.6244051456451416
2369,0.6251565217971802,0.6251565217971802,0.6251565217971802
2372,0.6254190802574158,0.6254190802574158,0.6254190802574158
2374,0.6257795691490173,0.6257795691490173,0.6257795691490173
2375,0.6257036924362183,0.6257036924362183,0.6257036924362183
2376,0.6254865527153015,0.6254865527153015,0.6254865527153015
2378,0.6244804859161377,0.6244804859161377,0.6244804859161377
2379,0.6246466636657715,0.6246466636657715,0.6246466636657715
2381,0.6245687007904053,0.6245687007904053,0.6245687007904053
2382,0.6244149804115295,0.6244149804115295,0.6244149804115295
2383,0.624316394329071,0.624316394329071,0.624316394329071
2384,0.6240593791007996,0.6240593791007996,0.6240593791007996
2385,0.6243294477462769,0.6243294477462769,0.6243294477462769
2387,0.6246132254600525,0.6246132254600525,0.6246132254600525
2388,0.6245326399803162,0.6245326399803162,0.6245326399803162
2389,0.6245455741882324,0.6245455741882324,0.6245455741882324
2391,0.6240768432617188,0.6240768432617188,0.6240768432617188
2394,0.623454749584198,0.623454749584198,0.623454749584198
2395,0.6234667897224426,0.6234667897224426,0.6234667897224426
2396,0.6231402158737183,0.6231402158737183,0.6231402158737183
2397,0.6228007674217224,0.6228007674217224,0.6228007674217224
2399,0.622003436088562,0.622003436088562,0.622003436088562
2401,0.621917724609375,0.621917724609375,0.621917724609375
2405,0.6211186051368713,0.6211186051368713,0.6211186051368713
2406,0.6211887001991272,0.6211887001991272,0.6211887001991272
2407,0.6208060383796692,0.6208060383796692,0.6208060383796692
2411,0.620704710483551,0.620704710483551,0.620704710483551
2412,0.6205045580863953,0.6205045580863953,0.6205045580863953
2416,0.6216362714767456,0.6216362714767456,0.6216362714767456
2418,0.6213341355323792,0.6213341355323792,0.6213341355323792
2419,0.6217550039291382,0.6217550039291382,0.6217550039291382
2420,0.622349739074707,0.622349739074707,0.622349739074707
2421,0.6229158639907837,0.6229158639907837,0.6229158639907837
2422,0.6235047578811646,0.6235047578811646,0.6235047578811646
2423,0.6236976981163025,0.6236976981163025,0.6236976981163025
2425,0.624176025390625,0.624176025390625,0.624176025390625
2426,0.6241157054901123,0.6241157054901123,0.6241157054901123
2427,0.624208390712738,0.624208390712738,0.624208390712738
2428,0.6247791051864624,0.6247791051864624,0.6247791051864624
2429,0.6250913739204407,0.6250913739204407,0.6250913739204407
2430,0.6248329877853394,0.6248329877853394,0.6248329877853394
2432,0.6252090334892273,0.6252090334892273,0.6252090334892273
2435,0.6251885890960693,0.6251885890960693,0.6251885890960693
2437,0.6258365511894226,0.6258365511894226,0.6258365511894226
2441,0.6264292597770691,0.6264292597770691,0.6264292597770691
2443,0.6264230012893677,0.6264230012893677,0.6264230012893677
2449,0.626959502696991,0.626959502696991,0.626959502696991
2453,0.6270636916160583,0.6270636916160583,0.6270636916160583
2454,0.6273490190505981,0.6273490190505981,0.6273490190505981
2455,0.6272113919258118,0.6272113919258118,0.6272113919258118
2458,0.6266819834709167,0.6266819834709167,0.6266819834709167
2460,0.6265669465065002,0.6265669465065002,0.6265669465065002
2461,0.6260285973548889,0.6260285973548889,0.6260285973548889
2462,0.6261515617370605,0.6261515617370605,0.6261515617370605
2464,0.626267671585083,0.626267671585083,0.626267671585083
2467,0.6254492998123169,0.6254492998123169,0.6254492998123169
2468,0.6254585981369019,0.6254585981369019,0.6254585981369019
2470,0.6257337331771851,0.6257337331771851,0.6257337331771851
2473,0.6261906623840332,0.6261906623840332,0.6261906623840332
2474,0.6261800527572632,0.6261800527572632,0.6261800527572632
2475,0.6262519955635071,0.6262519955635071,0.6262519955635071
2476,0.6259594559669495,0.6259594559669495,0.6259594559669495
2478,0.6256895065307617,0.6256895065307617,0.6256895065307617
2480,0.6250330209732056,0.6250330209732056,0.6250330209732056
2481,0.6251122951507568,0.6251122951507568,0.6251122951507568
2482,0.6248596906661987,0.6248596906661987,0.6248596906661987
2486,0.6235047578811646,0.6235047578811646,0.6235047578811646
2488,0.6237292289733887,0.6237292289733887,0.6237292289733887
2489,0.6241401433944702,0.6241401433944702,0.6241401433944702
2492,0.6235176920890808,0.6235176920890808,0.6235176920890808
2494,0.6229571104049683,0.6229571104049683,0.6229571104049683
2500,0.6216834187507629,0.6216834187507629,0.6216834187507629
2501,0.621332049369812,0.621332049369812,0.621332049369812
2502,0.6213773488998413,0.6213773488998413,0.6213773488998413
2505,0.6222286224365234,0.6222286224365234,0.6222286224365234
2506,0.6224431395530701,0.6224431395530701,0.6224431395530701
2508,0.6226421594619751,0.6226421594619751,0.6226421594619751
2509,0.62241131067276,0.62241131067276,0.62241131067276
2511,0.6223353743553162,0.6223353743553162,0.6223353743553162
2512,0.6218156814575195,0.6218156814575195,0.6218156814575195
2519,0.6189855337142944,0.6189855337142944,0.6189855337142944
2521,0.6195540428161621,0.6195540428161621,0.6195540428161621
2522,0.6196970343589783,0.6196970343589783,0.6196970343589783
2523,0.6200262308120728,0.6200262308120728,0.6200262308120728
2527,0.6192846298217773,0.6192846298217773,0.6192846298217773
2528,0.6196208596229553,0.6196208596229553,0.6196208596229553
2530,0.6204177737236023,0.6204177737236023,0.6204177737236023
2531,0.6207723021507263,0.6207723021507263,0.6207723021507263
2532,0.620868980884552,0.620868980884552,0.620868980884552
2534,0.6210058331489563,0.6210058331489563,0.6210058331489563
2535,0.6215640306472778,0.6215640306472778,0.6215640306472778
2538,0.6214813590049744,0.6214813590049744,0.6214813590049744
2539,0.6211766004562378,0.6211766004562378,0.6211766004562378
2540,0.6212488412857056,0.6212488412857056,0.6212488412857056
2541,0.6213219165802002,0.6213219165802002,0.6213219165802002
2542,0.6213720440864563,0.6213720440864563,0.6213720440864563
2543,0.6215530633926392,0.6215530633926392,0.6215530633926392
2545,0.6220399737358093,0.6220399737358093,0.6220399737358093
2547,0.6214060187339783,0.6214060187339783,0.6214060187339783
2549,0.6219820380210876,0.6219820380210876,0.6219820380210876
2550,0.6218847036361694,0.6218847036361694,0.6218847036361694
2552,0.622118353843689,0.622118353843689,0.622118353843689
2556,0.6225202679634094,0.6225202679634094,0.6225202679634094
2557,0.622908353805542,0.622908353805542,0.622908353805542
2558,0.6230003833770752,0.6230003833770752,0.6230003833770752
2561,0.623048722743988,0.623048722743988,0.623048722743988
2562,0.6230884194374084,0.6230884194374084,0.6230884194374084
2563,0.6230635046958923,0.6230635046958923,0.6230635046958923
2564,0.623269259929657,0.623269259929657,0.623269259929657
2566,0.6234953999519348,0.6234953999519348,0.6234953999519348
2569,0.6238301992416382,0.6238301992416382,0.6238301992416382
2573,0.6237857341766357,0.6237857341766357,0.6237857341766357
2574,0.6243147253990173,0.6243147253990173,0.6243147253990173
2575,0.62444669008255,0.62444669008255,0.62444669008255
2577,0.6241387128829956,0.6241387128829956,0.6241387128829956
2579,0.6228748559951782,0.6228748559951782,0.6228748559951782
2581,0.6216241717338562,0.6216241717338562,0.6216241717338562
2582,0.621820330619812,0.621820330619812,0.621820330619812
2583,0.622250497341156,0.622250497341156,0.622250497341156
2584,0.6225488781929016,0.6225488781929016,0.6225488781929016
2585,0.6232157945632935,0.6232157945632935,0.6232157945632935
2586,0.623699426651001,0.623699426651001,0.623699426651001
2587,0.6237168908119202,0.6237168908119202,0.6237168908119202
2588,0.6239470839500427,0.6239470839500427,0.6239470839500427
2591,0.6254667639732361,0.6254667639732361,0.6254667639732361
2593,0.6270118951797485,0.6270118951797485,0.6270118951797485
2594,0.6268956065177917,0.6268956065177917,0.6268956065177917
2595,0.6266160607337952,0.6266160607337952,0.6266160607337952
2600,0.6266776919364929,0.6266776919364929,0.6266776919364929
2601,0.6258155107498169,0.6258155107498169,0.6258155107498169
2604,0.6255038380622864,0.6255038380622864,0.6255038380622864
2607,0.6252930164337158,0.6252930164337158,0.6252930164337158
2613,0.6259909868240356,0.6259909868240356,0.6259909868240356
2616,0.6255015730857849,0.6255015730857849,0.6255015730857849
2617,0.6251946687698364,0.6251946687698364,0.6251946687698364
2622,0.6262677311897278,0.6262677311897278,0.6262677311897278
2623,0.6258706450462341,0.6258706450462341,0.6258706450462341
2625,0.6259344816207886,0.6259344816207886,0.6259344816207886
2628,0.6265570521354675,0.6265570521354675,0.6265570521354675
2630,0.6258490085601807,0.6258490085601807,0.6258490085601807
2632,0.624764084815979,0.624764084815979,0.624764084815979
2633,0.6244146823883057,0.6244146823883057,0.6244146823883057
2642,0.6252995133399963,0.6252995133399963,0.6252995133399963
2647,0.6256280541419983,0.6256280541419983,0.6256280541419983
2648,0.6254240870475769,0.6254240870475769,0.6254240870475769
2650,0.6249291896820068,0.6249291896820068,0.6249291896820068
2651,0.6246634721755981,0.6246634721755981,0.6246634721755981
2656,0.6235877275466919,0.6235877275466919,0.6235877275466919
2657,0.6233190894126892,0.6233190894126892,0.6233190894126892
2659,0.6237971782684326,0.6237971782684326,0.6237971782684326
2661,0.6237205862998962,0.6237205862998962,0.6237205862998962
2663,0.6230186223983765,0.6230186223983765,0.6230186223983765
2664,0.6235893964767456,0.6235893964767456,0.6235893964767456
2665,0.6240531802177429,0.6240531802177429,0.6240531802177429
2668,0.6248990297317505,0.6248990297317505,0.6248990297317505
2671,0.6268064379692078,0.6268064379692078,0.6268064379692078
2672,0.6273448467254639,0.6273448467254639,0.6273448467254639
2673,0.6277510523796082,0.6277510523796082,0.6277510523796082
2674,0.628074049949646,0.628074049949646,0.628074049949646
2677,0.6295096278190613,0.6295096278190613,0.6295096278190613
2681,0.6306044459342957,0.6306044459342957,0.6306044459342957
2682,0.6307773590087891,0.6307773590087891,0.6307773590087891
2684,0.6304634809494019,0.6304634809494019,0.6304634809494019
2685,0.6307595372200012,0.6307595372200012,0.6307595372200012
2689,0.6300435066223145,0.6300435066223145,0.6300435066223145
2697,0.6282550096511841,0.6282550096511841,0.6282550096511841
2700,0.6273880004882812,0.6273880004882812,0.6273880004882812
2701,0.6282598376274109,0.6282598376274109,0.6282598376274109
2703,0.6287603974342346,0.6287603974342346,0.6287603974342346
2705,0.6294573545455933,0.6294573545455933,0.6294573545455933
2706,0.6293195486068726,0.6293195486068726,0.6293195486068726
2708,0.6297189593315125,0.6297189593315125,0.6297189593315125
2710,0.6291899085044861,0.6291899085044861,0.6291899085044861
2711,0.6287062168121338,0.6287062168121338,0.6287062168121338
2713,0.6277159452438354,0.6277159452438354,0.6277159452438354
2715,0.6275126338005066,0.6275126338005066,0.6275126338005066
2717,0.6282861828804016,0.6282861828804016,0.6282861828804016
2718,0.6283469200134277,0.6283469200134277,0.6283469200134277
2719,0.6286377310752869,0.6286377310752869,0.6286377310752869
2720,0.6286731362342834,0.6286731362342834,0.6286731362342834
2721,0.6281553506851196,0.6281553506851196,0.6281553506851196
2724,0.6283702254295349,0.6283702254295349,0.6283702254295349
2726,0.62770015001297,0.62770015001297,0.62770015001297
2730,0.6280797719955444,0.6280797719955444,0.6280797719955444
2733,0.6275977492332458,0.6275977492332458,0.6275977492332458
2734,0.6271994709968567,0.6271994709968567,0.6271994709968567
2736,0.6264617443084717,0.6264617443084717,0.6264617443084717
2739,0.6264273524284363,0.6264273524284363,0.6264273524284363
2740,0.6271746158599854,0.6271746158599854,0.6271746158599854
2742,0.6275376081466675,0.6275376081466675,0.6275376081466675
2743,0.6274200081825256,0.6274200081825256,0.6274200081825256
2744,0.6278005242347717,0.6278005242347717,0.6278005242347717
2751,0.6295923590660095,0.6295923590660095,0.6295923590660095
2752,0.6294670701026917,0.6294670701026917,0.6294670701026917
2753,0.6289153695106506,0.6289153695106506,0.6289153695106506
2763,0.6283506751060486,0.6283506751060486,0.6283506751060486
2768,0.6289541721343994,0.6289541721343994,0.6289541721343994
2769,0.6288401484489441,0.6288401484489441,0.6288401484489441
2770,0.6288518905639648,0.6288518905639648,0.6288518905639648
2771,0.6287463903427124,0.6287463903427124,0.6287463903427124
2774,0.628359317779541,0.628359317779541,0.628359317779541
2777,0.6267154812812805,0.6267154812812805,0.6267154812812805
2780,0.6268118023872375,0.6268118023872375,0.6268118023872375
2782,0.6267476081848145,0.6267476081848145,0.6267476081848145
2786,0.6281799077987671,0.6281799077987671,0.6281799077987671
2791,0.6293478012084961,0.6293478012084961,0.6293478012084961
2792,0.6294336318969727,0.6294336318969727,0.6294336318969727
2793,0.6290648579597473,0.6290648579597473,0.6290648579597473
2794,0.6284123659133911,0.6284123659133911,0.6284123659133911
2795,0.6279904842376709,0.6279904842376709,0.6279904842376709
2798,0.6284617781639099,0.6284617781639099,0.6284617781639099
2799,0.62845778465271,0.62845778465271,0.62845778465271
2800,0.6286455392837524,0.6286455392837524,0.6286455392837524
2801,0.6288191080093384,0.6288191080093384,0.6288191080093384
2803,0.6286174654960632,0.6286174654960632,0.6286174654960632
2805,0.6288064122200012,0.6288064122200012,0.6288064122200012
2807,0.6298093795776367,0.6298093795776367,0.6298093795776367
2809,0.6290973424911499,0.6290973424911499,0.6290973424911499
2811,0.6290363669395447,0.6290363669395447,0.6290363669395447
2816,0.6293017864227295,0.6293017864227295,0.6293017864227295
2817,0.6290571093559265,0.6290571093559265,0.6290571093559265
2820,0.628886342048645,0.628886342048645,0.628886342048645
2822,0.6287651658058167,0.6287651658058167,0.6287651658058167
2826,0.627985954284668,0.627985954284668,0.627985954284668
2829,0.6296911835670471,0.6296911835670471,0.6296911835670471
2831,0.62992924451828,0.62992924451828,0.62992924451828
2833,0.6298246383666992,0.6298246383666992,0.6298246383666992
2834,0.6293521523475647,0.6293521523475647,0.6293521523475647
2835,0.6296383738517761,0.6296383738517761,0.6296383738517761
2837,0.629794716835022,0.629794716835022,0.629794716835022
2839,0.6289639472961426,0.6289639472961426,0.6289639472961426
2840,0.6289236545562744,0.6289236545562744,0.6289236545562744
2842,0.6287052631378174,0.6287052631378174,0.6287052631378174
2843,0.6285199522972107,0.6285199522972107,0.6285199522972107
2845,0.6281872391700745,0.6281872391700745,0.6281872391700745
2848,0.6262789964675903,0.6262789964675903,0.6262789964675903
2850,0.6260581016540527,0.6260581016540527,0.6260581016540527
2851,0.6261914968490601,0.6261914968490601,0.6261914968490601
2852,0.6265473961830139,0.6265473961830139,0.6265473961830139
2854,0.6265848875045776,0.6265848875045776,0.6265848875045776
2857,0.6260280609130859,0.6260280609130859,0.6260280609130859
2858,0.6254974007606506,0.6254974007606506,0.6254974007606506
2860,0.6241191029548645,0.6241191029548645,0.6241191029548645
2861,0.6239771246910095,0.6239771246910095,0.6239771246910095
2863,0.6223670244216919,0.6223670244216919,0.6223670244216919
2864,0.6216675639152527,0.6216675639152527,0.6216675639152527
2866,0.6215002536773682,0.6215002536773682,0.6215002536773682
2869,0.6206054091453552,0.6206054091453552,0.6206054091453552
2870,0.6207839846611023,0.6207839846611023,0.6207839846611023
2872,0.620928943157196,0.620928943157196,0.620928943157196
2875,0.6203432083129883,0.6203432083129883,0.6203432083129883
2878,0.6208047270774841,0.6208047270774841,0.6208047270774841
2880,0.6202435493469238,0.6202435493469238,0.6202435493469238
2883,0.6208330392837524,0.6208330392837524,0.6208330392837524
2885,0.6202430129051208,0.6202430129051208,0.6202430129051208
2886,0.6201075315475464,0.6201075315475464,0.6201075315475464
2887,0.6200519800186157,0.6200519800186157,0.6200519800186157
2888,0.6196639537811279,0.6196639537811279,0.6196639537811279
2893,0.6184628009796143,0.6184628009796143,0.6184628009796143
2894,0.6178370714187622,0.6178370714187622,0.6178370714187622
2895,0.6172813773155212,0.6172813773155212,0.6172813773155212
2896,0.6163806319236755,0.6163806319236755,0.6163806319236755
2897,0.6162104606628418,0.6162104606628418,0.6162104606628418
2903,0.61638343334198,0.61638343334198,0.61638343334198
2905,0.615188717842102,0.615188717842102,0.615188717842102
2907,0.6158549189567566,0.6158549189567566,0.6158549189567566
2910,0.6177858710289001,0.6177858710289001,0.6177858710289001
2912,0.618794322013855,0.618794322013855,0.618794322013855
2917,0.6178987622261047,0.6178987622261047,0.6178987622261047
2918,0.6180245876312256,0.6180245876312256,0.6180245876312256
2919,0.618378758430481,0.618378758430481,0.618378758430481
2922,0.6193352937698364,0.6193352937698364,0.6193352937698364
2925,0.6184874176979065,0.6184874176979065,0.6184874176979065
2927,0.6180198788642883,0.6180198788642883,0.6180198788642883
2928,0.6180629730224609,0.6180629730224609,0.6180629730224609
2929,0.618037223815918,0.618037223815918,0.618037223815918
2930,0.6182036995887756,0.6182036995887756,0.6182036995887756
2931,0.6179527640342712,0.6179527640342712,0.6179527640342712
2932,0.617884635925293,0.617884635925293,0.617884635925293
2939,0.6176609396934509,0.6176609396934509,0.6176609396934509
2940,0.617746114730835,0.617746114730835,0.617746114730835
2942,0.6175846457481384,0.6175846457481384,0.6175846457481384
2947,0.6173139810562134,0.6173139810562134,0.6173139810562134
2949,0.6173368096351624,0.6173368096351624,0.6173368096351624
2951,0.6163209080696106,0.6163209080696106,0.6163209080696106
2953,0.6177341938018799,0.6177341938018799,0.6177341938018799
2954,0.6177784204483032,0.6177784204483032,0.6177784204483032
2955,0.6179764866828918,0.6179764866828918,0.6179764866828918
2956,0.6178902983665466,0.6178902983665466,0.6178902983665466
2959,0.6172513365745544,0.6172513365745544,0.6172513365745544
2960,0.6167514324188232,0.6167514324188232,0.6167514324188232
2964,0.6158167123794556,0.6158167123794556,0.6158167123794556
2965,0.6160172820091248,0.6160172820091248,0.6160172820091248
2967,0.615239143371582,0.615239143371582,0.615239143371582
2969,0.6153018474578857,0.6153018474578857,0.6153018474578857
2970,0.6153522729873657,0.6153522729873657,0.6153522729873657
2972,0.6150335669517517,0.6150335669517517,0.6150335669517517
2974,0.6150963306427002,0.6150963306427002,0.6150963306427002
2976,0.6146427989006042,0.6146427989006042,0.6146427989006042
2977,0.614116907119751,0.614116907119751,0.614116907119751
2978,0.6138554811477661,0.6138554811477661,0.6138554811477661
2982,0.6140754222869873,0.6140754222869873,0.6140754222869873
2984,0.6136800050735474,0.6136800050735474,0.6136800050735474
2986,0.6136071085929871,0.6136071085929871,0.6136071085929871
2989,0.6139456033706665,0.6139456033706665,0.6139456033706665
2990,0.614058256149292,0.614058256149292,0.614058256149292
2991,0.6136840581893921,0.6136840581893921,0.6136840581893921
2992,0.6133273839950562,0.6133273839950562,0.6133273839950562
2993,0.6130385398864746,0.6130385398864746,0.6130385398864746
2994,0.6127133965492249,0.6127133965492249,0.6127133965492249
2997,0.6115511059761047,0.6115511059761047,0.6115511059761047
3004,0.6111413836479187,0.6111413836479187,0.6111413836479187
3006,0.6116058826446533,0.6116058826446533,0.6116058826446533
3010,0.6112417578697205,0.6112417578697205,0.6112417578697205
3011,0.6109292507171631,0.6109292507171631,0.6109292507171631
3015,0.6114518046379089,0.6114518046379089,0.6114518046379089
3017,0.6108559966087341,0.6108559966087341,0.6108559966087341
3018,0.6109861731529236,0.6109861731529236,0.6109861731529236
3019,0.6115638613700867,0.6115638613700867,0.6115638613700867
3020,0.6107358336448669,0.6107358336448669,0.6107358336448669
3024,0.608810305595398,0.608810305595398,0.608810305595398
3025,0.6086543798446655,0.6086543798446655,0.6086543798446655
3028,0.6084737777709961,0.6084737777709961,0.6084737777709961
3030,0.6078848242759705,0.6078848242759705,0.6078848242759705
3031,0.6077138185501099,0.6077138185501099,0.6077138185501099
3032,0.6077933311462402,0.6077933311462402,0.6077933311462402
3033,0.6080688834190369,0.6080688834190369,0.6080688834190369
3035,0.6083025932312012,0.6083025932312012,0.6083025932312012
3036,0.6086592078208923,0.6086592078208923,0.6086592078208923
3039,0.6091768145561218,0.6091768145561218,0.6091768145561218
3041,0.6086032390594482,0.6086032390594482,0.6086032390594482
3043,0.608642578,0.608642578,0.608642578
3044,0.6089626550674438,0.6089626550674438,0.6089626550674438
3045,0.609200119972229,0.609200119972229,0.609200119972229
3047,0.6087855100631714,0.6087855100631714,0.6087855100631714
3053,0.6078687310218811,0.6078687310218811,0.6078687310218811
3058,0.6086453199386597,0.6086453199386597,0.6086453199386597
3060,0.6085377931594849,0.6085377931594849,0.6085377931594849
3061,0.6080571413040161,0.6080571413040161,0.6080571413040161
3062,0.6077517867088318,0.6077517867088318,0.6077517867088318
3063,0.6075077652931213,0.6075077652931213,0.6075077652931213
3064,0.6073880195617676,0.6073880195617676,0.6073880195617676
3065,0.607311487197876,0.607311487197876,0.607311487197876
3067,0.6078335046768188,0.6078335046768188,0.6078335046768188
3069,0.6073372960090637,0.6073372960090637,0.6073372960090637
3070,0.6069181561470032,0.6069181561470032,0.6069181561470032
3071,0.6072491407394409,0.6072491407394409,0.6072491407394409
3074,0.6086330413818359,0.6086330413818359,0.6086330413818359
3075,0.6089553833007812,0.6089553833007812,0.6089553833007812
3078,0.6090326905250549,0.6090326905250549,0.6090326905250549
3082,0.6094069480895996,0.6094069480895996,0.6094069480895996
3084,0.6096518039703369,0.6096518039703369,0.6096518039703369
3085,0.6097004413604736,0.6097004413604736,0.6097004413604736
3086,0.6097601056098938,0.6097601056098938,0.6097601056098938
3092,0.6084325909614563,0.6084325909614563,0.6084325909614563
3094,0.6080024838447571,0.6080024838447571,0.6080024838447571
3097,0.6091889142990112,0.6091889142990112,0.6091889142990112
3098,0.6089844703674316,0.6089844703674316,0.6089844703674316
3099,0.6083340048789978,0.6083340048789978,0.6083340048789978
3101,0.6081083416938782,0.6081083416938782,0.6081083416938782
3103,0.6087659001350403,0.6087659001350403,0.6087659001350403
3104,0.6090929508209229,0.6090929508209229,0.6090929508209229
3108,0.6091696619987488,0.6091696619987488,0.6091696619987488
3109,0.6095787286758423,0.6095787286758423,0.6095787286758423
3112,0.609565258026123,0.609565258026123,0.609565258026123
3115,0.6095923185348511,0.6095923185348511,0.6095923185348511
3118,0.6084511280059814,0.6084511280059814,0.6084511280059814
3121,0.6079343557357788,0.6079343557357788,0.6079343557357788
3122,0.6078069806098938,0.6078069806098938,0.6078069806098938
3123,0.6069247722625732,0.6069247722625732,0.6069247722625732
3124,0.6061438322067261,0.6061438322067261,0.6061438322067261
3125,0.6053318977355957,0.6053318977355957,0.6053318977355957
3126,0.6049055457115173,0.6049055457115173,0.6049055457115173
3131,0.6030138731002808,0.6030138731002808,0.6030138731002808
3132,0.6032602190971375,0.6032602190971375,0.6032602190971375
3133,0.6033244729042053,0.6033244729042053,0.6033244729042053
3134,0.6030933260917664,0.6030933260917664,0.6030933260917664
3135,0.6030634641647339,0.6030634641647339,0.6030634641647339
3136,0.6031460165977478,0.6031460165977478,0.6031460165977478
3139,0.6046760082244873,0.6046760082244873,0.6046760082244873
3142,0.6045939326286316,0.6045939326286316,0.6045939326286316
3146,0.6034903526306152,0.6034903526306152,0.6034903526306152
3150,0.6035606265068054,0.6035606265068054,0.6035606265068054
3151,0.6033825874328613,0.6033825874328613,0.6033825874328613
3153,0.6027316451072693,0.6027316451072693,0.6027316451072693
3154,0.6028749346733093,0.6028749346733093,0.6028749346733093
3155,0.603375256061554,0.603375256061554,0.603375256061554
3156,0.6034174561500549,0.6034174561500549,0.6034174561500549
3157,0.6034191250801086,0.6034191250801086,0.6034191250801086
3158,0.6031249761581421,0.6031249761581421,0.6031249761581421
3159,0.6028004288673401,0.6028004288673401,0.6028004288673401
3162,0.6032314896583557,0.6032314896583557,0.6032314896583557
3164,0.6028376221656799,0.6028376221656799,0.6028376221656799
3167,0.6009949445724487,0.6009949445724487,0.6009949445724487
3168,0.6008209586143494,0.6008209586143494,0.6008209586143494
3172,0.600979745388031,0.600979745388031,0.600979745388031
3173,0.6013969779014587,0.6013969779014587,0.6013969779014587
3174,0.6019654273986816,0.6019654273986816,0.6019654273986816
3177,0.601708710193634,0.601708710193634,0.601708710193634
3178,0.6014836430549622,0.6014836430549622,0.6014836430549622
3181,0.6017172336578369,0.6017172336578369,0.6017172336578369
3186,0.5989394783973694,0.5989394783973694,0.5989394783973694
3189,0.5971312522888184,0.5971312522888184,0.5971312522888184
3192,0.5965015292167664,0.5965015292167664,0.5965015292167664
3199,0.5962398052215576,0.5962398052215576,0.5962398052215576
3200,0.595799446105957,0.595799446105957,0.595799446105957
3202,0.5962392091751099,0.5962392091751099,0.5962392091751099
3203,0.596484363079071,0.596484363079071,0.596484363079071
3204,0.5965694785118103,0.5965694785118103,0.5965694785118103
3207,0.5959845781326294,0.5959845781326294,0.5959845781326294
3208,0.5964732766151428,0.5964732766151428,0.5964732766151428
3209,0.5964947938919067,0.5964947938919067,0.5964947938919067
3210,0.595920979976654,0.595920979976654,0.595920979976654
3211,0.5947946906089783,0.5947946906089783,0.5947946906089783
3213,0.5939615368843079,0.5939615368843079,0.5939615368843079
3214,0.5931685566902161,0.5931685566902161,0.5931685566902161
3215,0.5926416516304016,0.5926416516304016,0.5926416516304016
3216,0.5921031832695007,0.5921031832695007,0.5921031832695007
3218,0.5924497246742249,0.5924497246742249,0.5924497246742249
3219,0.5927344560623169,0.5927344560623169,0.5927344560623169
3222,0.5935723185539246,0.5935723185539246,0.5935723185539246
3224,0.5935357809066772,0.5935357809066772,0.5935357809066772
3225,0.5930441617965698,0.5930441617965698,0.5930441617965698
3226,0.5925504565238953,0.5925504565238953,0.5925504565238953
3230,0.5910359025001526,0.5910359025001526,0.5910359025001526
3231,0.59088134765625,0.59088134765625,0.59088134765625
3232,0.5905137062072754,0.5905137062072754,0.5905137062072754
3238,0.5889366269111633,0.5889366269111633,0.5889366269111633
3239,0.5884931683540344,0.5884931683540344,0.5884931683540344
3240,0.5877262949943542,0.5877262949943542,0.5877262949943542
3242,0.5867193341255188,0.5867193341255188,0.5867193341255188
3245,0.5865808725357056,0.5865808725357056,0.5865808725357056
3247,0.5856590867042542,0.5856590867042542,0.5856590867042542
3248,0.5855412483215332,0.5855412483215332,0.5855412483215332
3249,0.5851068496704102,0.5851068496704102,0.5851068496704102
3251,0.5839940309524536,0.5839940309524536,0.5839940309524536
3252,0.5840091705322266,0.5840091705322266,0.5840091705322266
3256,0.5837841033935547,0.5837841033935547,0.5837841033935547
3259,0.58279949426651,0.58279949426651,0.58279949426651
3263,0.5817747712135315,0.5817747712135315,0.5817747712135315
3264,0.5822474956512451,0.5822474956512451,0.5822474956512451
3266,0.5820615887641907,0.5820615887641907,0.5820615887641907
3270,0.5821227431297302,0.5821227431297302,0.5821227431297302
3272,0.5816047787666321,0.5816047787666321,0.5816047787666321
3274,0.5815439820289612,0.5815439820289612,0.5815439820289612
3275,0.5816366076469421,0.5816366076469421,0.5816366076469421
3277,0.5811014771461487,0.5811014771461487,0.5811014771461487
3278,0.5807065963745117,0.5807065963745117,0.5807065963745117
3281,0.5810890793800354,0.5810890793800354,0.5810890793800354
3282,0.5807852149009705,0.5807852149009705,0.5807852149009705
3283,0.5807140469551086,0.5807140469551086,0.5807140469551086
3286,0.5806682109832764,0.5806682109832764,0.5806682109832764
3290,0.5791558027267456,0.5791558027267456,0.5791558027267456
3293,0.5788977146148682,0.5788977146148682,0.5788977146148682
3294,0.5782986283302307,0.5782986283302307,0.5782986283302307
3297,0.5781587362289429,0.5781587362289429,0.5781587362289429
3298,0.5782057642936707,0.5782057642936707,0.5782057642936707
3299,0.5779137015342712,0.5779137015342712,0.5779137015342712
3302,0.5772091746330261,0.5772091746330261,0.5772091746330261
3305,0.5777665972709656,0.5777665972709656,0.5777665972709656
3307,0.5784039497375488,0.5784039497375488,0.5784039497375488
3308,0.5785849690437317,0.5785849690437317,0.5785849690437317
3310,0.5791176557540894,0.5791176557540894,0.5791176557540894
3311,0.5795144438743591,0.5795144438743591,0.5795144438743591
3313,0.5792586207389832,0.5792586207389832,0.5792586207389832
3317,0.5789155960083008,0.5789155960083008,0.5789155960083008
3319,0.5786736011505127,0.5786736011505127,0.5786736011505127
3320,0.5784225463867188,0.5784225463867188,0.5784225463867188
3322,0.5777992606163025,0.5777992606163025,0.5777992606163025
3323,0.5777431130409241,0.5777431130409241,0.5777431130409241
3329,0.5767824649810791,0.5767824649810791,0.5767824649810791
3333,0.5759174227714539,0.5759174227714539,0.5759174227714539
3336,0.5733526349067688,0.5733526349067688,0.5733526349067688
3337,0.5729098320007324,0.5729098320007324,0.5729098320007324
3338,0.5727939605712891,0.5727939605712891,0.5727939605712891
3339,0.5726054310798645,0.5726054310798645,0.5726054310798645
3341,0.5721591711044312,0.5721591711044312,0.5721591711044312
3342,0.5720570087432861,0.5720570087432861,0.5720570087432861
3344,0.5705777406692505,0.5705777406692505,0.5705777406692505
3347,0.5700437426567078,0.5700437426567078,0.5700437426567078
3350,0.5695948004722595,0.5695948004722595,0.5695948004722595
3353,0.5694373846054077,0.5694373846054077,0.5694373846054077
3354,0.5691655278205872,0.5691655278205872,0.5691655278205872
3357,0.5693842172622681,0.5693842172622681,0.5693842172622681
3358,0.569080114364624,0.569080114364624,0.569080114364624
3360,0.569477379322052,0.569477379322052,0.569477379322052
3361,0.5692842602729797,0.5692842602729797,0.5692842602729797
3365,0.5694904923439026,0.5694904923439026,0.5694904923439026
3366,0.5693398714065552,0.5693398714065552,0.5693398714065552
3367,0.5690020322799683,0.5690020322799683,0.5690020322799683
3368,0.5686818361282349,0.5686818361282349,0.5686818361282349
3370,0.5687248110771179,0.5687248110771179,0.5687248110771179
3371,0.56867915391922,0.56867915391922,0.56867915391922
3373,0.5684693455696106,0.5684693455696106,0.5684693455696106
3374,0.5682877898216248,0.5682877898216248,0.5682877898216248
3375,0.5678285360336304,0.5678285360336304,0.5678285360336304
3376,0.5673373341560364,0.5673373341560364,0.5673373341560364
3377,0.5665374398231506,0.5665374398231506,0.5665374398231506
3381,0.5665227174758911,0.5665227174758911,0.5665227174758911
3383,0.5659130811691284,0.5659130811691284,0.5659130811691284
3384,0.5660396218299866,0.5660396218299866,0.5660396218299866
3386,0.5659907460212708,0.5659907460212708,0.5659907460212708
3388,0.5665900111198425,0.5665900111198425,0.5665900111198425
3392,0.5661121010780334,0.5661121010780334,0.5661121010780334
3393,0.5656942129135132,0.5656942129135132,0.5656942129135132
3394,0.565153956413269,0.565153956413269,0.565153956413269
3398,0.5654804110527039,0.5654804110527039,0.5654804110527039
3399,0.5655000805854797,0.5655000805854797,0.5655000805854797
3400,0.5654061436653137,0.5654061436653137,0.5654061436653137
3401,0.5650998950004578,0.5650998950004578,0.5650998950004578
3402,0.5652346611022949,0.5652346611022949,0.5652346611022949
3404,0.5655615329742432,0.5655615329742432,0.5655615329742432
3409,0.5643542408943176,0.5643542408943176,0.5643542408943176
3417,0.5642943978309631,0.5642943978309631,0.5642943978309631
3418,0.5646480917930603,0.5646480917930603,0.5646480917930603
3420,0.5647804141044617,0.5647804141044617,0.5647804141044617
3422,0.5647032856941223,0.5647032856941223,0.5647032856941223
3423,0.5651324391365051,0.5651324391365051,0.5651324391365051
3424,0.5656245946884155,0.5656245946884155,0.5656245946884155
3426,0.5660557746887207,0.5660557746887207,0.5660557746887207
3427,0.5656829476356506,0.5656829476356506,0.5656829476356506
3428,0.5659984350204468,0.5659984350204468,0.5659984350204468
3429,0.5658982396125793,0.5658982396125793,0.5658982396125793
3430,0.5655831694602966,0.5655831694602966,0.5655831694602966
3431,0.5661652684211731,0.5661652684211731,0.5661652684211731
3436,0.5656133890151978,0.5656133890151978,0.5656133890151978
3440,0.5659006237983704,0.5659006237983704,0.5659006237983704
3441,0.5661547780036926,0.5661547780036926,0.5661547780036926
3442,0.5662218332290649,0.5662218332290649,0.5662218332290649
3443,0.5663282871246338,0.5663282871246338,0.5663282871246338
3445,0.5659837126731873,0.5659837126731873,0.5659837126731873
3447,0.5664470195770264,0.5664470195770264,0.5664470195770264
3450,0.5655691623687744,0.5655691623687744,0.5655691623687744
3452,0.5646460056304932,0.5646460056304932,0.5646460056304932
3453,0.564735472202301,0.564735472202301,0.564735472202301
3458,0.5647714734077454,0.5647714734077454,0.5647714734077454
3459,0.5643821954727173,0.5643821954727173,0.5643821954727173
3462,0.564747154712677,0.564747154712677,0.564747154712677
3465,0.5647813081741333,0.5647813081741333,0.5647813081741333
3466,0.5643263459205627,0.5643263459205627,0.5643263459205627
3469,0.5653471946716309,0.5653471946716309,0.5653471946716309
3472,0.5642029643058777,0.5642029643058777,0.5642029643058777
3473,0.564136803150177,0.564136803150177,0.564136803150177
3476,0.56368088722229,0.56368088722229,0.56368088722229
3477,0.5635377168655396,0.5635377168655396,0.5635377168655396
3480,0.5640697479248047,0.5640697479248047,0.5640697479248047
3484,0.5648314356803894,0.5648314356803894,0.5648314356803894
3485,0.5648015737533569,0.5648015737533569,0.5648015737533569
3486,0.5647001266479492,0.5647001266479492,0.5647001266479492
3487,0.56491619348526,0.56491619348526,0.56491619348526
3490,0.5654898285865784,0.5654898285865784,0.5654898285865784
3493,0.5657139420509338,0.5657139420509338,0.5657139420509338
3494,0.5654920339584351,0.5654920339584351,0.5654920339584351
3495,0.5656335949897766,0.5656335949897766,0.5656335949897766
3496,0.5659967064857483,0.5659967064857483,0.5659967064857483
3497,0.5663196444511414,0.5663196444511414,0.5663196444511414
3498,0.567020833492279,0.567020833492279,0.567020833492279
3501,0.5670413374900818,0.5670413374900818,0.5670413374900818
3504,0.5677058696746826,0.5677058696746826,0.5677058696746826
3505,0.5679197907447815,0.5679197907447815,0.5679197907447815
3507,0.5681509971618652,0.5681509971618652,0.5681509971618652
3509,0.5683922171592712,0.5683922171592712,0.5683922171592712
3511,0.5688265562057495,0.5688265562057495,0.5688265562057495
3512,0.5689829587936401,0.5689829587936401,0.5689829587936401
3513,0.5689206123352051,0.5689206123352051,0.5689206123352051
3515,0.5688769817352295,0.5688769817352295,0.5688769817352295
3516,0.5683618187904358,0.5683618187904358,0.5683618187904358
3519,0.5672526359558105,0.5672526359558105,0.5672526359558105
3521,0.567531943321228,0.567531943321228,0.567531943321228
3524,0.5676027536392212,0.5676027536392212,0.5676027536392212
3526,0.5677105784416199,0.5677105784416199,0.5677105784416199
3529,0.5676382780075073,0.5676382780075073,0.5676382780075073
3530,0.5677133202552795,0.5677133202552795,0.5677133202552795
3531,0.5673331022262573,0.5673331022262573,0.5673331022262573
3534,0.5686854720115662,0.5686854720115662,0.5686854720115662
3536,0.5683998465538025,0.5683998465538025,0.5683998465538025
3537,0.5686187744140625,0.5686187744140625,0.5686187744140625
3539,0.5688815116882324,0.5688815116882324,0.5688815116882324
3540,0.5689609050750732,0.5689609050750732,0.5689609050750732
3544,0.5682024955749512,0.5682024955749512,0.5682024955749512
3547,0.5689273476600647,0.5689273476600647,0.5689273476600647
3548,0.5686123967170715,0.5686123967170715,0.5686123967170715
3551,0.5680855512619019,0.5680855512619019,0.5680855512619019
3553,0.5681403279304504,0.5681403279304504,0.5681403279304504
3558,0.5662315487861633,0.5662315487861633,0.5662315487861633
3563,0.564590573310852,0.564590573310852,0.564590573310852
3564,0.5640063285827637,0.5640063285827637,0.5640063285827637
3565,0.5635912418365479,0.5635912418365479,0.5635912418365479
3567,0.5640912652015686,0.5640912652015686,0.5640912652015686
3568,0.5638993978500366,0.5638993978500366,0.5638993978500366
3570,0.5637574791908264,0.5637574791908264,0.5637574791908264
3571,0.5640116333961487,0.5640116333961487,0.5640116333961487
3572,0.5644201040267944,0.5644201040267944,0.5644201040267944
3575,0.5634783506393433,0.5634783506393433,0.5634783506393433
3576,0.5630978941917419,0.5630978941917419,0.5630978941917419
3578,0.5620865821838379,0.5620865821838379,0.5620865821838379
3579,0.5616797804832458,0.5616797804832458,0.5616797804832458
3583,0.5618222951889038,0.5618222951889038,0.5618222951889038
3584,0.5616298913955688,0.5616298913955688,0.5616298913955688
3585,0.5618726015090942,0.5618726015090942,0.5618726015090942
3587,0.561991274356842,0.561991274356842,0.561991274356842
3588,0.5619339942932129,0.5619339942932129,0.5619339942932129
3589,0.5619729161262512,0.5619729161262512,0.5619729161262512
3590,0.5618519186973572,0.5618519186973572,0.5618519186973572
3592,0.5618971586227417,0.5618971586227417,0.5618971586227417
3595,0.5617053508758545,0.5617053508758545,0.5617053508758545
3596,0.5617691278457642,0.5617691278457642,0.5617691278457642
3598,0.5613516569137573,0.5613516569137573,0.5613516569137573
3600,0.5608083009719849,0.5608083009719849,0.5608083009719849
3601,0.5612877607345581,0.5612877607345581,0.5612877607345581
3602,0.5613476634025574,0.5613476634025574,0.5613476634025574
3603,0.5613722205162048,0.5613722205162048,0.5613722205162048
3604,0.5613383054733276,0.5613383054733276,0.5613383054733276
3605,0.561546802520752,0.561546802520752,0.561546802520752
3606,0.5614731311798096,0.5614731311798096,0.5614731311798096
3609,0.5607408285140991,0.5607408285140991,0.5607408285140991
3610,0.5605491399765015,0.5605491399765015,0.5605491399765015
3611,0.5603994131088257,0.5603994131088257,0.5603994131088257
3614,0.5593512654304504,0.5593512654304504,0.5593512654304504
3616,0.5592918992042542,0.5592918992042542,0.5592918992042542
3619,0.5593640208244324,0.5593640208244324,0.5593640208244324
3620,0.559499979019165,0.559499979019165,0.559499979019165
3624,0.5596745014190674,0.5596745014190674,0.5596745014190674
3625,0.5603629350662231,0.5603629350662231,0.5603629350662231
3629,0.5604202747344971,0.5604202747344971,0.5604202747344971
3630,0.5604225397109985,0.5604225397109985,0.5604225397109985
3632,0.5605754852294922,0.5605754852294922,0.5605754852294922
3634,0.5594657063484192,0.5594657063484192,0.5594657063484192
3635,0.559739887714386,0.559739887714386,0.559739887714386
3636,0.560522735118866,0.560522735118866,0.560522735118866
3637,0.560764491558075,0.560764491558075,0.560764491558075
3641,0.560570478439331,0.560570478439331,0.560570478439331
3643,0.561122477054596,0.561122477054596,0.561122477054596
3644,0.5612607002258301,0.5612607002258301,0.5612607002258301
3645,0.5613620281219482,0.5613620281219482,0.5613620281219482
3647,0.5620503425598145,0.5620503425598145,0.5620503425598145
3649,0.5622790455818176,0.5622790455818176,0.5622790455818176
3650,0.5623000264167786,0.5623000264167786,0.5623000264167786
3652,0.56158846616745,0.56158846616745,0.56158846616745
3653,0.5617446303367615,0.5617446303367615,0.5617446303367615
3654,0.5618400573730469,0.5618400573730469,0.5618400573730469
3655,0.5620147585868835,0.5620147585868835,0.5620147585868835
3656,0.5622700452804565,0.5622700452804565,0.5622700452804565
3657,0.5624796748161316,0.5624796748161316,0.5624796748161316
3659,0.5623918771743774,0.5623918771743774,0.5623918771743774
3661,0.5628541707992554,0.5628541707992554,0.5628541707992554
3664,0.5624767541885376,0.5624767541885376,0.5624767541885376
3668,0.5614972710609436,0.5614972710609436,0.5614972710609436
3674,0.5629212856292725,0.5629212856292725,0.5629212856292725
3675,0.5631747841835022,0.5631747841835022,0.5631747841835022
3676,0.5633535981178284,0.5633535981178284,0.5633535981178284
3677,0.5629041790962219,0.5629041790962219,0.5629041790962219
3678,0.5624869465827942,0.5624869465827942,0.5624869465827942
3679,0.5620139241218567,0.5620139241218567,0.5620139241218567
3680,0.5620105862617493,0.5620105862617493,0.5620105862617493
3681,0.5625932812690735,0.5625932812690735,0.5625932812690735
3683,0.5619518756866455,0.5619518756866455,0.5619518756866455
3684,0.5618960857391357,0.5618960857391357,0.5618960857391357
3687,0.5621927976608276,0.5621927976608276,0.5621927976608276
3690,0.5623544454574585,0.5623544454574585,0.5623544454574585
3693,0.5624971985816956,0.5624971985816956,0.5624971985816956
3698,0.5647981762886047,0.5647981762886047,0.5647981762886047
3700,0.5651485323905945,0.5651485323905945,0.5651485323905945
3702,0.5656276345252991,0.5656276345252991,0.5656276345252991
3705,0.5648676753044128,0.5648676753044128,0.5648676753044128
3707,0.5642186403274536,0.5642186403274536,0.5642186403274536
3710,0.5648840665817261,0.5648840665817261,0.5648840665817261
3714,0.5648050308227539,0.5648050308227539,0.5648050308227539
3715,0.5649814009666443,0.5649814009666443,0.5649814009666443
3720,0.5635454654693604,0.5635454654693604,0.5635454654693604
3721,0.5636656284332275,0.5636656284332275,0.5636656284332275
3724,0.564970850944519,0.564970850944519,0.564970850944519
3727,0.5638010501861572,0.5638010501861572,0.5638010501861572
3728,0.5640343427658081,0.5640343427658081,0.5640343427658081
3730,0.5645067691802979,0.5645067691802979,0.5645067691802979
3731,0.5644744038581848,0.5644744038581848,0.5644744038581848
3733,0.5638003945350647,0.5638003945350647,0.5638003945350647
3734,0.5634742379188538,0.5634742379188538,0.5634742379188538
3735,0.5633962154388428,0.5633962154388428,0.5633962154388428
3736,0.563560426235199,0.563560426235199,0.563560426235199
3738,0.5639745593070984,0.5639745593070984,0.5639745593070984
3741,0.5648383498191833,0.5648383498191833,0.5648383498191833
3742,0.5648528337478638,0.5648528337478638,0.5648528337478638
3743,0.5652851462364197,0.5652851462364197,0.5652851462364197
3745,0.5637537837028503,0.5637537837028503,0.5637537837028503
3746,0.5640266537666321,0.5640266537666321,0.5640266537666321
3747,0.5639047622680664,0.5639047622680664,0.5639047622680664
3749,0.5645531415939331,0.5645531415939331,0.5645531415939331
3750,0.564293384552002,0.564293384552002,0.564293384552002
3751,0.563521683216095,0.563521683216095,0.563521683216095
3754,0.5632162690162659,0.5632162690162659,0.5632162690162659
3755,0.5634710788726807,0.5634710788726807,0.5634710788726807
3757,0.5630617141723633,0.5630617141723633,0.5630617141723633
3758,0.5627598166465759,0.5627598166465759,0.5627598166465759
3759,0.5628321766853333,0.5628321766853333,0.5628321766853333
3761,0.5626329183578491,0.5626329183578491,0.5626329183578491
3762,0.5625717639923096,0.5625717639923096,0.5625717639923096
3765,0.5634133815765381,0.5634133815765381,0.5634133815765381
3766,0.5629485845565796,0.5629485845565796,0.5629485845565796
3767,0.5621979236602783,0.5621979236602783,0.5621979236602783
3768,0.5618796348571777,0.5618796348571777,0.5618796348571777
3769,0.561726450920105,0.561726450920105,0.561726450920105
3770,0.5613399147987366,0.5613399147987366,0.5613399147987366
3771,0.5608598589897156,0.5608598589897156,0.5608598589897156
3772,0.5606508255004883,0.5606508255004883,0.5606508255004883
3774,0.5610988140106201,0.5610988140106201,0.5610988140106201
3775,0.5610738396644592,0.5610738396644592,0.5610738396644592
3777,0.5621183514595032,0.5621183514595032,0.5621183514595032
3784,0.5627018213272095,0.5627018213272095,0.5627018213272095
3788,0.5613325834274292,0.5613325834274292,0.5613325834274292
3790,0.5606387257575989,0.5606387257575989,0.5606387257575989
3791,0.5602166652679443,0.5602166652679443,0.5602166652679443
3792,0.5604004263877869,0.5604004263877869,0.5604004263877869
3795,0.5605156421661377,0.5605156421661377,0.5605156421661377
3799,0.560234546661377,0.560234546661377,0.560234546661377
3801,0.55961012840271,0.55961012840271,0.55961012840271
3804,0.559447705745697,0.559447705745697,0.559447705745697
3812,0.5566325187683105,0.5566325187683105,0.5566325187683105
3813,0.5566719770431519,0.5566719770431519,0.5566719770431519
3815,0.556668221950531,0.556668221950531,0.556668221950531
3816,0.556378185749054,0.556378185749054,0.556378185749054
3818,0.5563533306121826,0.5563533306121826,0.5563533306121826
3819,0.5568398833274841,0.5568398833274841,0.5568398833274841
3822,0.5560400485992432,0.5560400485992432,0.5560400485992432
3824,0.5555060505867004,0.5555060505867004,0.5555060505867004
3825,0.5550820827484131,0.5550820827484131,0.5550820827484131
3826,0.5551850199699402,0.5551850199699402,0.5551850199699402
3827,0.5555188059806824,0.5555188059806824,0.5555188059806824
3830,0.5556888580322266,0.5556888580322266,0.5556888580322266
3831,0.5555552244186401,0.5555552244186401,0.5555552244186401
3833,0.5549259781837463,0.5549259781837463,0.5549259781837463
3834,0.5549123883247375,0.5549123883247375,0.5549123883247375
3836,0.5557803511619568,0.5557803511619568,0.5557803511619568
3837,0.5559769868850708,0.5559769868850708,0.5559769868850708
3839,0.5561677813529968,0.5561677813529968,0.5561677813529968
3841,0.5567499995231628,0.5567499995231628,0.5567499995231628
3850,0.5574918389320374,0.5574918389320374,0.5574918389320374
3851,0.5577054023742676,0.5577054023742676,0.5577054023742676
3854,0.559485912322998,0.559485912322998,0.559485912322998
3856,0.5593792796134949,0.5593792796134949,0.5593792796134949
3858,0.5598902702331543,0.5598902702331543,0.5598902702331543
3861,0.5583274364471436,0.5583274364471436,0.5583274364471436
3862,0.5571809411048889,0.5571809411048889,0.5571809411048889
3863,0.5567131042480469,0.5567131042480469,0.5567131042480469
3864,0.5566694736480713,0.5566694736480713,0.5566694736480713
3869,0.5581520199775696,0.5581520199775696,0.5581520199775696
3871,0.5587355494499207,0.5587355494499207,0.5587355494499207
3872,0.5590141415596008,0.5590141415596008,0.5590141415596008
3877,0.5584502220153809,0.5584502220153809,0.5584502220153809
3878,0.5587811470031738,0.5587811470031738,0.5587811470031738
3879,0.5588477849960327,0.5588477849960327,0.5588477849960327
3880,0.5593648552894592,0.5593648552894592,0.5593648552894592
3882,0.5600952506065369,0.5600952506065369,0.5600952506065369
3884,0.5599068403244019,0.5599068403244019,0.5599068403244019
3886,0.5600269436836243,0.5600269436836243,0.5600269436836243
3888,0.5594093799591064,0.5594093799591064,0.5594093799591064
3890,0.5584695935249329,0.5584695935249329,0.5584695935249329
3893,0.5573642253875732,0.5573642253875732,0.5573642253875732
3894,0.5578811764717102,0.5578811764717102,0.5578811764717102
3895,0.5582165122032166,0.5582165122032166,0.5582165122032166
3896,0.5580441951751709,0.5580441951751709,0.5580441951751709
3898,0.557103157043457,0.557103157043457,0.557103157043457
3900,0.5565856099128723,0.5565856099128723,0.5565856099128723
3902,0.5569769144058228,0.5569769144058228,0.5569769144058228
3905,0.5565822124481201,0.5565822124481201,0.5565822124481201
3908,0.5558194518089294,0.5558194518089294,0.5558194518089294
3909,0.5556890964508057,0.5556890964508057,0.5556890964508057
3911,0.5558313727378845,0.5558313727378845,0.5558313727378845
3913,0.5564025044441223,0.5564025044441223,0.5564025044441223
3915,0.5565722584724426,0.5565722584724426,0.5565722584724426
3918,0.5566052794456482,0.5566052794456482,0.5566052794456482
3920,0.5563147664070129,0.5563147664070129,0.5563147664070129
3921,0.5565757751464844,0.5565757751464844,0.5565757751464844
3922,0.5567384362220764,0.5567384362220764,0.5567384362220764
3924,0.5558727383613586,0.5558727383613586,0.5558727383613586
3926,0.5552035570144653,0.5552035570144653,0.5552035570144653
3928,0.5556721687316895,0.5556721687316895,0.5556721687316895
3930,0.5554605722427368,0.5554605722427368,0.5554605722427368
3931,0.5553622245788574,0.5553622245788574,0.5553622245788574
3932,0.5552204847335815,0.5552204847335815,0.5552204847335815
3933,0.5553487539291382,0.5553487539291382,0.5553487539291382
3934,0.5557249784469604,0.5557249784469604,0.5557249784469604
3935,0.5557201504707336,0.5557201504707336,0.5557201504707336
3938,0.5551424622535706,0.5551424622535706,0.5551424622535706
3939,0.5549920797348022,0.5549920797348022,0.5549920797348022
3942,0.5546519756317139,0.5546519756317139,0.5546519756317139
3943,0.5545091032981873,0.5545091032981873,0.5545091032981873
3944,0.5545635223388672,0.5545635223388672,0.5545635223388672
3945,0.5544446706771851,0.5544446706771851,0.5544446706771851
3947,0.5535966753959656,0.5535966753959656,0.5535966753959656
3951,0.5537850856781006,0.5537850856781006,0.5537850856781006
3952,0.5539419054985046,0.5539419054985046,0.5539419054985046
3954,0.5540347695350647,0.5540347695350647,0.5540347695350647
3956,0.5540567636489868,0.5540567636489868,0.5540567636489868
3957,0.5535345077514648,0.5535345077514648,0.5535345077514648
3959,0.552487850189209,0.552487850189209,0.552487850189209
3960,0.5521876215934753,0.5521876215934753,0.5521876215934753
3961,0.5518077611923218,0.5518077611923218,0.5518077611923218
3962,0.5516349077224731,0.5516349077224731,0.5516349077224731
3963,0.5515414476394653,0.5515414476394653,0.5515414476394653
3967,0.5509732961654663,0.5509732961654663,0.5509732961654663
3969,0.5507832169532776,0.5507832169532776,0.5507832169532776
3971,0.5508923530578613,0.5508923530578613,0.5508923530578613
3973,0.5505759716033936,0.5505759716033936,0.5505759716033936
3975,0.550873339176178,0.550873339176178,0.550873339176178
3976,0.5510938167572021,0.5510938167572021,0.5510938167572021
3977,0.5512973666191101,0.5512973666191101,0.5512973666191101
3979,0.551790177822113,0.551790177822113,0.551790177822113
3980,0.5521319508552551,0.5521319508552551,0.5521319508552551
3982,0.5518999695777893,0.5518999695777893,0.5518999695777893
3983,0.5515478849411011,0.5515478849411011,0.5515478849411011
3990,0.5502635836601257,0.5502635836601257,0.5502635836601257
3991,0.5502464771270752,0.5502464771270752,0.5502464771270752
3992,0.5498462319374084,0.5498462319374084,0.5498462319374084
3994,0.5494897961616516,0.5494897961616516,0.5494897961616516
3998,0.54901123046875,0.54901123046875,0.54901123046875
3999,0.5488367080688477,0.5488367080688477,0.5488367080688477
4001,0.5485486388206482,0.5485486388206482,0.5485486388206482
4002,0.5487627983093262,0.5487627983093262,0.5487627983093262
4003,0.5490521788597107,0.5490521788597107,0.5490521788597107
4009,0.5475289225578308,0.5475289225578308,0.5475289225578308
4010,0.5472506880760193,0.5472506880760193,0.5472506880760193
4013,0.5458335876464844,0.5458335876464844,0.5458335876464844
4015,0.5460585951805115,0.5460585951805115,0.5460585951805115
4017,0.5461856722831726,0.5461856722831726,0.5461856722831726
4018,0.5462145805358887,0.5462145805358887,0.5462145805358887
4022,0.5465679168701172,0.5465679168701172,0.5465679168701172
4025,0.5465850830078125,0.5465850830078125,0.5465850830078125
4026,0.5468581914901733,0.5468581914901733,0.5468581914901733
4030,0.5461090207099915,0.5461090207099915,0.5461090207099915
4033,0.546362042427063,0.546362042427063,0.546362042427063
4040,0.5476844310760498,0.5476844310760498,0.5476844310760498
4041,0.5479087829589844,0.5479087829589844,0.5479087829589844
4044,0.5470669865608215,0.5470669865608215,0.5470669865608215
4054,0.5485652089118958,0.5485652089118958,0.5485652089118958
4055,0.5488441586494446,0.5488441586494446,0.5488441586494446
4056,0.5489107966423035,0.5489107966423035,0.5489107966423035
4060,0.548259973526001,0.548259973526001,0.548259973526001
4061,0.5482219457626343,0.5482219457626343,0.5482219457626343
4065,0.5467779040336609,0.5467779040336609,0.5467779040336609
4067,0.5467327833175659,0.5467327833175659,0.5467327833175659
4073,0.5462153553962708,0.5462153553962708,0.5462153553962708
4075,0.5467137694358826,0.5467137694358826,0.5467137694358826
4082,0.546640932559967,0.546640932559967,0.546640932559967
4086,0.5474126935005188,0.5474126935005188,0.5474126935005188
4088,0.5481982231140137,0.5481982231140137,0.5481982231140137
4090,0.5486321449279785,0.5486321449279785,0.5486321449279785
4091,0.5484062433242798,0.5484062433242798,0.5484062433242798
4092,0.5480793118476868,0.5480793118476868,0.5480793118476868
4093,0.5477458834648132,0.5477458834648132,0.5477458834648132
4097,0.5472692847251892,0.5472692847251892,0.5472692847251892
4098,0.547446608543396,0.547446608543396,0.547446608543396
4100,0.5474570393562317,0.5474570393562317,0.5474570393562317
4101,0.5472259521484375,0.5472259521484375,0.5472259521484375
4102,0.5469390153884888,0.5469390153884888,0.5469390153884888
4103,0.5466607213020325,0.5466607213020325,0.5466607213020325
4104,0.5465484857559204,0.5465484857559204,0.5465484857559204
4105,0.5463804006576538,0.5463804006576538,0.5463804006576538
4106,0.5463635325431824,0.5463635325431824,0.5463635325431824
4107,0.5464571714401245,0.5464571714401245,0.5464571714401245
4109,0.5465888381004333,0.5465888381004333,0.5465888381004333
4112,0.5467516183853149,0.5467516183853149,0.5467516183853149
4113,0.5462386608123779,0.5462386608123779,0.5462386608123779
4114,0.546759307384491,0.546759307384491,0.546759307384491
4115,0.5466881394386292,0.5466881394386292,0.5466881394386292
4116,0.546386182308197,0.546386182308197,0.546386182308197
4117,0.5462433099746704,0.5462433099746704,0.5462433099746704
4118,0.5464151501655579,0.5464151501655579,0.5464151501655579
4120,0.5456039905548096,0.5456039905548096,0.5456039905548096
4127,0.5454392433166504,0.5454392433166504,0.5454392433166504
4131,0.5461781620979309,0.5461781620979309,0.5461781620979309
4132,0.5465151071548462,0.5465151071548462,0.5465151071548462
4135,0.5469523668289185,0.5469523668289185,0.5469523668289185
4141,0.5465684533119202,0.5465684533119202,0.5465684533119202
4142,0.5464319586753845,0.5464319586753845,0.5464319586753845
4143,0.5461599826812744,0.5461599826812744,0.5461599826812744
4144,0.5460160374641418,0.5460160374641418,0.5460160374641418
4145,0.5458576083183289,0.5458576083183289,0.5458576083183289
4146,0.5455789566040039,0.5455789566040039,0.5455789566040039
4148,0.5454174280166626,0.5454174280166626,0.5454174280166626
4149,0.5453270673751831,0.5453270673751831,0.5453270673751831
4150,0.5451445579528809,0.5451445579528809,0.5451445579528809
4151,0.5448945760726929,0.5448945760726929,0.5448945760726929
4152,0.5446903109550476,0.5446903109550476,0.5446903109550476
4153,0.5445938110351562,0.5445938110351562,0.5445938110351562
4159,0.5442540645599365,0.5442540645599365,0.5442540645599365
4160,0.5440709590911865,0.5440709590911865,0.5440709590911865
4162,0.5439386963844299,0.5439386963844299,0.5439386963844299
4163,0.5437675714492798,0.5437675714492798,0.5437675714492798
4164,0.5433486700057983,0.5433486700057983,0.5433486700057983
4166,0.5442296862602234,0.5442296862602234,0.5442296862602234
4170,0.5438541173934937,0.5438541173934937,0.5438541173934937
4171,0.5444260835647583,0.5444260835647583,0.5444260835647583
4176,0.5442976951599121,0.5442976951599121,0.5442976951599121
4178,0.5435056686401367,0.5435056686401367,0.5435056686401367
4181,0.5437891483306885,0.5437891483306885,0.5437891483306885
4182,0.5437368154525757,0.5437368154525757,0.5437368154525757
4185,0.5434840321540833,0.5434840321540833,0.5434840321540833
4187,0.5430617928504944,0.5430617928504944,0.5430617928504944
4189,0.5422756671905518,0.5422756671905518,0.5422756671905518
4196,0.5429457426071167,0.5429457426071167,0.5429457426071167
4198,0.5437809228897095,0.5437809228897095,0.5437809228897095
4199,0.5440496802330017,0.5440496802330017,0.5440496802330017
4200,0.5444749593734741,0.5444749593734741,0.5444749593734741
4203,0.5448482632637024,0.5448482632637024,0.5448482632637024
4204,0.5451144576072693,0.5451144576072693,0.5451144576072693
4207,0.5442764759063721,0.5442764759063721,0.5442764759063721
4211,0.5436123013496399,0.5436123013496399,0.5436123013496399
4213,0.5433047413825989,0.5433047413825989,0.5433047413825989
4214,0.5427550077438354,0.5427550077438354,0.5427550077438354
4216,0.5423324704170227,0.5423324704170227,0.5423324704170227
4223,0.5425717830657959,0.5425717830657959,0.5425717830657959
4225,0.5431132316589355,0.5431132316589355,0.5431132316589355
4226,0.5436978340148926,0.5436978340148926,0.5436978340148926
4227,0.5441630482673645,0.5441630482673645,0.5441630482673645
4228,0.5445101857185364,0.5445101857185364,0.5445101857185364
4229,0.5446271896362305,0.5446271896362305,0.5446271896362305
4230,0.5451469421386719,0.5451469421386719,0.5451469421386719
4231,0.5453559756278992,0.5453559756278992,0.5453559756278992
4232,0.5457406044006348,0.5457406044006348,0.5457406044006348
4233,0.5459438562393188,0.5459438562393188,0.5459438562393188
4234,0.5465149283409119,0.5465149283409119,0.5465149283409119
4239,0.5480278730392456,0.5480278730392456,0.5480278730392456
4241,0.5474116802215576,0.5474116802215576,0.5474116802215576
4243,0.5478269457817078,0.5478269457817078,0.5478269457817078
4245,0.5475037693977356,0.5475037693977356,0.5475037693977356
4247,0.5486933588981628,0.5486933588981628,0.5486933588981628
4248,0.5491594076156616,0.5491594076156616,0.5491594076156616
4251,0.5485098361968994,0.5485098361968994,0.5485098361968994
4252,0.5479714870452881,0.5479714870452881,0.5479714870452881
4258,0.5476539134979248,0.5476539134979248,0.5476539134979248
4263,0.5472947955131531,0.5472947955131531,0.5472947955131531
4269,0.5464955568313599,0.5464955568313599,0.5464955568313599
4270,0.5459082722663879,0.5459082722663879,0.5459082722663879
4271,0.5455045700073242,0.5455045700073242,0.5455045700073242
4273,0.5454531311988831,0.5454531311988831,0.5454531311988831
4275,0.5463326573371887,0.5463326573371887,0.5463326573371887
4276,0.546532154083252,0.546532154083252,0.546532154083252
4277,0.5466368198394775,0.5466368198394775,0.5466368198394775
4278,0.5470998287200928,0.5470998287200928,0.5470998287200928
4279,0.5473723411560059,0.5473723411560059,0.5473723411560059
4281,0.5476515293121338,0.5476515293121338,0.5476515293121338
4282,0.5474244356155396,0.5474244356155396,0.5474244356155396
4286,0.5466258525848389,0.5466258525848389,0.5466258525848389
4289,0.5467609167098999,0.5467609167098999,0.5467609167098999
4291,0.5461755394935608,0.5461755394935608,0.5461755394935608
4296,0.546171247959137,0.546171247959137,0.546171247959137
4298,0.5474177598953247,0.5474177598953247,0.5474177598953247
4299,0.5476356744766235,0.5476356744766235,0.5476356744766235
4305,0.5468631982803345,0.5468631982803345,0.5468631982803345
4309,0.5469538569450378,0.5469538569450378,0.5469538569450378
4313,0.546371579170227,0.546371579170227,0.546371579170227
4314,0.5464528203010559,0.5464528203010559,0.5464528203010559
4315,0.546928346157074,0.546928346157074,0.546928346157074
4318,0.5472286939620972,0.5472286939620972,0.5472286939620972
4319,0.5471804738044739,0.5471804738044739,0.5471804738044739
4320,0.5472291111946106,0.5472291111946106,0.5472291111946106
4322,0.5472119450569153,0.5472119450569153,0.5472119450569153
4323,0.5473146438598633,0.5473146438598633,0.5473146438598633
4327,0.5472434759140015,0.5472434759140015,0.5472434759140015
4329,0.547646701335907,0.547646701335907,0.547646701335907
4330,0.5480496287345886,0.5480496287345886,0.5480496287345886
4334,0.5481946468353271,0.5481946468353271,0.5481946468353271
4335,0.5488319396972656,0.5488319396972656,0.5488319396972656
4336,0.5488731265068054,0.5488731265068054,0.5488731265068054
4338,0.5476550459861755,0.5476550459861755,0.5476550459861755
4339,0.547405481338501,0.547405481338501,0.547405481338501
4341,0.5469792485237122,0.5469792485237122,0.5469792485237122
4342,0.5465489625930786,0.5465489625930786,0.5465489625930786
4343,0.5462589859962463,0.5462589859962463,0.5462589859962463
4345,0.5461762547492981,0.5461762547492981,0.5461762547492981
4346,0.5461859107017517,0.5461859107017517,0.5461859107017517
4347,0.5463559627532959,0.5463559627532959,0.5463559627532959
4349,0.5468640327453613,0.5468640327453613,0.5468640327453613
4350,0.5469193458557129,0.5469193458557129,0.5469193458557129
4351,0.5469049215316772,0.5469049215316772,0.5469049215316772
4352,0.54646897315979,0.54646897315979,0.54646897315979
4353,0.546283483505249,0.546283483505249,0.546283483505249
4355,0.5471087694168091,0.5471087694168091,0.5471087694168091
4359,0.5479405522346497,0.5479405522346497,0.5479405522346497
4360,0.5480503439903259,0.5480503439903259,0.5480503439903259
4362,0.5474488139152527,0.5474488139152527,0.5474488139152527
4364,0.5470234155654907,0.5470234155654907,0.5470234155654907
4368,0.5461733937263489,0.5461733937263489,0.5461733937263489
4370,0.5453739166259766,0.5453739166259766,0.5453739166259766
4372,0.5449367165565491,0.5449367165565491,0.5449367165565491
4374,0.5449029803276062,0.5449029803276062,0.5449029803276062
4375,0.5449106097221375,0.5449106097221375,0.5449106097221375
4376,0.5445389151573181,0.5445389151573181,0.5445389151573181
4377,0.5443769097328186,0.5443769097328186,0.5443769097328186
4378,0.5443791747093201,0.5443791747093201,0.5443791747093201
4380,0.5452120900154114,0.5452120900154114,0.5452120900154114
4382,0.5452819466590881,0.5452819466590881,0.5452819466590881
4383,0.5455670952796936,0.5455670952796936,0.5455670952796936
4385,0.5461481213569641,0.5461481213569641,0.5461481213569641
4387,0.5463706254959106,0.5463706254959106,0.5463706254959106
4388,0.5465860366821289,0.5465860366821289,0.5465860366821289
4391,0.5464677810668945,0.5464677810668945,0.5464677810668945
4392,0.5463467240333557,0.5463467240333557,0.5463467240333557
4393,0.5462566018104553,0.5462566018104553,0.5462566018104553
4401,0.5468258261680603,0.5468258261680603,0.5468258261680603
4403,0.5457848906517029,0.5457848906517029,0.5457848906517029
4405,0.5457055568695068,0.5457055568695068,0.5457055568695068
4406,0.5454924702644348,0.5454924702644348,0.5454924702644348
4407,0.5447928309440613,0.5447928309440613,0.5447928309440613
4409,0.5446271896362305,0.5446271896362305,0.5446271896362305
4411,0.5451144576072693,0.5451144576072693,0.5451144576072693
4412,0.5451489090919495,0.5451489090919495,0.5451489090919495
4413,0.5451242923736572,0.5451242923736572,0.5451242923736572
4414,0.544836699962616,0.544836699962616,0.544836699962616
4416,0.5447568893432617,0.5447568893432617,0.5447568893432617
4419,0.5444692969322205,0.5444692969322205,0.5444692969322205
4420,0.5442872643470764,0.5442872643470764,0.5442872643470764
4421,0.5442773103713989,0.5442773103713989,0.5442773103713989
4422,0.5435846447944641,0.5435846447944641,0.5435846447944641
4425,0.5432966947555542,0.5432966947555542,0.5432966947555542
4426,0.5431464314460754,0.5431464314460754,0.5431464314460754
4428,0.5431345701217651,0.5431345701217651,0.5431345701217651
4430,0.5431753396987915,0.5431753396987915,0.5431753396987915
4433,0.5421192646026611,0.5421192646026611,0.5421192646026611
4438,0.5424860715866089,0.5424860715866089,0.5424860715866089
4440,0.5416628122329712,0.5416628122329712,0.5416628122329712
4441,0.5415433049201965,0.5415433049201965,0.5415433049201965
4443,0.5416966080665588,0.5416966080665588,0.5416966080665588
4444,0.5413423776626587,0.5413423776626587,0.5413423776626587
4446,0.5413019061088562,0.5413019061088562,0.5413019061088562
4448,0.5408739447593689,0.5408739447593689,0.5408739447593689
4449,0.5410522222518921,0.5410522222518921,0.5410522222518921
4451,0.5412918329238892,0.5412918329238892,0.5412918329238892
4454,0.5402985215187073,0.5402985215187073,0.5402985215187073
4459,0.5402369499206543,0.5402369499206543,0.5402369499206543
4466,0.5380077958106995,0.5380077958106995,0.5380077958106995
4469,0.5368021130561829,0.5368021130561829,0.5368021130561829
4471,0.5372952818870544,0.5372952818870544,0.5372952818870544
4472,0.537367582321167,0.537367582321167,0.537367582321167
4474,0.537249743938446,0.537249743938446,0.537249743938446
4477,0.5373137593269348,0.5373137593269348,0.5373137593269348
4479,0.5376104116439819,0.5376104116439819,0.5376104116439819
4481,0.5374797582626343,0.5374797582626343,0.5374797582626343
4482,0.5375083088874817,0.5375083088874817,0.5375083088874817
4487,0.5376842617988586,0.5376842617988586,0.5376842617988586
4488,0.5376113057136536,0.5376113057136536,0.5376113057136536
4490,0.5376074910163879,0.5376074910163879,0.5376074910163879
4492,0.5378929972648621,0.5378929972648621,0.5378929972648621
4493,0.5377472043037415,0.5377472043037415,0.5377472043037415
4494,0.537807285785675,0.537807285785675,0.537807285785675
4495,0.5379201173782349,0.5379201173782349,0.5379201173782349
4497,0.5377371311187744,0.5377371311187744,0.5377371311187744
4502,0.5383041501045227,0.5383041501045227,0.5383041501045227
4503,0.5380461812019348,0.5380461812019348,0.5380461812019348
4504,0.5379930734634399,0.5379930734634399,0.5379930734634399
4506,0.538453221321106,0.538453221321106,0.538453221321106
4508,0.5385451912879944,0.5385451912879944,0.5385451912879944
4511,0.538294792175293,0.538294792175293,0.538294792175293
4512,0.5384420156478882,0.5384420156478882,0.5384420156478882
4513,0.538417637348175,0.538417637348175,0.538417637348175
4519,0.5389400720596313,0.5389400720596313,0.5389400720596313
4520,0.5390471816062927,0.5390471816062927,0.5390471816062927
4521,0.5391409993171692,0.5391409993171692,0.5391409993171692
4522,0.538847804069519,0.538847804069519,0.538847804069519
4523,0.5386214852333069,0.5386214852333069,0.5386214852333069
4524,0.5381807088851929,0.5381807088851929,0.5381807088851929
4527,0.5377858281135559,0.5377858281135559,0.5377858281135559
4528,0.5380446910858154,0.5380446910858154,0.5380446910858154
4531,0.5390312075614929,0.5390312075614929,0.5390312075614929
4533,0.5388543605804443,0.5388543605804443,0.5388543605804443
4534,0.5390300750732422,0.5390300750732422,0.5390300750732422
4535,0.5388897061347961,0.5388897061347961,0.5388897061347961
4539,0.5391328930854797,0.5391328930854797,0.5391328930854797
4540,0.5395810008049011,0.5395810008049011,0.5395810008049011
4542,0.5400795936584473,0.5400795936584473,0.5400795936584473
4543,0.5397397875785828,0.5397397875785828,0.5397397875785828
4544,0.5396818518638611,0.5396818518638611,0.5396818518638611
4548,0.5408558249473572,0.5408558249473572,0.5408558249473572
4549,0.540903627872467,0.540903627872467,0.540903627872467
4550,0.5406745672225952,0.5406745672225952,0.5406745672225952
4551,0.5401533842086792,0.5401533842086792,0.5401533842086792
4554,0.5400556325912476,0.5400556325912476,0.5400556325912476
4556,0.5394793748855591,0.5394793748855591,0.5394793748855591
4559,0.5383707880973816,0.5383707880973816,0.5383707880973816
4560,0.5373861789703369,0.5373861789703369,0.5373861789703369
4561,0.5368039608001709,0.5368039608001709,0.5368039608001709
4564,0.5356174111366272,0.5356174111366272,0.5356174111366272
4565,0.5359941124916077,0.5359941124916077,0.5359941124916077
4566,0.5360390543937683,0.5360390543937683,0.5360390543937683
4567,0.5356982946395874,0.5356982946395874,0.5356982946395874
4568,0.5352690815925598,0.5352690815925598,0.5352690815925598
4570,0.5345909595489502,0.5345909595489502,0.5345909595489502
4571,0.5348080396652222,0.5348080396652222,0.5348080396652222
4574,0.5344846248626709,0.5344846248626709,0.5344846248626709
4575,0.534182608127594,0.534182608127594,0.534182608127594
4576,0.5336795449256897,0.5336795449256897,0.5336795449256897
4577,0.5335332751274109,0.5335332751274109,0.5335332751274109
4578,0.5336829423904419,0.5336829423904419,0.5336829423904419
4579,0.5340784192085266,0.5340784192085266,0.5340784192085266
4580,0.5341399312019348,0.5341399312019348,0.5341399312019348
4582,0.5333378911018372,0.5333378911018372,0.5333378911018372
4583,0.532690167427063,0.532690167427063,0.532690167427063
4584,0.5327394604682922,0.5327394604682922,0.5327394604682922
4587,0.5326664447784424,0.5326664447784424,0.5326664447784424
4588,0.5325352549552917,0.5325352549552917,0.5325352549552917
4592,0.5322914719581604,0.5322914719581604,0.5322914719581604
4595,0.5328764319419861,0.5328764319419861,0.5328764319419861
4596,0.5324073433876038,0.5324073433876038,0.5324073433876038
4597,0.5320945382118225,0.5320945382118225,0.5320945382118225
4601,0.5312605500221252,0.5312605500221252,0.5312605500221252
4602,0.5310672521591187,0.5310672521591187,0.5310672521591187
4603,0.5310891270637512,0.5310891270637512,0.5310891270637512
4605,0.5317291021347046,0.5317291021347046,0.5317291021347046
4606,0.5318529605865479,0.5318529605865479,0.5318529605865479
4607,0.5319309234619141,0.5319309234619141,0.5319309234619141
4608,0.5315461754798889,0.5315461754798889,0.5315461754798889
4609,0.5310416221618652,0.5310416221618652,0.5310416221618652
4610,0.5307392477989197,0.5307392477989197,0.5307392477989197
4611,0.5306094288825989,0.5306094288825989,0.5306094288825989
4612,0.5305038690567017,0.5305038690567017,0.5305038690567017
4617,0.5294386744499207,0.5294386744499207,0.5294386744499207
4619,0.53005051612854,0.53005051612854,0.53005051612854
4620,0.5299774408340454,0.5299774408340454,0.5299774408340454
4622,0.529597282409668,0.529597282409668,0.529597282409668
4626,0.5302836298942566,0.5302836298942566,0.5302836298942566
4627,0.5300838947296143,0.5300838947296143,0.5300838947296143
4628,0.5299744606018066,0.5299744606018066,0.5299744606018066
4629,0.5297580361366272,0.5297580361366272,0.5297580361366272
4631,0.5299252271652222,0.5299252271652222,0.5299252271652222
4632,0.5299311876296997,0.5299311876296997,0.5299311876296997
4634,0.5295248627662659,0.5295248627662659,0.5295248627662659
4636,0.5300182104110718,0.5300182104110718,0.5300182104110718
4638,0.5306327939033508,0.5306327939033508,0.5306327939033508
4640,0.531028151512146,0.531028151512146,0.531028151512146
4641,0.5308781266212463,0.5308781266212463,0.5308781266212463
4643,0.5312111377716064,0.5312111377716064,0.5312111377716064
4645,0.5305830240249634,0.5305830240249634,0.5305830240249634
4648,0.5314188599586487,0.5314188599586487,0.5314188599586487
4649,0.5315061807632446,0.5315061807632446,0.5315061807632446
4651,0.5308840870857239,0.5308840870857239,0.5308840870857239
4652,0.5308173298835754,0.5308173298835754,0.5308173298835754
4654,0.5315423011779785,0.5315423011779785,0.5315423011779785
4656,0.5319463014602661,0.5319463014602661,0.5319463014602661
4659,0.5326433181762695,0.5326433181762695,0.5326433181762695
4660,0.5328754186630249,0.5328754186630249,0.5328754186630249
4662,0.533299446105957,0.533299446105957,0.533299446105957
4666,0.5334157943725586,0.5334157943725586,0.5334157943725586
4667,0.5331634879112244,0.5331634879112244,0.5331634879112244
4671,0.5317844748497009,0.5317844748497009,0.5317844748497009
4672,0.5312618017196655,0.5312618017196655,0.5312618017196655
4673,0.530755877494812,0.530755877494812,0.530755877494812
4674,0.5304184556007385,0.5304184556007385,0.5304184556007385
4675,0.5305028557777405,0.5305028557777405,0.5305028557777405
4677,0.5304245948791504,0.5304245948791504,0.5304245948791504
4678,0.5300701260566711,0.5300701260566711,0.5300701260566711
4681,0.5297791361808777,0.5297791361808777,0.5297791361808777
4682,0.5297861695289612,0.5297861695289612,0.5297861695289612
4688,0.5305382013320923,0.5305382013320923,0.5305382013320923
4689,0.5302264094352722,0.5302264094352722,0.5302264094352722
4690,0.5300760269165039,0.5300760269165039,0.5300760269165039
4695,0.5297389626502991,0.5297389626502991,0.5297389626502991
4697,0.5291165113449097,0.5291165113449097,0.5291165113449097
4699,0.528863787651062,0.528863787651062,0.528863787651062
4705,0.529420793056488,0.529420793056488,0.529420793056488
4706,0.5292753577232361,0.5292753577232361,0.5292753577232361
4708,0.5293174386024475,0.5293174386024475,0.5293174386024475
4709,0.5294665694236755,0.5294665694236755,0.5294665694236755
4711,0.5295368432998657,0.5295368432998657,0.5295368432998657
4713,0.529447615146637,0.529447615146637,0.529447615146637
4714,0.5292040109634399,0.5292040109634399,0.5292040109634399
4716,0.5301635265350342,0.5301635265350342,0.5301635265350342
4719,0.5303446054458618,0.5303446054458618,0.5303446054458618
4720,0.5305750370025635,0.5305750370025635,0.5305750370025635
4721,0.5311330556869507,0.5311330556869507,0.5311330556869507
4727,0.5326319932937622,0.5326319932937622,0.5326319932937622
4728,0.5328093767166138,0.5328093767166138,0.5328093767166138
4730,0.5332660675048828,0.5332660675048828,0.5332660675048828
4732,0.5329011678695679,0.5329011678695679,0.5329011678695679
4734,0.5322157144546509,0.5322157144546509,0.5322157144546509
4735,0.5325280427932739,0.5325280427932739,0.5325280427932739
4736,0.5326823592185974,0.5326823592185974,0.5326823592185974
4737,0.5327087044715881,0.5327087044715881,0.5327087044715881
4743,0.5323811173439026,0.5323811173439026,0.5323811173439026
4751,0.5324215888977051,0.5324215888977051,0.5324215888977051
4752,0.5325873494148254,0.5325873494148254,0.5325873494148254
4753,0.5323042273521423,0.5323042273521423,0.5323042273521423
4754,0.5320326685905457,0.5320326685905457,0.5320326685905457
4757,0.5323545336723328,0.5323545336723328,0.5323545336723328
4759,0.5319238901138306,0.5319238901138306,0.5319238901138306
4760,0.5322003364562988,0.5322003364562988,0.5322003364562988
4763,0.5320700407028198,0.5320700407028198,0.5320700407028198
4764,0.5317440032958984,0.5317440032958984,0.5317440032958984
4772,0.5305792689323425,0.5305792689323425,0.5305792689323425
4773,0.5299956202507019,0.5299956202507019,0.5299956202507019
4774,0.5296761393547058,0.5296761393547058,0.5296761393547058
4775,0.5299378633499146,0.5299378633499146,0.5299378633499146
4776,0.5300697088241577,0.5300697088241577,0.5300697088241577
4779,0.5290836691856384,0.5290836691856384,0.5290836691856384
4780,0.5285850763320923,0.5285850763320923,0.5285850763320923
4781,0.5282471776008606,0.5282471776008606,0.5282471776008606
4784,0.5293172001838684,0.5293172001838684,0.5293172001838684
4785,0.5295634269714355,0.5295634269714355,0.5295634269714355
4786,0.5295095443725586,0.5295095443725586,0.5295095443725586
4790,0.5294336676597595,0.5294336676597595,0.5294336676597595
4791,0.5298928618431091,0.5298928618431091,0.5298928618431091
4793,0.5301940441131592,0.5301940441131592,0.5301940441131592
4795,0.5306017994880676,0.5306017994880676,0.5306017994880676
4796,0.5308822989463806,0.5308822989463806,0.5308822989463806
4798,0.5314081907272339,0.5314081907272339,0.5314081907272339
4800,0.5308729410171509,0.5308729410171509,0.5308729410171509
4801,0.5306649208068848,0.5306649208068848,0.5306649208068848
4805,0.5302537679672241,0.5302537679672241,0.5302537679672241
4807,0.5301609635353088,0.5301609635353088,0.5301609635353088
4809,0.5309416651725769,0.5309416651725769,0.5309416651725769
4810,0.5309502482414246,0.5309502482414246,0.5309502482414246
4811,0.5309272408485413,0.5309272408485413,0.5309272408485413
4813,0.5313040614128113,0.5313040614128113,0.5313040614128113
4817,0.5311996340751648,0.5311996340751648,0.5311996340751648
4819,0.5313260555267334,0.5313260555267334,0.5313260555267334
4820,0.5312914252281189,0.5312914252281189,0.5312914252281189
4822,0.5307762622833252,0.5307762622833252,0.5307762622833252
4823,0.5304099321365356,0.5304099321365356,0.5304099321365356
4824,0.5304678678512573,0.5304678678512573,0.5304678678512573
4825,0.530260443687439,0.530260443687439,0.530260443687439
4827,0.5294252038002014,0.5294252038002014,0.5294252038002014
4830,0.529198944568634,0.529198944568634,0.529198944568634
4832,0.5286267995834351,0.5286267995834351,0.5286267995834351
4836,0.5292720794677734,0.5292720794677734,0.5292720794677734
4839,0.5296885371208191,0.5296885371208191,0.5296885371208191
4840,0.5295183658599854,0.5295183658599854,0.5295183658599854
4842,0.530130922794342,0.530130922794342,0.530130922794342
4844,0.5308592915534973,0.5308592915534973,0.5308592915534973
4846,0.530933678150177,0.530933678150177,0.530933678150177
4852,0.5321332812309265,0.5321332812309265,0.5321332812309265
4853,0.5324460864067078,0.5324460864067078,0.5324460864067078
4861,0.5328152179718018,0.5328152179718018,0.5328152179718018
4862,0.5329242944717407,0.5329242944717407,0.5329242944717407
4863,0.5325268507003784,0.5325268507003784,0.5325268507003784
4871,0.5347942113876343,0.5347942113876343,0.5347942113876343
4876,0.5343742966651917,0.5343742966651917,0.5343742966651917
4879,0.5345578193664551,0.5345578193664551,0.5345578193664551
4880,0.5347772836685181,0.5347772836685181,0.5347772836685181
4887,0.5332707762718201,0.5332707762718201,0.5332707762718201
4889,0.5330376029014587,0.5330376029014587,0.5330376029014587
4891,0.5331409573554993,0.5331409573554993,0.5331409573554993
4894,0.5341640114784241,0.5341640114784241,0.5341640114784241
4895,0.5345924496650696,0.5345924496650696,0.5345924496650696
4897,0.5345984697341919,0.5345984697341919,0.5345984697341919
4902,0.5351822376251221,0.5351822376251221,0.5351822376251221
4903,0.5354016423225403,0.5354016423225403,0.5354016423225403
4904,0.5356587767601013,0.5356587767601013,0.5356587767601013
4907,0.5358445644378662,0.5358445644378662,0.5358445644378662
4910,0.535626232624054,0.535626232624054,0.535626232624054
4912,0.5364863276481628,0.5364863276481628,0.5364863276481628
4914,0.5368512868881226,0.5368512868881226,0.5368512868881226
4915,0.5366874933242798,0.5366874933242798,0.5366874933242798
4917,0.5361858010292053,0.5361858010292053,0.5361858010292053
4918,0.5362992286682129,0.5362992286682129,0.5362992286682129
4919,0.536106526851654,0.536106526851654,0.536106526851654
4920,0.535679280757904,0.535679280757904,0.535679280757904
4922,0.5356752872467041,0.5356752872467041,0.5356752872467041
4924,0.5361524224281311,0.5361524224281311,0.5361524224281311
4926,0.5366747975349426,0.5366747975349426,0.5366747975349426
4928,0.5370222926139832,0.5370222926139832,0.5370222926139832
4930,0.5373481512069702,0.5373481512069702,0.5373481512069702
4931,0.5377402901649475,0.5377402901649475,0.5377402901649475
4936,0.5396281480789185,0.5396281480789185,0.5396281480789185
4938,0.5400837659835815,0.5400837659835815,0.5400837659835815
4941,0.539878249168396,0.539878249168396,0.539878249168396
4943,0.5405436754226685,0.5405436754226685,0.5405436754226685
4944,0.5404724478721619,0.5404724478721619,0.5404724478721619
4945,0.5405120849609375,0.5405120849609375,0.5405120849609375
4947,0.5403218269348145,0.5403218269348145,0.5403218269348145
4951,0.5395311117172241,0.5395311117172241,0.5395311117172241
4952,0.5397011041641235,0.5397011041641235,0.5397011041641235
4955,0.5385699272155762,0.5385699272155762,0.5385699272155762
4958,0.5384562015533447,0.5384562015533447,0.5384562015533447
4960,0.5391215085983276,0.5391215085983276,0.5391215085983276
4963,0.5386537909507751,0.5386537909507751,0.5386537909507751
4964,0.5387495160102844,0.5387495160102844,0.5387495160102844
4965,0.5388613939285278,0.5388613939285278,0.5388613939285278
4966,0.538765013217926,0.538765013217926,0.538765013217926
4968,0.5394072532653809,0.5394072532653809,0.5394072532653809
4969,0.5392991304397583,0.5392991304397583,0.5392991304397583
4973,0.5395573973655701,0.5395573973655701,0.5395573973655701
4975,0.5398641228675842,0.5398641228675842,0.5398641228675842
4979,0.540397584438324,0.540397584438324,0.540397584438324
4980,0.5404092073440552,0.5404092073440552,0.5404092073440552
4984,0.5413578152656555,0.5413578152656555,0.5413578152656555
4991,0.5441253185272217,0.5441253185272217,0.5441253185272217
4992,0.5442768931388855,0.5442768931388855,0.5442768931388855
4993,0.5445203185081482,0.5445203185081482,0.5445203185081482
4995,0.5451648235321045,0.5451648235321045,0.5451648235321045
4999,0.5453976392745972,0.5453976392745972,0.5453976392745972
5000,0.5452192425727844,0.5452192425727844,0.5452192425727844
5001,0.545310914516449,0.545310914516449,0.545310914516449
5005,0.5452415347099304,0.5452415347099304,0.5452415347099304
5006,0.5451118350028992,0.5451118350028992,0.5451118350028992
5008,0.5445746183395386,0.5445746183395386,0.5445746183395386
5010,0.5453032851219177,0.5453032851219177,0.5453032851219177
5012,0.5459021925926208,0.5459021925926208,0.5459021925926208
5016,0.5465145111083984,0.5465145111083984,0.5465145111083984
5017,0.5468429327011108,0.5468429327011108,0.5468429327011108
5019,0.547111451625824,0.547111451625824,0.547111451625824
5020,0.5473737716674805,0.5473737716674805,0.5473737716674805
5022,0.5478503704071045,0.5478503704071045,0.5478503704071045
5024,0.5474004745483398,0.5474004745483398,0.5474004745483398
5025,0.547193706035614,0.547193706035614,0.547193706035614
5031,0.5480605363845825,0.5480605363845825,0.5480605363845825
5035,0.5492204427719116,0.5492204427719116,0.5492204427719116
5036,0.5496383905410767,0.5496383905410767,0.5496383905410767
5038,0.5499210357666016,0.5499210357666016,0.5499210357666016
5039,0.5498539805412292,0.5498539805412292,0.5498539805412292
5041,0.5497372150421143,0.5497372150421143,0.5497372150421143
5042,0.5493482351303101,0.5493482351303101,0.5493482351303101
5045,0.5506796836853027,0.5506796836853027,0.5506796836853027
5047,0.5514709949493408,0.5514709949493408,0.5514709949493408
5049,0.5516987442970276,0.5516987442970276,0.5516987442970276
5051,0.5528311133384705,0.5528311133384705,0.5528311133384705
5052,0.5534313321113586,0.5534313321113586,0.5534313321113586
5054,0.5535047650337219,0.5535047650337219,0.5535047650337219
5055,0.5534807443618774,0.5534807443618774,0.5534807443618774
5056,0.5534318685531616,0.5534318685531616,0.5534318685531616
5057,0.5539677143096924,0.5539677143096924,0.5539677143096924
5059,0.5551292300224304,0.5551292300224304,0.5551292300224304
5061,0.5558066368103027,0.5558066368103027,0.5558066368103027
5062,0.5562835931777954,0.5562835931777954,0.5562835931777954
5063,0.5564755797386169,0.5564755797386169,0.5564755797386169
5064,0.5567394495010376,0.5567394495010376,0.5567394495010376
5066,0.5573427677154541,0.5573427677154541,0.5573427677154541
5067,0.5577348470687866,0.5577348470687866,0.5577348470687866
5068,0.5582507848739624,0.5582507848739624,0.5582507848739624
5070,0.5589504837989807,0.5589504837989807,0.5589504837989807
5072,0.5594926476478577,0.5594926476478577,0.5594926476478577
5075,0.5604170560836792,0.5604170560836792,0.5604170560836792
5077,0.5613016486167908,0.5613016486167908,0.5613016486167908
5079,0.5616379380226135,0.5616379380226135,0.5616379380226135
5081,0.5630725026130676,0.5630725026130676,0.5630725026130676
5087,0.5646054148674011,0.5646054148674011,0.5646054148674011
5090,0.565219521522522,0.565219521522522,0.565219521522522
5092,0.5661318302154541,0.5661318302154541,0.5661318302154541
5094,0.5669479370117188,0.5669479370117188,0.5669479370117188
5101,0.5695989727973938,0.5695989727973938,0.5695989727973938
5102,0.5700252056121826,0.5700252056121826,0.5700252056121826
5103,0.5702036023139954,0.5702036023139954,0.5702036023139954
5105,0.5705084204673767,0.5705084204673767,0.5705084204673767
5106,0.5704307556152344,0.5704307556152344,0.5704307556152344
5109,0.570479154586792,0.570479154586792,0.570479154586792
5110,0.5710325837135315,0.5710325837135315,0.5710325837135315
5111,0.5715407133102417,0.5715407133102417,0.5715407133102417
5114,0.5704084634780884,0.5704084634780884,0.5704084634780884
5118,0.5713517665863037,0.5713517665863037,0.5713517665863037
5120,0.5714828968048096,0.5714828968048096,0.5714828968048096
5121,0.5714060664176941,0.5714060664176941,0.5714060664176941
5124,0.5716868042945862,0.5716868042945862,0.5716868042945862
5126,0.5723275542259216,0.5723275542259216,0.5723275542259216
5129,0.572321355342865,0.572321355342865,0.572321355342865
5131,0.57310950756073,0.57310950756073,0.57310950756073
5132,0.5732079148292542,0.5732079148292542,0.5732079148292542
5134,0.5730675458908081,0.5730675458908081,0.5730675458908081
5135,0.5729871988296509,0.5729871988296509,0.5729871988296509
5137,0.5724395513534546,0.5724395513534546,0.5724395513534546
5141,0.5721414685249329,0.5721414685249329,0.5721414685249329
5143,0.5725982189178467,0.5725982189178467,0.5725982189178467
5144,0.5726849436759949,0.5726849436759949,0.5726849436759949
5146,0.5728688836097717,0.5728688836097717,0.5728688836097717
5149,0.5716869235038757,0.5716869235038757,0.5716869235038757
5151,0.5710135698318481,0.5710135698318481,0.5710135698318481
5153,0.5712687969207764,0.5712687969207764,0.5712687969207764
5154,0.5714786052703857,0.5714786052703857,0.5714786052703857
5156,0.5716885924339294,0.5716885924339294,0.5716885924339294
5157,0.5718927383422852,0.5718927383422852,0.5718927383422852
5159,0.5719409584999084,0.5719409584999084,0.5719409584999084
5160,0.5723242163658142,0.5723242163658142,0.5723242163658142
5162,0.573223888874054,0.573223888874054,0.573223888874054
5165,0.5738658905029297,0.5738658905029297,0.5738658905029297
5166,0.5739754438400269,0.5739754438400269,0.5739754438400269
5168,0.574094295501709,0.574094295501709,0.574094295501709
5169,0.5739054083824158,0.5739054083824158,0.5739054083824158
5171,0.5746040344238281,0.5746040344238281,0.5746040344238281
5173,0.5745762586593628,0.5745762586593628,0.5745762586593628
5174,0.5745963454246521,0.5745963454246521,0.5745963454246521
5178,0.5752096176147461,0.5752096176147461,0.5752096176147461
5180,0.5756646394729614,0.5756646394729614,0.5756646394729614
5181,0.5758913159370422,0.5758913159370422,0.5758913159370422
5182,0.576126754283905,0.576126754283905,0.576126754283905
5183,0.5762141346931458,0.5762141346931458,0.5762141346931458
5184,0.5761072039604187,0.5761072039604187,0.5761072039604187
5187,0.5769065022468567,0.5769065022468567,0.5769065022468567
5191,0.5776908993721008,0.5776908993721008,0.5776908993721008
5192,0.5780197978019714,0.5780197978019714,0.5780197978019714
5194,0.5784431099891663,0.5784431099891663,0.5784431099891663
5195,0.5780832171440125,0.5780832171440125,0.5780832171440125
5196,0.577926754951477,0.577926754951477,0.577926754951477
5197,0.5782712697982788,0.5782712697982788,0.5782712697982788
5200,0.5784238576889038,0.5784238576889038,0.5784238576889038
5201,0.5782960653305054,0.5782960653305054,0.5782960653305054
5202,0.5784206390380859,0.5784206390380859,0.5784206390380859
5203,0.5789399147033691,0.5789399147033691,0.5789399147033691
5204,0.5796350836753845,0.5796350836753845,0.5796350836753845
5205,0.579822301864624,0.579822301864624,0.579822301864624
5206,0.5797262787818909,0.5797262787818909,0.5797262787818909
5207,0.5797404050827026,0.5797404050827026,0.5797404050827026
5208,0.5795689225196838,0.5795689225196838,0.5795689225196838
5209,0.5799080729484558,0.5799080729484558,0.5799080729484558
5211,0.5802863836288452,0.5802863836288452,0.5802863836288452
5212,0.5805193781852722,0.5805193781852722,0.5805193781852722
5213,0.580851137638092,0.580851137638092,0.580851137638092
5214,0.5809826850891113,0.5809826850891113,0.5809826850891113
5216,0.5816917419433594,0.5816917419433594,0.5816917419433594
5217,0.5817445516586304,0.5817445516586304,0.5817445516586304
5219,0.5813167691230774,0.5813167691230774,0.5813167691230774
5223,0.5806663632392883,0.5806663632392883,0.5806663632392883
5225,0.5809237360954285,0.5809237360954285,0.5809237360954285
5227,0.5816681385040283,0.5816681385040283,0.5816681385040283
5228,0.5819640755653381,0.5819640755653381,0.5819640755653381
5230,0.5828678011894226,0.5828678011894226,0.5828678011894226
5232,0.5828172564506531,0.5828172564506531,0.5828172564506531
5234,0.5834090113639832,0.5834090113639832,0.5834090113639832
5235,0.5838338136672974,0.5838338136672974,0.5838338136672974
5238,0.5848860144615173,0.5848860144615173,0.5848860144615173
5240,0.5853371620178223,0.5853371620178223,0.5853371620178223
5241,0.5857096314430237,0.5857096314430237,0.5857096314430237
5242,0.586022675037384,0.586022675037384,0.586022675037384
5243,0.5855900645256042,0.5855900645256042,0.5855900645256042
5249,0.5847048163414001,0.5847048163414001,0.5847048163414001
5250,0.5853233933448792,0.5853233933448792,0.5853233933448792
5251,0.5854981541633606,0.5854981541633606,0.5854981541633606
5254,0.5860110521316528,0.5860110521316528,0.5860110521316528
5255,0.5866796970367432,0.5866796970367432,0.5866796970367432
5256,0.5869277119636536,0.5869277119636536,0.5869277119636536
5259,0.5880770087242126,0.5880770087242126,0.5880770087242126
5260,0.5879612565040588,0.5879612565040588,0.5879612565040588
5261,0.588024377822876,0.588024377822876,0.588024377822876
5262,0.5877009630203247,0.5877009630203247,0.5877009630203247
5263,0.5872917771339417,0.5872917771339417,0.5872917771339417
5265,0.5884714126586914,0.5884714126586914,0.5884714126586914
5266,0.5885564088821411,0.5885564088821411,0.5885564088821411
5267,0.5886669158935547,0.5886669158935547,0.5886669158935547
5268,0.5886350274085999,0.5886350274085999,0.5886350274085999
5269,0.588754415512085,0.588754415512085,0.588754415512085
5273,0.5894647240638733,0.5894647240638733,0.5894647240638733
5274,0.5898810029029846,0.5898810029029846,0.5898810029029846
5275,0.5902267098426819,0.5902267098426819,0.5902267098426819
5278,0.5912507772445679,0.5912507772445679,0.5912507772445679
5282,0.5935606360435486,0.5935606360435486,0.5935606360435486
5285,0.5937684774398804,0.5937684774398804,0.5937684774398804
5286,0.5935766696929932,0.5935766696929932,0.5935766696929932
5287,0.5935465097427368,0.5935465097427368,0.5935465097427368
5288,0.5936121344566345,0.5936121344566345,0.5936121344566345
5295,0.5961264967918396,0.5961264967918396,0.5961264967918396
5297,0.5961904525756836,0.5961904525756836,0.5961904525756836
5298,0.5963693261146545,0.5963693261146545,0.5963693261146545
5300,0.5965540409088135,0.5965540409088135,0.5965540409088135
5302,0.5966389179229736,0.5966389179229736,0.5966389179229736
5303,0.5964055061340332,0.5964055061340332,0.5964055061340332
5305,0.5963681936264038,0.5963681936264038,0.5963681936264038
5306,0.5967290997505188,0.5967290997505188,0.5967290997505188
5310,0.5970817804336548,0.5970817804336548,0.5970817804336548
5314,0.5975208282470703,0.5975208282470703,0.5975208282470703
5316,0.5980570316314697,0.5980570316314697,0.5980570316314697
5319,0.5991793274879456,0.5991793274879456,0.5991793274879456
5320,0.5991835594177246,0.5991835594177246,0.5991835594177246
5323,0.5985645651817322,0.5985645651817322,0.5985645651817322
5328,0.5999416708946228,0.5999416708946228,0.5999416708946228
5330,0.5999860763549805,0.5999860763549805,0.5999860763549805
5332,0.6002297401428223,0.6002297401428223,0.6002297401428223
5333,0.6003673672676086,0.6003673672676086,0.6003673672676086
5334,0.6007039546966553,0.6007039546966553,0.6007039546966553
5335,0.6008899211883545,0.6008899211883545,0.6008899211883545
5336,0.6007295250892639,0.6007295250892639,0.6007295250892639
5337,0.6005222797393799,0.6005222797393799,0.6005222797393799
5338,0.600067675113678,0.600067675113678,0.600067675113678
5341,0.5999197959899902,0.5999197959899902,0.5999197959899902
5343,0.599847137928009,0.599847137928009,0.599847137928009
5344,0.6000863909721375,0.6000863909721375,0.6000863909721375
5347,0.6003855466842651,0.6003855466842651,0.6003855466842651
5349,0.6003251075744629,0.6003251075744629,0.6003251075744629
5350,0.6000369191169739,0.6000369191169739,0.6000369191169739
5351,0.5997853875160217,0.5997853875160217,0.5997853875160217
5353,0.5987045168876648,0.5987045168876648,0.5987045168876648
5356,0.5982102155685425,0.5982102155685425,0.5982102155685425
5357,0.598007321357727,0.598007321357727,0.598007321357727
5358,0.5985565781593323,0.5985565781593323,0.5985565781593323
5359,0.5992106199264526,0.5992106199264526,0.5992106199264526
5361,0.5993165969848633,0.5993165969848633,0.5993165969848633
5362,0.6001299619674683,0.6001299619674683,0.6001299619674683
5368,0.6024659872055054,0.6024659872055054,0.6024659872055054
5370,0.6019209027290344,0.6019209027290344,0.6019209027290344
5372,0.6027045845985413,0.6027045845985413,0.6027045845985413
5373,0.6026651859283447,0.6026651859283447,0.6026651859283447
5374,0.6020192503929138,0.6020192503929138,0.6020192503929138
5376,0.602506697177887,0.602506697177887,0.602506697177887
5377,0.6025689244270325,0.6025689244270325,0.6025689244270325
5380,0.603428065776825,0.603428065776825,0.603428065776825
5383,0.6027740836143494,0.6027740836143494,0.6027740836143494
5384,0.6025393605232239,0.6025393605232239,0.6025393605232239
5385,0.602387547492981,0.602387547492981,0.602387547492981
5389,0.6003855466842651,0.6003855466842651,0.6003855466842651
5390,0.600191056728363,0.600191056728363,0.600191056728363
5391,0.6000438928604126,0.6000438928604126,0.6000438928604126
5393,0.5989693403244019,0.5989693403244019,0.5989693403244019
5394,0.5986058115959167,0.5986058115959167,0.5986058115959167
5395,0.5987029671669006,0.5987029671669006,0.5987029671669006
5396,0.5988936424255371,0.5988936424255371,0.5988936424255371
5397,0.5989481806755066,0.5989481806755066,0.5989481806755066
5398,0.5987522006034851,0.5987522006034851,0.5987522006034851
5399,0.5982489585876465,0.5982489585876465,0.5982489585876465
5400,0.5981045365333557,0.5981045365333557,0.5981045365333557
5401,0.5977149605751038,0.5977149605751038,0.5977149605751038
5402,0.5971357226371765,0.5971357226371765,0.5971357226371765
5404,0.596722424030304,0.596722424030304,0.596722424030304
5406,0.5973733067512512,0.5973733067512512,0.5973733067512512
5407,0.5979959964752197,0.5979959964752197,0.5979959964752197
5413,0.5984768867492676,0.5984768867492676,0.5984768867492676
5417,0.5977711081504822,0.5977711081504822,0.5977711081504822
5420,0.597068727016449,0.597068727016449,0.597068727016449
5422,0.5979674458503723,0.5979674458503723,0.5979674458503723
5424,0.597555935382843,0.597555935382843,0.597555935382843
5427,0.5979788899421692,0.5979788899421692,0.5979788899421692
5428,0.5978728532791138,0.5978728532791138,0.5978728532791138
5429,0.597167969,0.597167969,0.597167969
5432,0.5969699025154114,0.5969699025154114,0.5969699025154114
5435,0.5969261527061462,0.5969261527061462,0.5969261527061462
5436,0.5968734622001648,0.5968734622001648,0.5968734622001648
5438,0.5975849032402039,0.5975849032402039,0.5975849032402039
5439,0.5980405807495117,0.5980405807495117,0.5980405807495117
5440,0.5978931784629822,0.5978931784629822,0.5978931784629822
5442,0.5974343419075012,0.5974343419075012,0.5974343419075012
5444,0.597324788570404,0.597324788570404,0.597324788570404
5445,0.5972954034805298,0.5972954034805298,0.5972954034805298
5446,0.5974231362342834,0.5974231362342834,0.5974231362342834
5447,0.5973244905471802,0.5973244905471802,0.5973244905471802
5449,0.5972287654876709,0.5972287654876709,0.5972287654876709
5450,0.5969874858856201,0.5969874858856201,0.5969874858856201
5455,0.5961620807647705,0.5961620807647705,0.5961620807647705
5457,0.5949451327323914,0.5949451327323914,0.5949451327323914
5459,0.5941950678825378,0.5941950678825378,0.5941950678825378
5460,0.5939872860908508,0.5939872860908508,0.5939872860908508
5463,0.5936278104782104,0.5936278104782104,0.5936278104782104
5464,0.5936145186424255,0.5936145186424255,0.5936145186424255
5465,0.5938637256622314,0.5938637256622314,0.5938637256622314
5466,0.5942838191986084,0.5942838191986084,0.5942838191986084
5468,0.5941922664642334,0.5941922664642334,0.5941922664642334
5469,0.5938398838043213,0.5938398838043213,0.5938398838043213
5470,0.5934659242630005,0.5934659242630005,0.5934659242630005
5474,0.5928729772567749,0.5928729772567749,0.5928729772567749
5482,0.5938827395439148,0.5938827395439148,0.5938827395439148
5484,0.593289852142334,0.593289852142334,0.593289852142334
5486,0.5925138592720032,0.5925138592720032,0.5925138592720032
5487,0.5923233032226562,0.5923233032226562,0.5923233032226562
5492,0.5921376347541809,0.5921376347541809,0.5921376347541809
5494,0.5916904211044312,0.5916904211044312,0.5916904211044312
5495,0.5916364192962646,0.5916364192962646,0.5916364192962646
5498,0.5919240117073059,0.5919240117073059,0.5919240117073059
5499,0.5920904278755188,0.5920904278755188,0.5920904278755188
5500,0.5924693942070007,0.5924693942070007,0.5924693942070007
5501,0.5922125577926636,0.5922125577926636,0.5922125577926636
5504,0.5930520296096802,0.5930520296096802,0.5930520296096802
5509,0.5906606316566467,0.5906606316566467,0.5906606316566467
5511,0.5892341732978821,0.5892341732978821,0.5892341732978821
5515,0.5891827344894409,0.5891827344894409,0.5891827344894409
5517,0.589746356010437,0.589746356010437,0.589746356010437
5518,0.5898960828781128,0.5898960828781128,0.5898960828781128
5521,0.5888940691947937,0.5888940691947937,0.5888940691947937
5524,0.5894006490707397,0.5894006490707397,0.5894006490707397
5526,0.5896100997924805,0.5896100997924805,0.5896100997924805
5529,0.5902851819992065,0.5902851819992065,0.5902851819992065
5530,0.5905484557151794,0.5905484557151794,0.5905484557151794
5531,0.5911181569099426,0.5911181569099426,0.5911181569099426
5532,0.5913664698600769,0.5913664698600769,0.5913664698600769
5534,0.5919798612594604,0.5919798612594604,0.5919798612594604
5536,0.5925813317298889,0.5925813317298889,0.5925813317298889
5545,0.5909059643745422,0.5909059643745422,0.5909059643745422
5546,0.5906408429145813,0.5906408429145813,0.5906408429145813
5548,0.591120719909668,0.591120719909668,0.591120719909668
5549,0.5905627608299255,0.5905627608299255,0.5905627608299255
5552,0.5899707674980164,0.5899707674980164,0.5899707674980164
5558,0.5905882716178894,0.5905882716178894,0.5905882716178894
5560,0.590965986251831,0.590965986251831,0.590965986251831
5562,0.5911378860473633,0.5911378860473633,0.5911378860473633
5563,0.5911766290664673,0.5911766290664673,0.5911766290664673
5566,0.591850221157074,0.591850221157074,0.591850221157074
5567,0.5917631387710571,0.5917631387710571,0.5917631387710571
5571,0.5924325585365295,0.5924325585365295,0.5924325585365295
5574,0.5929790735244751,0.5929790735244751,0.5929790735244751
5582,0.5925230383872986,0.5925230383872986,0.5925230383872986
5584,0.5916598439216614,0.5916598439216614,0.5916598439216614
5588,0.5901550650596619,0.5901550650596619,0.5901550650596619
5589,0.5899001359939575,0.5899001359939575,0.5899001359939575
5593,0.5902843475341797,0.5902843475341797,0.5902843475341797
5594,0.5904892086982727,0.5904892086982727,0.5904892086982727
5597,0.590828001499176,0.590828001499176,0.590828001499176
5599,0.5908194184303284,0.5908194184303284,0.5908194184303284
5600,0.590445876121521,0.590445876121521,0.590445876121521
5603,0.5906205773353577,0.5906205773353577,0.5906205773353577
5605,0.5903853178024292,0.5903853178024292,0.5903853178024292
5608,0.5914384126663208,0.5914384126663208,0.5914384126663208
5609,0.5914525389671326,0.5914525389671326,0.5914525389671326
5611,0.5915985107421875,0.5915985107421875,0.5915985107421875
5614,0.5917551517486572,0.5917551517486572,0.5917551517486572
5615,0.5910352468490601,0.5910352468490601,0.5910352468490601
5617,0.5905991792678833,0.5905991792678833,0.5905991792678833
5618,0.5908225178718567,0.5908225178718567,0.5908225178718567
5619,0.5909424424171448,0.5909424424171448,0.5909424424171448
5620,0.5910772681236267,0.5910772681236267,0.5910772681236267
5621,0.5909101963043213,0.5909101963043213,0.5909101963043213
5622,0.5901538133621216,0.5901538133621216,0.5901538133621216
5624,0.5900589227676392,0.5900589227676392,0.5900589227676392
5625,0.5898556709289551,0.5898556709289551,0.5898556709289551
5626,0.589572012424469,0.589572012424469,0.589572012424469
5629,0.5886474847793579,0.5886474847793579,0.5886474847793579
5630,0.5889478325843811,0.5889478325843811,0.5889478325843811
5632,0.5880436897277832,0.5880436897277832,0.5880436897277832
5634,0.5874088406562805,0.5874088406562805,0.5874088406562805
5635,0.5875670909881592,0.5875670909881592,0.5875670909881592
5641,0.5867482423782349,0.5867482423782349,0.5867482423782349
5643,0.5863484144210815,0.5863484144210815,0.5863484144210815
5645,0.5859123468399048,0.5859123468399048,0.5859123468399048
5646,0.5855138301849365,0.5855138301849365,0.5855138301849365
5648,0.5852156281471252,0.5852156281471252,0.5852156281471252
5649,0.58514404296875,0.58514404296875,0.58514404296875
5650,0.5850874185562134,0.5850874185562134,0.5850874185562134
5651,0.5849719643592834,0.5849719643592834,0.5849719643592834
5652,0.5847795009613037,0.5847795009613037,0.5847795009613037
5654,0.5847346186637878,0.5847346186637878,0.5847346186637878
5656,0.5856597423553467,0.5856597423553467,0.5856597423553467
5658,0.5856857299804688,0.5856857299804688,0.5856857299804688
5659,0.585177481174469,0.585177481174469,0.585177481174469
5660,0.5853413343429565,0.5853413343429565,0.5853413343429565
5662,0.585060179233551,0.585060179233551,0.585060179233551
5663,0.5843871831893921,0.5843871831893921,0.5843871831893921
5664,0.5842588543891907,0.5842588543891907,0.5842588543891907
5665,0.5842472910881042,0.5842472910881042,0.5842472910881042
5667,0.5845142602920532,0.5845142602920532,0.5845142602920532
5671,0.5852846503257751,0.5852846503257751,0.5852846503257751
5674,0.5860828757286072,0.5860828757286072,0.5860828757286072
5675,0.5862615704536438,0.5862615704536438,0.5862615704536438
5681,0.5862351655960083,0.5862351655960083,0.5862351655960083
5682,0.5856143236160278,0.5856143236160278,0.5856143236160278
5684,0.5846841335296631,0.5846841335296631,0.5846841335296631
5685,0.5842025876045227,0.5842025876045227,0.5842025876045227
5686,0.5837158560752869,0.5837158560752869,0.5837158560752869
5688,0.5836305022239685,0.5836305022239685,0.5836305022239685
5690,0.5829328298568726,0.5829328298568726,0.5829328298568726
5692,0.582424521446228,0.582424521446228,0.582424521446228
5695,0.5817732214927673,0.5817732214927673,0.5817732214927673
5698,0.580432116985321,0.580432116985321,0.580432116985321
5702,0.5798579454421997,0.5798579454421997,0.5798579454421997
5704,0.5799254775047302,0.5799254775047302,0.5799254775047302
5705,0.5796743631362915,0.5796743631362915,0.5796743631362915
5707,0.5790020823478699,0.5790020823478699,0.5790020823478699
5708,0.5786659121513367,0.5786659121513367,0.5786659121513367
5709,0.5783343315124512,0.5783343315124512,0.5783343315124512
5711,0.5783540606498718,0.5783540606498718,0.5783540606498718
5712,0.5783175230026245,0.5783175230026245,0.5783175230026245
5713,0.5784152746200562,0.5784152746200562,0.5784152746200562
5715,0.5790125727653503,0.5790125727653503,0.5790125727653503
5719,0.5776426792144775,0.5776426792144775,0.5776426792144775
5721,0.5770390033721924,0.5770390033721924,0.5770390033721924
5722,0.5769551992416382,0.5769551992416382,0.5769551992416382
5725,0.5774589776992798,0.5774589776992798,0.5774589776992798
5728,0.5769296884536743,0.5769296884536743,0.5769296884536743
5730,0.5760210156440735,0.5760210156440735,0.5760210156440735
5734,0.5745673179626465,0.5745673179626465,0.5745673179626465
5736,0.5740118026733398,0.5740118026733398,0.5740118026733398
5742,0.5740649104118347,0.5740649104118347,0.5740649104118347
5745,0.5745480060577393,0.5745480060577393,0.5745480060577393
5747,0.5751487612724304,0.5751487612724304,0.5751487612724304
5748,0.5753036737442017,0.5753036737442017,0.5753036737442017
5752,0.576566219329834,0.576566219329834,0.576566219329834
5753,0.576462984085083,0.576462984085083,0.576462984085083
5754,0.5758619904518127,0.5758619904518127,0.5758619904518127
5755,0.5752686858177185,0.5752686858177185,0.5752686858177185
5756,0.5756641626358032,0.5756641626358032,0.5756641626358032
5757,0.5759530663490295,0.5759530663490295,0.5759530663490295
5758,0.5758261680603027,0.5758261680603027,0.5758261680603027
5761,0.575559675693512,0.575559675693512,0.575559675693512
5762,0.5756204724311829,0.5756204724311829,0.5756204724311829
5764,0.5752031803131104,0.5752031803131104,0.5752031803131104
5765,0.5750148296356201,0.5750148296356201,0.5750148296356201
5766,0.5748473405838013,0.5748473405838013,0.5748473405838013
5770,0.5746240615844727,0.5746240615844727,0.5746240615844727
5773,0.573759138584137,0.573759138584137,0.573759138584137
5774,0.5736547708511353,0.5736547708511353,0.5736547708511353
5776,0.5737889409065247,0.5737889409065247,0.5737889409065247
5777,0.5738013982772827,0.5738013982772827,0.5738013982772827
5778,0.573767364025116,0.573767364025116,0.573767364025116
5779,0.5739496350288391,0.5739496350288391,0.5739496350288391
5783,0.5747960209846497,0.5747960209846497,0.5747960209846497
5786,0.5749223828315735,0.5749223828315735,0.5749223828315735
5791,0.5748634338378906,0.5748634338378906,0.5748634338378906
5796,0.5742501020431519,0.5742501020431519,0.5742501020431519
5797,0.5744220018386841,0.5744220018386841,0.5744220018386841
5798,0.5748208165168762,0.5748208165168762,0.5748208165168762
5801,0.5757601261138916,0.5757601261138916,0.5757601261138916
5802,0.5760489106178284,0.5760489106178284,0.5760489106178284
5803,0.5759793519973755,0.5759793519973755,0.5759793519973755
5805,0.5756574273109436,0.5756574273109436,0.5756574273109436
5806,0.5757643580436707,0.5757643580436707,0.5757643580436707
5808,0.575690507888794,0.575690507888794,0.575690507888794
5809,0.5755612850189209,0.5755612850189209,0.5755612850189209
5818,0.5746362209320068,0.5746362209320068,0.5746362209320068
5819,0.5745198130607605,0.5745198130607605,0.5745198130607605
5820,0.574328601360321,0.574328601360321,0.574328601360321
5822,0.5752364993095398,0.5752364993095398,0.5752364993095398
5823,0.5757412314414978,0.5757412314414978,0.5757412314414978
5825,0.5754955410957336,0.5754955410957336,0.5754955410957336
5831,0.576936662197113,0.576936662197113,0.576936662197113
5832,0.577144205570221,0.577144205570221,0.577144205570221
5834,0.5777753591537476,0.5777753591537476,0.5777753591537476
5835,0.5782034993171692,0.5782034993171692,0.5782034993171692
5836,0.5787197351455688,0.5787197351455688,0.5787197351455688
5837,0.5789470076560974,0.5789470076560974,0.5789470076560974
5841,0.5786110758781433,0.5786110758781433,0.5786110758781433
5842,0.5788357257843018,0.5788357257843018,0.5788357257843018
5847,0.579414427280426,0.579414427280426,0.579414427280426
5848,0.5795022249221802,0.5795022249221802,0.5795022249221802
5849,0.5790165066719055,0.5790165066719055,0.5790165066719055
5851,0.5785676836967468,0.5785676836967468,0.5785676836967468
5853,0.5785555243492126,0.5785555243492126,0.5785555243492126
5855,0.5778335928916931,0.5778335928916931,0.5778335928916931
5856,0.5775405168533325,0.5775405168533325,0.5775405168533325
5857,0.577492356300354,0.577492356300354,0.577492356300354
5858,0.5771406292915344,0.5771406292915344,0.5771406292915344
5860,0.5758825540542603,0.5758825540542603,0.5758825540542603
5861,0.5760244727134705,0.5760244727134705,0.5760244727134705
5863,0.5763435363769531,0.5763435363769531,0.5763435363769531
5864,0.5764862895011902,0.5764862895011902,0.5764862895011902
5865,0.5764162540435791,0.5764162540435791,0.5764162540435791
5867,0.5772773027420044,0.5772773027420044,0.5772773027420044
5868,0.5774170160293579,0.5774170160293579,0.5774170160293579
5869,0.5770643949508667,0.5770643949508667,0.5770643949508667
5870,0.5764176845550537,0.5764176845550537,0.5764176845550537
5875,0.5764696002006531,0.5764696002006531,0.5764696002006531
5876,0.5763586163520813,0.5763586163520813,0.5763586163520813
5877,0.5759176015853882,0.5759176015853882,0.5759176015853882
5879,0.5755445957183838,0.5755445957183838,0.5755445957183838
5880,0.5747686624526978,0.5747686624526978,0.5747686624526978
5882,0.574397087097168,0.574397087097168,0.574397087097168
5884,0.5751290321350098,0.5751290321350098,0.5751290321350098
5887,0.5760810375213623,0.5760810375213623,0.5760810375213623
5890,0.5758203864097595,0.5758203864097595,0.5758203864097595
5891,0.5756521224975586,0.5756521224975586,0.5756521224975586
5896,0.5747935175895691,0.5747935175895691,0.5747935175895691
5902,0.573884129524231,0.573884129524231,0.573884129524231
5905,0.5718299150466919,0.5718299150466919,0.5718299150466919
5909,0.5696132779121399,0.5696132779121399,0.5696132779121399
5910,0.5692616701126099,0.5692616701126099,0.5692616701126099
5911,0.5692158937454224,0.5692158937454224,0.5692158937454224
5914,0.568956732749939,0.568956732749939,0.568956732749939
5916,0.5687267184257507,0.5687267184257507,0.5687267184257507
5917,0.568580687046051,0.568580687046051,0.568580687046051
5920,0.5680819749832153,0.5680819749832153,0.5680819749832153
5921,0.5678449869155884,0.5678449869155884,0.5678449869155884
5922,0.5679681301116943,0.5679681301116943,0.5679681301116943
5923,0.5681121349334717,0.5681121349334717,0.5681121349334717
5925,0.5681670904159546,0.5681670904159546,0.5681670904159546
5928,0.5686480402946472,0.5686480402946472,0.5686480402946472
5929,0.5692312717437744,0.5692312717437744,0.5692312717437744
5931,0.5702471137046814,0.5702471137046814,0.5702471137046814
5933,0.5709154009819031,0.5709154009819031,0.5709154009819031
5934,0.5716691613197327,0.5716691613197327,0.5716691613197327
5937,0.5715007781982422,0.5715007781982422,0.5715007781982422
5938,0.5710102319717407,0.5710102319717407,0.5710102319717407
5940,0.5707453489303589,0.5707453489303589,0.5707453489303589
5941,0.5707990527153015,0.5707990527153015,0.5707990527153015
5942,0.5708948373794556,0.5708948373794556,0.5708948373794556
5943,0.5711489319801331,0.5711489319801331,0.5711489319801331
5945,0.571523904800415,0.571523904800415,0.571523904800415
5946,0.5717430114746094,0.5717430114746094,0.5717430114746094
5947,0.5720235705375671,0.5720235705375671,0.5720235705375671
5948,0.5722697973251343,0.5722697973251343,0.5722697973251343
5951,0.5716862678527832,0.5716862678527832,0.5716862678527832
5953,0.5712576508522034,0.5712576508522034,0.5712576508522034
5954,0.5709101557731628,0.5709101557731628,0.5709101557731628
5955,0.5710691809654236,0.5710691809654236,0.5710691809654236
5956,0.5715075731277466,0.5715075731277466,0.5715075731277466
5957,0.571723461151123,0.571723461151123,0.571723461151123
5960,0.57192462682724,0.57192462682724,0.57192462682724
5961,0.5716930627822876,0.5716930627822876,0.5716930627822876
5962,0.5715779662132263,0.5715779662132263,0.5715779662132263
5966,0.571194052696228,0.571194052696228,0.571194052696228
5967,0.5709373354911804,0.5709373354911804,0.5709373354911804
5969,0.5708444714546204,0.5708444714546204,0.5708444714546204
5970,0.5711159110069275,0.5711159110069275,0.5711159110069275
5972,0.5710428357124329,0.5710428357124329,0.5710428357124329
5973,0.5710362792015076,0.5710362792015076,0.5710362792015076
5976,0.5710994005203247,0.5710994005203247,0.5710994005203247
5978,0.5710238814353943,0.5710238814353943,0.5710238814353943
5979,0.570833683013916,0.570833683013916,0.570833683013916
5980,0.5710065960884094,0.5710065960884094,0.5710065960884094
5981,0.5711675882339478,0.5711675882339478,0.5711675882339478
5984,0.570993959903717,0.570993959903717,0.570993959903717
5985,0.5706682801246643,0.5706682801246643,0.5706682801246643
5990,0.5672529935836792,0.5672529935836792,0.5672529935836792
5991,0.5674922466278076,0.5674922466278076,0.5674922466278076
5993,0.5673200488090515,0.5673200488090515,0.5673200488090515
5995,0.5669099688529968,0.5669099688529968,0.5669099688529968
5996,0.567078173160553,0.567078173160553,0.567078173160553
5997,0.5665611624717712,0.5665611624717712,0.5665611624717712
5999,0.5657803416252136,0.5657803416252136,0.5657803416252136
6000,0.5659129023551941,0.5659129023551941,0.5659129023551941
6001,0.5660361051559448,0.5660361051559448,0.5660361051559448
6008,0.5653414726257324,0.5653414726257324,0.5653414726257324
6010,0.5651732087135315,0.5651732087135315,0.5651732087135315
6012,0.5652649998664856,0.5652649998664856,0.5652649998664856
6015,0.5646815896034241,0.5646815896034241,0.5646815896034241
6016,0.5644077658653259,0.5644077658653259,0.5644077658653259
6019,0.5644296407699585,0.5644296407699585,0.5644296407699585
6020,0.5638636350631714,0.5638636350631714,0.5638636350631714
6022,0.5635491013526917,0.5635491013526917,0.5635491013526917
6023,0.5636500120162964,0.5636500120162964,0.5636500120162964
6024,0.5637011528015137,0.5637011528015137,0.5637011528015137
6025,0.5637118816375732,0.5637118816375732,0.5637118816375732
6027,0.5627085566520691,0.5627085566520691,0.5627085566520691
6029,0.563139796257019,0.563139796257019,0.563139796257019
6032,0.5637670755386353,0.5637670755386353,0.5637670755386353
6033,0.5636723041534424,0.5636723041534424,0.5636723041534424
6034,0.563510000705719,0.563510000705719,0.563510000705719
6037,0.5642410516738892,0.5642410516738892,0.5642410516738892
6043,0.5666453242301941,0.5666453242301941,0.5666453242301941
6044,0.5667182207107544,0.5667182207107544,0.5667182207107544
6053,0.5655021071434021,0.5655021071434021,0.5655021071434021
6055,0.565770149230957,0.565770149230957,0.565770149230957
6058,0.5672910213470459,0.5672910213470459,0.5672910213470459
6060,0.5667648911476135,0.5667648911476135,0.5667648911476135
6061,0.567068874835968,0.567068874835968,0.567068874835968
6064,0.5669832825660706,0.5669832825660706,0.5669832825660706
6069,0.5654199719429016,0.5654199719429016,0.5654199719429016
6070,0.5653177499771118,0.5653177499771118,0.5653177499771118
6071,0.5654976963996887,0.5654976963996887,0.5654976963996887
6073,0.5647217035293579,0.5647217035293579,0.5647217035293579
6076,0.5645089149475098,0.5645089149475098,0.5645089149475098
6077,0.5646890997886658,0.5646890997886658,0.5646890997886658
6078,0.564838171005249,0.564838171005249,0.564838171005249
6079,0.5644710063934326,0.5644710063934326,0.5644710063934326
6080,0.5637010335922241,0.5637010335922241,0.5637010335922241
6082,0.5636627674102783,0.5636627674102783,0.5636627674102783
6083,0.563795804977417,0.563795804977417,0.563795804977417
6087,0.5640869736671448,0.5640869736671448,0.5640869736671448
6088,0.5639028549194336,0.5639028549194336,0.5639028549194336
6090,0.563056230545044,0.563056230545044,0.563056230545044
6092,0.5622727274894714,0.5622727274894714,0.5622727274894714
6094,0.5623914003372192,0.5623914003372192,0.5623914003372192
6097,0.5624370574951172,0.5624370574951172,0.5624370574951172
6099,0.5619789958000183,0.5619789958000183,0.5619789958000183
6102,0.5623193979263306,0.5623193979263306,0.5623193979263306
6104,0.5624203085899353,0.5624203085899353,0.5624203085899353
6105,0.5621841549873352,0.5621841549873352,0.5621841549873352
6107,0.5605496764183044,0.5605496764183044,0.5605496764183044
6114,0.5601505637168884,0.5601505637168884,0.5601505637168884
6115,0.5598887205123901,0.5598887205123901,0.5598887205123901
6116,0.5601632595062256,0.5601632595062256,0.5601632595062256
6118,0.560524046421051,0.560524046421051,0.560524046421051
6121,0.5608813762664795,0.5608813762664795,0.5608813762664795
6123,0.5613834261894226,0.5613834261894226,0.5613834261894226
6125,0.5613348484039307,0.5613348484039307,0.5613348484039307
6126,0.5611503720283508,0.5611503720283508,0.5611503720283508
6134,0.5602542757987976,0.5602542757987976,0.5602542757987976
6135,0.5602215528488159,0.5602215528488159,0.5602215528488159
6138,0.5596196055412292,0.5596196055412292,0.5596196055412292
6140,0.5594985485076904,0.5594985485076904,0.5594985485076904
6143,0.5588796734809875,0.5588796734809875,0.5588796734809875
6144,0.5581994652748108,0.5581994652748108,0.5581994652748108
6147,0.556978702545166,0.556978702545166,0.556978702545166
6148,0.5572724342346191,0.5572724342346191,0.5572724342346191
6151,0.5569940209388733,0.5569940209388733,0.5569940209388733
6152,0.5569570064544678,0.5569570064544678,0.5569570064544678
6153,0.5567070245742798,0.5567070245742798,0.5567070245742798
6156,0.5550847053527832,0.5550847053527832,0.5550847053527832
6162,0.5566586852073669,0.5566586852073669,0.5566586852073669
6167,0.5558655858039856,0.5558655858039856,0.5558655858039856
6168,0.5560914278030396,0.5560914278030396,0.5560914278030396
6171,0.5563205480575562,0.5563205480575562,0.5563205480575562
6180,0.5575113296508789,0.5575113296508789,0.5575113296508789
6181,0.5575681924819946,0.5575681924819946,0.5575681924819946
6183,0.5574039220809937,0.5574039220809937,0.5574039220809937
6184,0.5575492978096008,0.5575492978096008,0.5575492978096008
6185,0.557767927646637,0.557767927646637,0.557767927646637
6187,0.5578676462173462,0.5578676462173462,0.5578676462173462
6188,0.5577051043510437,0.5577051043510437,0.5577051043510437
6190,0.5574419498443604,0.5574419498443604,0.5574419498443604
6193,0.5564768314361572,0.5564768314361572,0.5564768314361572
6194,0.5561878085136414,0.5561878085136414,0.5561878085136414
6196,0.5562835335731506,0.5562835335731506,0.5562835335731506
6197,0.5560728907585144,0.5560728907585144,0.5560728907585144
6201,0.5564057230949402,0.5564057230949402,0.5564057230949402
6202,0.5562342405319214,0.5562342405319214,0.5562342405319214
6203,0.5561479926109314,0.5561479926109314,0.5561479926109314
6206,0.5561246871948242,0.5561246871948242,0.5561246871948242
6207,0.5560285449028015,0.5560285449028015,0.5560285449028015
6208,0.5556666851043701,0.5556666851043701,0.5556666851043701
6209,0.5549688935279846,0.5549688935279846,0.5549688935279846
6212,0.5539776682853699,0.5539776682853699,0.5539776682853699
6213,0.5534656047821045,0.5534656047821045,0.5534656047821045
6215,0.5536615252494812,0.5536615252494812,0.5536615252494812
6217,0.5541329383850098,0.5541329383850098,0.5541329383850098
6219,0.553859531879425,0.553859531879425,0.553859531879425
6220,0.5541455149650574,0.5541455149650574,0.5541455149650574
6222,0.5534570217132568,0.5534570217132568,0.5534570217132568
6226,0.5515932440757751,0.5515932440757751,0.5515932440757751
6232,0.5500544309616089,0.5500544309616089,0.5500544309616089
6233,0.5498868823051453,0.5498868823051453,0.5498868823051453
6237,0.5515506267547607,0.5515506267547607,0.5515506267547607
6241,0.5524457097053528,0.5524457097053528,0.5524457097053528
6242,0.5521008372306824,0.5521008372306824,0.5521008372306824
6244,0.5519655346870422,0.5519655346870422,0.5519655346870422
6246,0.5515539050102234,0.5515539050102234,0.5515539050102234
6249,0.5513277649879456,0.5513277649879456,0.5513277649879456
6250,0.550740122795105,0.550740122795105,0.550740122795105
6256,0.5482449531555176,0.5482449531555176,0.5482449531555176
6258,0.5483912229537964,0.5483912229537964,0.5483912229537964
6259,0.5484373569488525,0.5484373569488525,0.5484373569488525
6260,0.5483128428459167,0.5483128428459167,0.5483128428459167
6262,0.5488829016685486,0.5488829016685486,0.5488829016685486
6266,0.5498506426811218,0.5498506426811218,0.5498506426811218
6269,0.5491252541542053,0.5491252541542053,0.5491252541542053
6270,0.5489321947097778,0.5489321947097778,0.5489321947097778
6271,0.5485436916351318,0.5485436916351318,0.5485436916351318
6274,0.5477820038795471,0.5477820038795471,0.5477820038795471
6277,0.5481230616569519,0.5481230616569519,0.5481230616569519
6281,0.5466604232788086,0.5466604232788086,0.5466604232788086
6282,0.5470057129859924,0.5470057129859924,0.5470057129859924
6283,0.5473427772521973,0.5473427772521973,0.5473427772521973
6284,0.5476969480514526,0.5476969480514526,0.5476969480514526
6285,0.5477738976478577,0.5477738976478577,0.5477738976478577
6290,0.5480166673660278,0.5480166673660278,0.5480166673660278
6292,0.5477513670921326,0.5477513670921326,0.5477513670921326
6294,0.5478116869926453,0.5478116869926453,0.5478116869926453
6295,0.547679603099823,0.547679603099823,0.547679603099823
6296,0.547679603099823,0.547679603099823,0.547679603099823
6298,0.5490397810935974,0.5490397810935974,0.5490397810935974
6306,0.5481376051902771,0.5481376051902771,0.5481376051902771
6307,0.5480908155441284,0.5480908155441284,0.5480908155441284
6308,0.5479022860527039,0.5479022860527039,0.5479022860527039
6310,0.5473164916038513,0.5473164916038513,0.5473164916038513
6311,0.5476480722427368,0.5476480722427368,0.5476480722427368
6313,0.5473923683166504,0.5473923683166504,0.5473923683166504
6316,0.5478975772857666,0.5478975772857666,0.5478975772857666
6317,0.5477572679519653,0.5477572679519653,0.5477572679519653
6318,0.5468263030052185,0.5468263030052185,0.5468263030052185
6319,0.5465511083602905,0.5465511083602905,0.5465511083602905
6323,0.5456193685531616,0.5456193685531616,0.5456193685531616
6328,0.5441456437110901,0.5441456437110901,0.5441456437110901
6329,0.5442999601364136,0.5442999601364136,0.5442999601364136
6330,0.5442336201667786,0.5442336201667786,0.5442336201667786
6335,0.545382022857666,0.545382022857666,0.545382022857666
6336,0.5453339219093323,0.5453339219093323,0.5453339219093323
6338,0.5452419519424438,0.5452419519424438,0.5452419519424438
6341,0.5451683402061462,0.5451683402061462,0.5451683402061462
6342,0.5449108481407166,0.5449108481407166,0.5449108481407166
6343,0.5449633598327637,0.5449633598327637,0.5449633598327637
6344,0.5452069044113159,0.5452069044113159,0.5452069044113159
6345,0.5452754497528076,0.5452754497528076,0.5452754497528076
6349,0.5447741150856018,0.5447741150856018,0.5447741150856018
6350,0.5449946522712708,0.5449946522712708,0.5449946522712708
6352,0.5452356934547424,0.5452356934547424,0.5452356934547424
6358,0.5467104911804199,0.5467104911804199,0.5467104911804199
6363,0.5468260645866394,0.5468260645866394,0.5468260645866394
6365,0.5472692847251892,0.5472692847251892,0.5472692847251892
6371,0.5466204285621643,0.5466204285621643,0.5466204285621643
6372,0.5464071035385132,0.5464071035385132,0.5464071035385132
6376,0.5464577674865723,0.5464577674865723,0.5464577674865723
6378,0.5465983748435974,0.5465983748435974,0.5465983748435974
6379,0.5466938018798828,0.5466938018798828,0.5466938018798828
6381,0.547038733959198,0.547038733959198,0.547038733959198
6383,0.5463765263557434,0.5463765263557434,0.5463765263557434
6384,0.5458371043205261,0.5458371043205261,0.5458371043205261
6386,0.5451445579528809,0.5451445579528809,0.5451445579528809
6387,0.5453066229820251,0.5453066229820251,0.5453066229820251
6388,0.5457568168640137,0.5457568168640137,0.5457568168640137
6389,0.5458716750144958,0.5458716750144958,0.5458716750144958
6396,0.546763002872467,0.546763002872467,0.546763002872467
6397,0.5461151599884033,0.5461151599884033,0.5461151599884033
6400,0.5447458028793335,0.5447458028793335,0.5447458028793335
6402,0.5435881614685059,0.5435881614685059,0.5435881614685059
6403,0.5433382391929626,0.5433382391929626,0.5433382391929626
6406,0.5427438020706177,0.5427438020706177,0.5427438020706177
6409,0.5423572659492493,0.5423572659492493,0.5423572659492493
6412,0.5423427820205688,0.5423427820205688,0.5423427820205688
6413,0.5425949096679688,0.5425949096679688,0.5425949096679688
6415,0.5426377654075623,0.5426377654075623,0.5426377654075623
6416,0.5424714088439941,0.5424714088439941,0.5424714088439941
6417,0.5422890186309814,0.5422890186309814,0.5422890186309814
6418,0.5420946478843689,0.5420946478843689,0.5420946478843689
6423,0.5415375828742981,0.5415375828742981,0.5415375828742981
6424,0.5411552786827087,0.5411552786827087,0.5411552786827087
6425,0.5409860610961914,0.5409860610961914,0.5409860610961914
6427,0.5410358309745789,0.5410358309745789,0.5410358309745789
6431,0.5403779149055481,0.5403779149055481,0.5403779149055481
6432,0.5397952198982239,0.5397952198982239,0.5397952198982239
6433,0.5391629934310913,0.5391629934310913,0.5391629934310913
6439,0.5386408567428589,0.5386408567428589,0.5386408567428589
6440,0.5390933156013489,0.5390933156013489,0.5390933156013489
6441,0.5391027331352234,0.5391027331352234,0.5391027331352234
6443,0.5394836068153381,0.5394836068153381,0.5394836068153381
6446,0.5382156372070312,0.5382156372070312,0.5382156372070312
6447,0.5375952124595642,0.5375952124595642,0.5375952124595642
6448,0.537508487701416,0.537508487701416,0.537508487701416
6449,0.537784993648529,0.537784993648529,0.537784993648529
6451,0.5381797552108765,0.5381797552108765,0.5381797552108765
6454,0.5378611087799072,0.5378611087799072,0.5378611087799072
6455,0.5376400351524353,0.5376400351524353,0.5376400351524353
6456,0.5374414324760437,0.5374414324760437,0.5374414324760437
6460,0.5370920300483704,0.5370920300483704,0.5370920300483704
6464,0.5375677943229675,0.5375677943229675,0.5375677943229675
6466,0.5369295477867126,0.5369295477867126,0.5369295477867126
6469,0.5368514657020569,0.5368514657020569,0.5368514657020569
6470,0.5371414422988892,0.5371414422988892,0.5371414422988892
6471,0.5374389290809631,0.5374389290809631,0.5374389290809631
6472,0.5376676321029663,0.5376676321029663,0.5376676321029663
6474,0.5375491976737976,0.5375491976737976,0.5375491976737976
6475,0.537488579750061,0.537488579750061,0.537488579750061
6478,0.5366372466087341,0.5366372466087341,0.5366372466087341
6479,0.5358213186264038,0.5358213186264038,0.5358213186264038
6481,0.5354562401771545,0.5354562401771545,0.5354562401771545
6485,0.5336733460426331,0.5336733460426331,0.5336733460426331
6487,0.5329493284225464,0.5329493284225464,0.5329493284225464
6491,0.5325780510902405,0.5325780510902405,0.5325780510902405
6493,0.5314244031906128,0.5314244031906128,0.5314244031906128
6495,0.5310706496238708,0.5310706496238708,0.5310706496238708
6496,0.5309255719184875,0.5309255719184875,0.5309255719184875
6497,0.531259298324585,0.531259298324585,0.531259298324585
6502,0.5300654172897339,0.5300654172897339,0.5300654172897339
6506,0.5297372341156006,0.5297372341156006,0.5297372341156006
6508,0.5295687317848206,0.5295687317848206,0.5295687317848206
6511,0.5293219685554504,0.5293219685554504,0.5293219685554504
6512,0.5290593504905701,0.5290593504905701,0.5290593504905701
6514,0.527637243270874,0.527637243270874,0.527637243270874
6515,0.5272384285926819,0.5272384285926819,0.5272384285926819
6516,0.5268735289573669,0.5268735289573669,0.5268735289573669
6519,0.5262353420257568,0.5262353420257568,0.5262353420257568
6521,0.5260494947433472,0.5260494947433472,0.5260494947433472
6523,0.5260742902755737,0.5260742902755737,0.5260742902755737
6526,0.524897575378418,0.524897575378418,0.524897575378418
6527,0.5246795415878296,0.5246795415878296,0.5246795415878296
6529,0.5245480537414551,0.5245480537414551,0.5245480537414551
6531,0.5245509743690491,0.5245509743690491,0.5245509743690491
6533,0.5244656205177307,0.5244656205177307,0.5244656205177307
6535,0.5250434875488281,0.5250434875488281,0.5250434875488281
6536,0.5253258347511292,0.5253258347511292,0.5253258347511292
6537,0.5255041718482971,0.5255041718482971,0.5255041718482971
6538,0.5253515839576721,0.5253515839576721,0.5253515839576721
6539,0.5251897573471069,0.5251897573471069,0.5251897573471069
6540,0.5250642895698547,0.5250642895698547,0.5250642895698547
6543,0.5243405699729919,0.5243405699729919,0.5243405699729919
6544,0.5235919952392578,0.5235919952392578,0.5235919952392578
6545,0.5233325362205505,0.5233325362205505,0.5233325362205505
6546,0.5237026810646057,0.5237026810646057,0.5237026810646057
6552,0.5227543115615845,0.5227543115615845,0.5227543115615845
6553,0.5226324200630188,0.5226324200630188,0.5226324200630188
6556,0.5219038128852844,0.5219038128852844,0.5219038128852844
6557,0.5219915509223938,0.5219915509223938,0.5219915509223938
6558,0.5224518179893494,0.5224518179893494,0.5224518179893494
6559,0.5226941704750061,0.5226941704750061,0.5226941704750061
6560,0.5229675769805908,0.5229675769805908,0.5229675769805908
6563,0.5234308838844299,0.5234308838844299,0.5234308838844299
6566,0.5230788588523865,0.5230788588523865,0.5230788588523865
6569,0.523684024810791,0.523684024810791,0.523684024810791
6570,0.5237485766410828,0.5237485766410828,0.5237485766410828
6571,0.5239912867546082,0.5239912867546082,0.5239912867546082
6576,0.5224891304969788,0.5224891304969788,0.5224891304969788
6577,0.5221128463745117,0.5221128463745117,0.5221128463745117
6579,0.5218601226806641,0.5218601226806641,0.5218601226806641
6580,0.5218524932861328,0.5218524932861328,0.5218524932861328
6581,0.5220507979393005,0.5220507979393005,0.5220507979393005
6583,0.5225330591201782,0.5225330591201782,0.5225330591201782
6584,0.52256840467453,0.52256840467453,0.52256840467453
6585,0.5225630402565002,0.5225630402565002,0.5225630402565002
6586,0.5226324200630188,0.5226324200630188,0.5226324200630188
6587,0.5221814513206482,0.5221814513206482,0.5221814513206482
6589,0.5210955739021301,0.5210955739021301,0.5210955739021301
6590,0.52126544713974,0.52126544713974,0.52126544713974
6591,0.5216283798217773,0.5216283798217773,0.5216283798217773
6596,0.5200431942939758,0.5200431942939758,0.5200431942939758
6598,0.5199300050735474,0.5199300050735474,0.5199300050735474
6601,0.5199931859970093,0.5199931859970093,0.5199931859970093
6603,0.5204033255577087,0.5204033255577087,0.5204033255577087
6604,0.5206196308135986,0.5206196308135986,0.5206196308135986
6606,0.5199836492538452,0.5199836492538452,0.5199836492538452
6607,0.5198207497596741,0.5198207497596741,0.5198207497596741
6610,0.5190489292144775,0.5190489292144775,0.5190489292144775
6611,0.5191352367401123,0.5191352367401123,0.5191352367401123
6612,0.5195469260215759,0.5195469260215759,0.5195469260215759
6615,0.5190521478652954,0.5190521478652954,0.5190521478652954
6620,0.520065426826477,0.520065426826477,0.520065426826477
6622,0.5200235843658447,0.5200235843658447,0.5200235843658447
6624,0.5190808176994324,0.5190808176994324,0.5190808176994324
6626,0.5184451937675476,0.5184451937675476,0.5184451937675476
6627,0.518296480178833,0.518296480178833,0.518296480178833
6628,0.5182482600212097,0.5182482600212097,0.5182482600212097
6631,0.517427921295166,0.517427921295166,0.517427921295166
6634,0.5160472393035889,0.5160472393035889,0.5160472393035889
6638,0.5167989134788513,0.5167989134788513,0.5167989134788513
6639,0.5175080895423889,0.5175080895423889,0.5175080895423889
6641,0.5178194046020508,0.5178194046020508,0.5178194046020508
6644,0.518082320690155,0.518082320690155,0.518082320690155
6645,0.518166184425354,0.518166184425354,0.518166184425354
6646,0.518798291683197,0.518798291683197,0.518798291683197
6650,0.5204584002494812,0.5204584002494812,0.5204584002494812
6651,0.521024227142334,0.521024227142334,0.521024227142334
6652,0.5216207504272461,0.5216207504272461,0.5216207504272461
6653,0.5217810273170471,0.5217810273170471,0.5217810273170471
6656,0.5209648013114929,0.5209648013114929,0.5209648013114929
6657,0.5208654403686523,0.5208654403686523,0.5208654403686523
6660,0.5205250978469849,0.5205250978469849,0.5205250978469849
6662,0.5201195478439331,0.5201195478439331,0.5201195478439331
6664,0.5199767351150513,0.5199767351150513,0.5199767351150513
6665,0.5198463201522827,0.5198463201522827,0.5198463201522827
6667,0.5195568203926086,0.5195568203926086,0.5195568203926086
6671,0.5208916068077087,0.5208916068077087,0.5208916068077087
6673,0.5204838514328003,0.5204838514328003,0.5204838514328003
6674,0.5205215811729431,0.5205215811729431,0.5205215811729431
6677,0.5192232728004456,0.5192232728004456,0.5192232728004456
6678,0.5192785859107971,0.5192785859107971,0.5192785859107971
6679,0.5191855430603027,0.5191855430603027,0.5191855430603027
6681,0.5191325545310974,0.5191325545310974,0.5191325545310974
6682,0.519666850566864,0.519666850566864,0.519666850566864
6685,0.5203275084495544,0.5203275084495544,0.5203275084495544
6686,0.5206760168075562,0.5206760168075562,0.5206760168075562
6688,0.5197562575340271,0.5197562575340271,0.5197562575340271
6689,0.5189666152000427,0.5189666152000427,0.5189666152000427
6692,0.5192323923110962,0.5192323923110962,0.5192323923110962
6693,0.5198103189468384,0.5198103189468384,0.5198103189468384
6694,0.5195589065551758,0.5195589065551758,0.5195589065551758
6695,0.5192019939422607,0.5192019939422607,0.5192019939422607
6696,0.5190013647079468,0.5190013647079468,0.5190013647079468
6697,0.519490659236908,0.519490659236908,0.519490659236908
6700,0.5193004012107849,0.5193004012107849,0.5193004012107849
6701,0.5188483595848083,0.5188483595848083,0.5188483595848083
6702,0.518665075302124,0.518665075302124,0.518665075302124
6705,0.517983615398407,0.517983615398407,0.517983615398407
6707,0.5192172527313232,0.5192172527313232,0.5192172527313232
6708,0.5195685625076294,0.5195685625076294,0.5195685625076294
6710,0.5188391208648682,0.5188391208648682,0.5188391208648682
6712,0.5187428593635559,0.5187428593635559,0.5187428593635559
6715,0.5181006789207458,0.5181006789207458,0.5181006789207458
6716,0.5182377099990845,0.5182377099990845,0.5182377099990845
6717,0.5182698965072632,0.5182698965072632,0.5182698965072632
6718,0.51824951171875,0.51824951171875,0.51824951171875
6719,0.5184729695320129,0.5184729695320129,0.5184729695320129
6720,0.518512487411499,0.518512487411499,0.518512487411499
6723,0.5185995101928711,0.5185995101928711,0.5185995101928711
6728,0.5194109678268433,0.5194109678268433,0.5194109678268433
6730,0.5194615125656128,0.5194615125656128,0.5194615125656128
6734,0.5186104774475098,0.5186104774475098,0.5186104774475098
6737,0.5169941782951355,0.5169941782951355,0.5169941782951355
6738,0.5163496732711792,0.5163496732711792,0.5163496732711792
6742,0.5166087746620178,0.5166087746620178,0.5166087746620178
6743,0.5170515775680542,0.5170515775680542,0.5170515775680542
6744,0.5171931982040405,0.5171931982040405,0.5171931982040405
6747,0.5166217088699341,0.5166217088699341,0.5166217088699341
6748,0.51602703332901,0.51602703332901,0.51602703332901
6750,0.5159676671028137,0.5159676671028137,0.5159676671028137
6752,0.5158891677856445,0.5158891677856445,0.5158891677856445
6757,0.5174146890640259,0.5174146890640259,0.5174146890640259
6758,0.5175087451934814,0.5175087451934814,0.5175087451934814
6760,0.5182316303253174,0.5182316303253174,0.5182316303253174
6763,0.5183472037315369,0.5183472037315369,0.5183472037315369
6764,0.518065869808197,0.518065869808197,0.518065869808197
6767,0.5181688666343689,0.5181688666343689,0.5181688666343689
6768,0.5182467699050903,0.5182467699050903,0.5182467699050903
6773,0.5173000693321228,0.5173000693321228,0.5173000693321228
6774,0.5172205567359924,0.5172205567359924,0.5172205567359924
6776,0.5162655115127563,0.5162655115127563,0.5162655115127563
6777,0.5163904428482056,0.5163904428482056,0.5163904428482056
6779,0.5170495510101318,0.5170495510101318,0.5170495510101318
6781,0.5168424248695374,0.5168424248695374,0.5168424248695374
6783,0.5162003040313721,0.5162003040313721,0.5162003040313721
6784,0.515571653842926,0.515571653842926,0.515571653842926
6787,0.5159856081008911,0.5159856081008911,0.5159856081008911
6789,0.516340434551239,0.516340434551239,0.516340434551239
6790,0.5160343050956726,0.5160343050956726,0.5160343050956726
6792,0.515508770942688,0.515508770942688,0.515508770942688
6793,0.5157939195632935,0.5157939195632935,0.5157939195632935
6795,0.5158098340034485,0.5158098340034485,0.5158098340034485
6798,0.5160965919494629,0.5160965919494629,0.5160965919494629
6801,0.5158472061157227,0.5158472061157227,0.5158472061157227
6803,0.5151585936546326,0.5151585936546326,0.5151585936546326
6804,0.5148450136184692,0.5148450136184692,0.5148450136184692
6806,0.5152145624160767,0.5152145624160767,0.5152145624160767
6810,0.5158384442329407,0.5158384442329407,0.5158384442329407
6811,0.5151426792144775,0.5151426792144775,0.5151426792144775
6812,0.5144302845001221,0.5144302845001221,0.5144302845001221
6814,0.5148084759712219,0.5148084759712219,0.5148084759712219
6816,0.514182448387146,0.514182448387146,0.514182448387146
6820,0.5149292945861816,0.5149292945861816,0.5149292945861816
6822,0.5147877931594849,0.5147877931594849,0.5147877931594849
6824,0.5142323970794678,0.5142323970794678,0.5142323970794678
6827,0.5151156187057495,0.5151156187057495,0.5151156187057495
6828,0.5149710178375244,0.5149710178375244,0.5149710178375244
6829,0.5150249004364014,0.5150249004364014,0.5150249004364014
6830,0.5148811936378479,0.5148811936378479,0.5148811936378479
6831,0.5150691866874695,0.5150691866874695,0.5150691866874695
6833,0.5146563649177551,0.5146563649177551,0.5146563649177551
6835,0.514380156993866,0.514380156993866,0.514380156993866
6837,0.5135189294815063,0.5135189294815063,0.5135189294815063
6838,0.5138809680938721,0.5138809680938721,0.5138809680938721
6841,0.5153554677963257,0.5153554677963257,0.5153554677963257
6842,0.5155213475227356,0.5155213475227356,0.5155213475227356
6845,0.514634370803833,0.514634370803833,0.514634370803833
6846,0.5145343542098999,0.5145343542098999,0.5145343542098999
6851,0.5167984366416931,0.5167984366416931,0.5167984366416931
6856,0.5158803462982178,0.5158803462982178,0.5158803462982178
6861,0.5158085227012634,0.5158085227012634,0.5158085227012634
6868,0.5151450634002686,0.5151450634002686,0.5151450634002686
6869,0.5150831341743469,0.5150831341743469,0.5150831341743469
6870,0.5151388645172119,0.5151388645172119,0.5151388645172119
6874,0.5153207778930664,0.5153207778930664,0.5153207778930664
6875,0.5151482224464417,0.5151482224464417,0.5151482224464417
6876,0.5153716802597046,0.5153716802597046,0.5153716802597046
6880,0.5145630836486816,0.5145630836486816,0.5145630836486816
6882,0.5139116048812866,0.5139116048812866,0.5139116048812866
6883,0.5143188238143921,0.5143188238143921,0.5143188238143921
6886,0.5146886706352234,0.5146886706352234,0.5146886706352234
6887,0.5147994756698608,0.5147994756698608,0.5147994756698608
6895,0.5157351493835449,0.5157351493835449,0.5157351493835449
6896,0.5158735513687134,0.5158735513687134,0.5158735513687134
6899,0.5157992839813232,0.5157992839813232,0.5157992839813232
6900,0.5156333446502686,0.5156333446502686,0.5156333446502686
6901,0.5159870386123657,0.5159870386123657,0.5159870386123657
6902,0.5158202648162842,0.5158202648162842,0.5158202648162842
6903,0.5151885747909546,0.5151885747909546,0.5151885747909546
6905,0.5150812864303589,0.5150812864303589,0.5150812864303589
6906,0.5152000784873962,0.5152000784873962,0.5152000784873962
6907,0.5150461196899414,0.5150461196899414,0.5150461196899414
6908,0.5150243043899536,0.5150243043899536,0.5150243043899536
6911,0.5153623819351196,0.5153623819351196,0.5153623819351196
6913,0.5161548852920532,0.5161548852920532,0.5161548852920532
6915,0.5169617533683777,0.5169617533683777,0.5169617533683777
6916,0.5166957974433899,0.5166957974433899,0.5166957974433899
6917,0.516075611114502,0.516075611114502,0.516075611114502
6918,0.5154714584350586,0.5154714584350586,0.5154714584350586
6919,0.5151181221008301,0.5151181221008301,0.5151181221008301
6920,0.5148876309394836,0.5148876309394836,0.5148876309394836
6921,0.5148199796676636,0.5148199796676636,0.5148199796676636
6922,0.5147078633308411,0.5147078633308411,0.5147078633308411
6924,0.514064371585846,0.514064371585846,0.514064371585846
6925,0.5141816735267639,0.5141816735267639,0.5141816735267639
6926,0.514042317867279,0.514042317867279,0.514042317867279
6929,0.5135173201560974,0.5135173201560974,0.5135173201560974
6932,0.5129862427711487,0.5129862427711487,0.5129862427711487
6935,0.5142681002616882,0.5142681002616882,0.5142681002616882
6936,0.5146098136901855,0.5146098136901855,0.5146098136901855
6937,0.5142222046852112,0.5142222046852112,0.5142222046852112
6940,0.5141378045082092,0.5141378045082092,0.5141378045082092
6944,0.5136616230010986,0.5136616230010986,0.5136616230010986
6945,0.5140958428382874,0.5140958428382874,0.5140958428382874
6947,0.5147372484207153,0.5147372484207153,0.5147372484207153
6948,0.5149462819099426,0.5149462819099426,0.5149462819099426
6951,0.5149149298667908,0.5149149298667908,0.5149149298667908
6955,0.5146774649620056,0.5146774649620056,0.5146774649620056
6956,0.5152644515037537,0.5152644515037537,0.5152644515037537
6959,0.5159384608268738,0.5159384608268738,0.5159384608268738
6962,0.5159750580787659,0.5159750580787659,0.5159750580787659
6965,0.5156360864639282,0.5156360864639282,0.5156360864639282
6966,0.5156903862953186,0.5156903862953186,0.5156903862953186
6967,0.5163202285766602,0.5163202285766602,0.5163202285766602
6969,0.516330361366272,0.516330361366272,0.516330361366272
6972,0.5142563581466675,0.5142563581466675,0.5142563581466675
6974,0.5147877931594849,0.5147877931594849,0.5147877931594849
6976,0.515588104724884,0.515588104724884,0.515588104724884
6980,0.5144924521446228,0.5144924521446228,0.5144924521446228
6981,0.5146327018737793,0.5146327018737793,0.5146327018737793
6983,0.514043927192688,0.514043927192688,0.514043927192688
6985,0.5133527517318726,0.5133527517318726,0.5133527517318726
6986,0.5130212903022766,0.5130212903022766,0.5130212903022766
6988,0.5117472410202026,0.5117472410202026,0.5117472410202026
6989,0.5112295150756836,0.5112295150756836,0.5112295150756836
6990,0.5107548832893372,0.5107548832893372,0.5107548832893372
6991,0.5107707381248474,0.5107707381248474,0.5107707381248474
6995,0.5117812156677246,0.5117812156677246,0.5117812156677246
7003,0.511594295501709,0.511594295501709,0.511594295501709
7004,0.5114331841468811,0.5114331841468811,0.5114331841468811
7005,0.5109914541244507,0.5109914541244507,0.5109914541244507
7006,0.5107961297035217,0.5107961297035217,0.5107961297035217
7008,0.5112031698226929,0.5112031698226929,0.5112031698226929
7010,0.5114613771438599,0.5114613771438599,0.5114613771438599
7011,0.5116732120513916,0.5116732120513916,0.5116732120513916
7012,0.5113396048545837,0.5113396048545837,0.5113396048545837
7014,0.5107213258743286,0.5107213258743286,0.5107213258743286
7018,0.5113576650619507,0.5113576650619507,0.5113576650619507
7019,0.5112365484237671,0.5112365484237671,0.5112365484237671
7023,0.5099951028823853,0.5099951028823853,0.5099951028823853
7024,0.5094413161277771,0.5094413161277771,0.5094413161277771
7026,0.5096087455749512,0.5096087455749512,0.5096087455749512
7027,0.5099448561668396,0.5099448561668396,0.5099448561668396
7030,0.5100569128990173,0.5100569128990173,0.5100569128990173
7038,0.5095002055168152,0.5095002055168152,0.5095002055168152
7040,0.5089616775512695,0.5089616775512695,0.5089616775512695
7041,0.5086550116539001,0.5086550116539001,0.5086550116539001
7042,0.5087511539459229,0.5087511539459229,0.5087511539459229
7043,0.508538544178009,0.508538544178009,0.508538544178009
7049,0.508475661277771,0.508475661277771,0.508475661277771
7052,0.5096359848976135,0.5096359848976135,0.5096359848976135
7053,0.5099970102310181,0.5099970102310181,0.5099970102310181
7056,0.511332094669342,0.511332094669342,0.511332094669342
7057,0.5113136768341064,0.5113136768341064,0.5113136768341064
7059,0.5109676122665405,0.5109676122665405,0.5109676122665405
7060,0.5103750228881836,0.5103750228881836,0.5103750228881836
7061,0.5102957487106323,0.5102957487106323,0.5102957487106323
7062,0.5105279684066772,0.5105279684066772,0.5105279684066772
7063,0.510186493396759,0.510186493396759,0.510186493396759
7065,0.5088033676147461,0.5088033676147461,0.5088033676147461
7067,0.5085513591766357,0.5085513591766357,0.5085513591766357
7068,0.5084632635116577,0.5084632635116577,0.5084632635116577
7071,0.5086132884025574,0.5086132884025574,0.5086132884025574
7073,0.5083380341529846,0.5083380341529846,0.5083380341529846
7074,0.5086663961410522,0.5086663961410522,0.5086663961410522
7076,0.509120762348175,0.509120762348175,0.509120762348175
7078,0.5097344517707825,0.5097344517707825,0.5097344517707825
7082,0.5086455345153809,0.5086455345153809,0.5086455345153809
7083,0.5081006288528442,0.5081006288528442,0.5081006288528442
7084,0.5076990127563477,0.5076990127563477,0.5076990127563477
7088,0.5092292428016663,0.5092292428016663,0.5092292428016663
7090,0.5088393688201904,0.5088393688201904,0.5088393688201904
7091,0.5086005926132202,0.5086005926132202,0.5086005926132202
7092,0.5083884596824646,0.5083884596824646,0.5083884596824646
7095,0.5090945959091187,0.5090945959091187,0.5090945959091187
7097,0.5090612173080444,0.5090612173080444,0.5090612173080444
7098,0.5087005496025085,0.5087005496025085,0.5087005496025085
7099,0.5086348652839661,0.5086348652839661,0.5086348652839661
7103,0.507145881652832,0.507145881652832,0.507145881652832
7113,0.5077436566352844,0.5077436566352844,0.5077436566352844
7114,0.5077822208404541,0.5077822208404541,0.5077822208404541
7115,0.5079417824745178,0.5079417824745178,0.5079417824745178
7120,0.5078389644622803,0.5078389644622803,0.5078389644622803
7122,0.5074279308319092,0.5074279308319092,0.5074279308319092
7126,0.5081624984741211,0.5081624984741211,0.5081624984741211
7129,0.5082092881202698,0.5082092881202698,0.5082092881202698
7130,0.5080442428588867,0.5080442428588867,0.5080442428588867
7132,0.5085113048553467,0.5085113048553467,0.5085113048553467
7133,0.508122444152832,0.508122444152832,0.508122444152832
7137,0.5070230960845947,0.5070230960845947,0.5070230960845947
7138,0.5065484642982483,0.5065484642982483,0.5065484642982483
7141,0.5051616430282593,0.5051616430282593,0.5051616430282593
7145,0.506314754486084,0.506314754486084,0.506314754486084
7150,0.5082492232322693,0.5082492232322693,0.5082492232322693
7152,0.5080008506774902,0.5080008506774902,0.5080008506774902
7153,0.5080884695053101,0.5080884695053101,0.5080884695053101
7155,0.507798433303833,0.507798433303833,0.507798433303833
7156,0.5075706839561462,0.5075706839561462,0.5075706839561462
7159,0.507598340511322,0.507598340511322,0.507598340511322
7160,0.5075192451477051,0.5075192451477051,0.5075192451477051
7161,0.5075437426567078,0.5075437426567078,0.5075437426567078
7162,0.5074628591537476,0.5074628591537476,0.5074628591537476
7163,0.5075597763061523,0.5075597763061523,0.5075597763061523
7165,0.5080025792121887,0.5080025792121887,0.5080025792121887
7167,0.508358359336853,0.508358359336853,0.508358359336853
7169,0.5080335140228271,0.5080335140228271,0.5080335140228271
7174,0.5100660920143127,0.5100660920143127,0.5100660920143127
7175,0.5102893710136414,0.5102893710136414,0.5102893710136414
7177,0.5099818706512451,0.5099818706512451,0.5099818706512451
7185,0.5103029012680054,0.5103029012680054,0.5103029012680054
7187,0.5099442601203918,0.5099442601203918,0.5099442601203918
7189,0.5102789402008057,0.5102789402008057,0.5102789402008057
7191,0.5112341046333313,0.5112341046333313,0.5112341046333313
7194,0.5107558369636536,0.5107558369636536,0.5107558369636536
7195,0.5100921392440796,0.5100921392440796,0.5100921392440796
7197,0.5091666579246521,0.5091666579246521,0.5091666579246521
7199,0.5095081925392151,0.5095081925392151,0.5095081925392151
7201,0.5093004107475281,0.5093004107475281,0.5093004107475281
7203,0.5086033344268799,0.5086033344268799,0.5086033344268799
7206,0.5081796646118164,0.5081796646118164,0.5081796646118164
7207,0.5085597634315491,0.5085597634315491,0.5085597634315491
7208,0.5085568428039551,0.5085568428039551,0.5085568428039551
7209,0.5083969235420227,0.5083969235420227,0.5083969235420227
7211,0.5085732340812683,0.5085732340812683,0.5085732340812683
7213,0.5083701610565186,0.5083701610565186,0.5083701610565186
7214,0.50834721326828,0.50834721326828,0.50834721326828
7215,0.5088101029396057,0.5088101029396057,0.5088101029396057
7221,0.5089842081069946,0.5089842081069946,0.5089842081069946
7222,0.5091890692710876,0.5091890692710876,0.5091890692710876
7226,0.5069628953933716,0.5069628953933716,0.5069628953933716
7227,0.5068299174308777,0.5068299174308777,0.5068299174308777
7228,0.506958544254303,0.506958544254303,0.506958544254303
7230,0.507550835609436,0.507550835609436,0.507550835609436
7235,0.5065589547157288,0.5065589547157288,0.5065589547157288
7236,0.5063263177871704,0.5063263177871704,0.5063263177871704
7237,0.505886971950531,0.505886971950531,0.505886971950531
7239,0.5054241418838501,0.5054241418838501,0.5054241418838501
7240,0.5054226517677307,0.5054226517677307,0.5054226517677307
7241,0.5048884153366089,0.5048884153366089,0.5048884153366089
7242,0.5045092701911926,0.5045092701911926,0.5045092701911926
7243,0.504332423210144,0.504332423210144,0.504332423210144
7245,0.5041950941085815,0.5041950941085815,0.5041950941085815
7246,0.5042052865028381,0.5042052865028381,0.5042052865028381
7247,0.5040597915649414,0.5040597915649414,0.5040597915649414
7248,0.5041903257369995,0.5041903257369995,0.5041903257369995
7249,0.5041476488113403,0.5041476488113403,0.5041476488113403
7250,0.5044385194778442,0.5044385194778442,0.5044385194778442
7252,0.5046082735061646,0.5046082735061646,0.5046082735061646
7254,0.5048286318778992,0.5048286318778992,0.5048286318778992
7255,0.5048310160636902,0.5048310160636902,0.5048310160636902
7257,0.5042120218276978,0.5042120218276978,0.5042120218276978
7258,0.5040208697319031,0.5040208697319031,0.5040208697319031
7261,0.5045015811920166,0.5045015811920166,0.5045015811920166
7264,0.5046169757843018,0.5046169757843018,0.5046169757843018
7265,0.5050241351127625,0.5050241351127625,0.5050241351127625
7266,0.5048958659172058,0.5048958659172058,0.5048958659172058
7268,0.5038556456565857,0.5038556456565857,0.5038556456565857
7269,0.5036546587944031,0.5036546587944031,0.5036546587944031
7270,0.5034921765327454,0.5034921765327454,0.5034921765327454
7275,0.5009711980819702,0.5009711980819702,0.5009711980819702
7276,0.5003912448883057,0.5003912448883057,0.5003912448883057
7278,0.500335693359375,0.500335693359375,0.500335693359375
7279,0.5003883242607117,0.5003883242607117,0.5003883242607117
7280,0.5003907084465027,0.5003907084465027,0.5003907084465027
7281,0.5008246302604675,0.5008246302604675,0.5008246302604675
7286,0.5005666017532349,0.5005666017532349,0.5005666017532349
7287,0.49978241324424744,0.49978241324424744,0.49978241324424744
7291,0.5002968907356262,0.5002968907356262,0.5002968907356262
7292,0.500723123550415,0.500723123550415,0.500723123550415
7293,0.5001059770584106,0.5001059770584106,0.5001059770584106
7294,0.4995722770690918,0.4995722770690918,0.4995722770690918
7296,0.4997944235801697,0.4997944235801697,0.4997944235801697
7297,0.5002378225326538,0.5002378225326538,0.5002378225326538
7299,0.49925631284713745,0.49925631284713745,0.49925631284713745
7300,0.4992838203907013,0.4992838203907013,0.4992838203907013
7302,0.49862605333328247,0.49862605333328247,0.49862605333328247
7305,0.4975273311138153,0.4975273311138153,0.4975273311138153
7309,0.4967322051525116,0.4967322051525116,0.4967322051525116
7310,0.496747761964798,0.496747761964798,0.496747761964798
7311,0.49675050377845764,0.49675050377845764,0.49675050377845764
7314,0.4971487522125244,0.4971487522125244,0.4971487522125244
7316,0.4978838562965393,0.4978838562965393,0.4978838562965393
7324,0.49963295459747314,0.49963295459747314,0.49963295459747314
7325,0.4998970627784729,0.4998970627784729,0.4998970627784729
7326,0.5002626776695251,0.5002626776695251,0.5002626776695251
7327,0.5003767013549805,0.5003767013549805,0.5003767013549805
7329,0.5005620718002319,0.5005620718002319,0.5005620718002319
7330,0.5011258721351624,0.5011258721351624,0.5011258721351624
7331,0.5015596151351929,0.5015596151351929,0.5015596151351929
7333,0.5016705989837646,0.5016705989837646,0.5016705989837646
7334,0.5018226504325867,0.5018226504325867,0.5018226504325867
7337,0.5025923848152161,0.5025923848152161,0.5025923848152161
7339,0.5028819441795349,0.5028819441795349,0.5028819441795349
7341,0.5032243132591248,0.5032243132591248,0.5032243132591248
7343,0.5031707286834717,0.5031707286834717,0.5031707286834717
7345,0.5034226775169373,0.5034226775169373,0.5034226775169373
7346,0.5031905770301819,0.5031905770301819,0.5031905770301819
7348,0.5033471584320068,0.5033471584320068,0.5033471584320068
7349,0.5035966038703918,0.5035966038703918,0.5035966038703918
7350,0.5039123296737671,0.5039123296737671,0.5039123296737671
7353,0.5050764083862305,0.5050764083862305,0.5050764083862305
7356,0.5049664974212646,0.5049664974212646,0.5049664974212646
7358,0.5046108365058899,0.5046108365058899,0.5046108365058899
7359,0.5041912794113159,0.5041912794113159,0.5041912794113159
7360,0.5041891932487488,0.5041891932487488,0.5041891932487488
7361,0.5043556690216064,0.5043556690216064,0.5043556690216064
7362,0.5040624141693115,0.5040624141693115,0.5040624141693115
7365,0.5043714046478271,0.5043714046478271,0.5043714046478271
7366,0.5041754245758057,0.5041754245758057,0.5041754245758057
7367,0.5039942264556885,0.5039942264556885,0.5039942264556885
7368,0.5039202570915222,0.5039202570915222,0.5039202570915222
7371,0.503313422203064,0.503313422203064,0.503313422203064
7374,0.5014041066169739,0.5014041066169739,0.5014041066169739
7379,0.5012822151184082,0.5012822151184082,0.5012822151184082
7380,0.5002343654632568,0.5002343654632568,0.5002343654632568
7382,0.4994906783103943,0.4994906783103943,0.4994906783103943
7384,0.5000979900360107,0.5000979900360107,0.5000979900360107
7385,0.5003271102905273,0.5003271102905273,0.5003271102905273
7387,0.5004801750183105,0.5004801750183105,0.5004801750183105
7388,0.5006887912750244,0.5006887912750244,0.5006887912750244
7390,0.5015128254890442,0.5015128254890442,0.5015128254890442
7391,0.5015489459037781,0.5015489459037781,0.5015489459037781
7392,0.5014838576316833,0.5014838576316833,0.5014838576316833
7398,0.5013981461524963,0.5013981461524963,0.5013981461524963
7400,0.5015877485275269,0.5015877485275269,0.5015877485275269
7401,0.5013886094093323,0.5013886094093323,0.5013886094093323
7404,0.5011929273605347,0.5011929273605347,0.5011929273605347
7405,0.5010270476341248,0.5010270476341248,0.5010270476341248
7407,0.500959575176239,0.500959575176239,0.500959575176239
7408,0.5012955069541931,0.5012955069541931,0.5012955069541931
7411,0.5020467638969421,0.5020467638969421,0.5020467638969421
7412,0.5021112561225891,0.5021112561225891,0.5021112561225891
7413,0.5021984577178955,0.5021984577178955,0.5021984577178955
7414,0.5014743208885193,0.5014743208885193,0.5014743208885193
7416,0.5008298754692078,0.5008298754692078,0.5008298754692078
7417,0.5006282329559326,0.5006282329559326,0.5006282329559326
7418,0.5011335611343384,0.5011335611343384,0.5011335611343384
7420,0.5016992092132568,0.5016992092132568,0.5016992092132568
7423,0.5019075870513916,0.5019075870513916,0.5019075870513916
7424,0.5015162229537964,0.5015162229537964,0.5015162229537964
7426,0.5013856291770935,0.5013856291770935,0.5013856291770935
7429,0.5008072257041931,0.5008072257041931,0.5008072257041931
7430,0.5002709627151489,0.5002709627151489,0.5002709627151489
7431,0.49971717596054077,0.49971717596054077,0.49971717596054077
7432,0.49932363629341125,0.49932363629341125,0.49932363629341125
7434,0.4995481073856354,0.4995481073856354,0.4995481073856354
7435,0.4994197189807892,0.4994197189807892,0.4994197189807892
7436,0.4992949068546295,0.4992949068546295,0.4992949068546295
7437,0.4991435110569,0.4991435110569,0.4991435110569
7438,0.4990687668323517,0.4990687668323517,0.4990687668323517
7441,0.4994259476661682,0.4994259476661682,0.4994259476661682
7442,0.49895498156547546,0.49895498156547546,0.49895498156547546
7445,0.4995020925998688,0.4995020925998688,0.4995020925998688
7446,0.4999200701713562,0.4999200701713562,0.4999200701713562
7451,0.5007219314575195,0.5007219314575195,0.5007219314575195
7452,0.5008615255355835,0.5008615255355835,0.5008615255355835
7455,0.5016077160835266,0.5016077160835266,0.5016077160835266
7458,0.5015898942947388,0.5015898942947388,0.5015898942947388
7459,0.5012568235397339,0.5012568235397339,0.5012568235397339
7460,0.5017456412315369,0.5017456412315369,0.5017456412315369
7464,0.4995594918727875,0.4995594918727875,0.4995594918727875
7465,0.4990083873271942,0.4990083873271942,0.4990083873271942
7469,0.4993821382522583,0.4993821382522583,0.4993821382522583
7471,0.49909666180610657,0.49909666180610657,0.49909666180610657
7473,0.499168336391449,0.499168336391449,0.499168336391449
7479,0.49946579337120056,0.49946579337120056,0.49946579337120056
7480,0.4994337856769562,0.4994337856769562,0.4994337856769562
7482,0.4991632103919983,0.4991632103919983,0.4991632103919983
7483,0.4990572929382324,0.4990572929382324,0.4990572929382324
7484,0.49831750988960266,0.49831750988960266,0.49831750988960266
7489,0.49692413210868835,0.49692413210868835,0.49692413210868835
7493,0.49793753027915955,0.49793753027915955,0.49793753027915955
7497,0.4986850917339325,0.4986850917339325,0.4986850917339325
7499,0.49891355633735657,0.49891355633735657,0.49891355633735657
7500,0.49953383207321167,0.49953383207321167,0.49953383207321167
7502,0.5000411868095398,0.5000411868095398,0.5000411868095398
7507,0.5020410418510437,0.5020410418510437,0.5020410418510437
7510,0.5011358261108398,0.5011358261108398,0.5011358261108398
7511,0.500777542591095,0.500777542591095,0.500777542591095
7513,0.5008596181869507,0.5008596181869507,0.5008596181869507
7515,0.5006142258644104,0.5006142258644104,0.5006142258644104
7516,0.5006349086761475,0.5006349086761475,0.5006349086761475
7517,0.5006926655769348,0.5006926655769348,0.5006926655769348
7519,0.5011006593704224,0.5011006593704224,0.5011006593704224
7521,0.5005978345870972,0.5005978345870972,0.5005978345870972
7523,0.5009297132492065,0.5009297132492065,0.5009297132492065
7524,0.5013481974601746,0.5013481974601746,0.5013481974601746
7527,0.5019725561141968,0.5019725561141968,0.5019725561141968
7529,0.5014668703079224,0.5014668703079224,0.5014668703079224
7534,0.5003567934036255,0.5003567934036255,0.5003567934036255
7536,0.5004289746284485,0.5004289746284485,0.5004289746284485
7537,0.5005748271942139,0.5005748271942139,0.5005748271942139
7538,0.500314474105835,0.500314474105835,0.500314474105835
7539,0.5001952052116394,0.5001952052116394,0.5001952052116394
7540,0.5004607439041138,0.5004607439041138,0.5004607439041138
7544,0.5000720024108887,0.5000720024108887,0.5000720024108887
7548,0.49843496084213257,0.49843496084213257,0.49843496084213257
7551,0.497965008020401,0.497965008020401,0.497965008020401
7553,0.49727392196655273,0.49727392196655273,0.49727392196655273
7554,0.4968995749950409,0.4968995749950409,0.4968995749950409
7556,0.4979233741760254,0.4979233741760254,0.4979233741760254
7557,0.49842312932014465,0.49842312932014465,0.49842312932014465
7558,0.49852362275123596,0.49852362275123596,0.49852362275123596
7559,0.49862971901893616,0.49862971901893616,0.49862971901893616
7560,0.4987245798110962,0.4987245798110962,0.4987245798110962
7561,0.49860647320747375,0.49860647320747375,0.49860647320747375
7562,0.4986003637313843,0.4986003637313843,0.4986003637313843
7564,0.49880650639533997,0.49880650639533997,0.49880650639533997
7567,0.49960747361183167,0.49960747361183167,0.49960747361183167
7568,0.5000311732292175,0.5000311732292175,0.5000311732292175
7571,0.5006441473960876,0.5006441473960876,0.5006441473960876
7573,0.5013480186462402,0.5013480186462402,0.5013480186462402
7575,0.5012345910072327,0.5012345910072327,0.5012345910072327
7576,0.5010437369346619,0.5010437369346619,0.5010437369346619
7579,0.5010013580322266,0.5010013580322266,0.5010013580322266
7585,0.4992073178291321,0.4992073178291321,0.4992073178291321
7587,0.4988301694393158,0.4988301694393158,0.4988301694393158
7588,0.49832725524902344,0.49832725524902344,0.49832725524902344
7590,0.4974398612976074,0.4974398612976074,0.4974398612976074
7591,0.49726665019989014,0.49726665019989014,0.49726665019989014
7592,0.49729448556900024,0.49729448556900024,0.49729448556900024
7593,0.4972016513347626,0.4972016513347626,0.4972016513347626
7596,0.49781638383865356,0.49781638383865356,0.49781638383865356
7600,0.4968668222427368,0.4968668222427368,0.4968668222427368
7601,0.49681606888771057,0.49681606888771057,0.49681606888771057
7603,0.4970744848251343,0.4970744848251343,0.4970744848251343
7606,0.4969535171985626,0.4969535171985626,0.4969535171985626
7607,0.4972061216831207,0.4972061216831207,0.4972061216831207
7609,0.496959388256073,0.496959388256073,0.496959388256073
7612,0.49661973118782043,0.49661973118782043,0.49661973118782043
7613,0.4965008795261383,0.4965008795261383,0.4965008795261383
7614,0.4960991144180298,0.4960991144180298,0.4960991144180298
7615,0.49587783217430115,0.49587783217430115,0.49587783217430115
7616,0.4956847131252289,0.4956847131252289,0.4956847131252289
7618,0.49457603693008423,0.49457603693008423,0.49457603693008423
7619,0.49435290694236755,0.49435290694236755,0.49435290694236755
7620,0.49434876441955566,0.49434876441955566,0.49434876441955566
7621,0.4943503141403198,0.4943503141403198,0.4943503141403198
7622,0.49444568157196045,0.49444568157196045,0.49444568157196045
7627,0.4952971637248993,0.4952971637248993,0.4952971637248993
7628,0.4954230785369873,0.4954230785369873,0.4954230785369873
7630,0.4964078366756439,0.4964078366756439,0.4964078366756439
7632,0.49743515253067017,0.49743515253067017,0.49743515253067017
7635,0.4976203739643097,0.4976203739643097,0.4976203739643097
7638,0.4957456886768341,0.4957456886768341,0.4957456886768341
7639,0.4951851963996887,0.4951851963996887,0.4951851963996887
7640,0.4951457381248474,0.4951457381248474,0.4951457381248474
7642,0.49499911069869995,0.49499911069869995,0.49499911069869995
7645,0.49458011984825134,0.49458011984825134,0.49458011984825134
7647,0.4950272738933563,0.4950272738933563,0.4950272738933563
7648,0.49522608518600464,0.49522608518600464,0.49522608518600464
7650,0.49462366104125977,0.49462366104125977,0.49462366104125977
7651,0.4940244257450104,0.4940244257450104,0.4940244257450104
7653,0.4936830997467041,0.4936830997467041,0.4936830997467041
7655,0.49330854415893555,0.49330854415893555,0.49330854415893555
7656,0.4930603802204132,0.4930603802204132,0.4930603802204132
7657,0.4930161237716675,0.4930161237716675,0.4930161237716675
7659,0.4922512471675873,0.4922512471675873,0.4922512471675873
7660,0.4918912351131439,0.4918912351131439,0.4918912351131439
7662,0.49157094955444336,0.49157094955444336,0.49157094955444336
7663,0.4913049042224884,0.4913049042224884,0.4913049042224884
7668,0.49120640754699707,0.49120640754699707,0.49120640754699707
7670,0.4917745590209961,0.4917745590209961,0.4917745590209961
7671,0.49159079790115356,0.49159079790115356,0.49159079790115356
7672,0.4914025664329529,0.4914025664329529,0.4914025664329529
7673,0.4913957715034485,0.4913957715034485,0.4913957715034485
7675,0.49067139625549316,0.49067139625549316,0.49067139625549316
7676,0.4909445345401764,0.4909445345401764,0.4909445345401764
7677,0.49099278450012207,0.49099278450012207,0.49099278450012207
7682,0.4912296235561371,0.4912296235561371,0.4912296235561371
7685,0.49213162064552307,0.49213162064552307,0.49213162064552307
7687,0.49135124683380127,0.49135124683380127,0.49135124683380127
7690,0.49064505100250244,0.49064505100250244,0.49064505100250244
7691,0.4903574585914612,0.4903574585914612,0.4903574585914612
7692,0.4902743101119995,0.4902743101119995,0.4902743101119995
7697,0.4914897084236145,0.4914897084236145,0.4914897084236145
7703,0.49173107743263245,0.49173107743263245,0.49173107743263245
7704,0.49144497513771057,0.49144497513771057,0.49144497513771057
7706,0.49146226048469543,0.49146226048469543,0.49146226048469543
7708,0.4916544556617737,0.4916544556617737,0.4916544556617737
7709,0.49123409390449524,0.49123409390449524,0.49123409390449524
7710,0.4912320375442505,0.4912320375442505,0.4912320375442505
7711,0.49120503664016724,0.49120503664016724,0.49120503664016724
7714,0.4903472661972046,0.4903472661972046,0.4903472661972046
7718,0.49177682399749756,0.49177682399749756,0.49177682399749756
7720,0.4918156564235687,0.4918156564235687,0.4918156564235687
7721,0.49224522709846497,0.49224522709846497,0.49224522709846497
7723,0.4924996495246887,0.4924996495246887,0.4924996495246887
7725,0.49244093894958496,0.49244093894958496,0.49244093894958496
7727,0.49219369888305664,0.49219369888305664,0.49219369888305664
7728,0.4918045997619629,0.4918045997619629,0.4918045997619629
7729,0.4912905693054199,0.4912905693054199,0.4912905693054199
7732,0.4904663860797882,0.4904663860797882,0.4904663860797882
7735,0.48972687125205994,0.48972687125205994,0.48972687125205994
7738,0.489250510931015,0.489250510931015,0.489250510931015
7740,0.48830366134643555,0.48830366134643555,0.48830366134643555
7741,0.4876936674118042,0.4876936674118042,0.4876936674118042
7742,0.4875674247741699,0.4875674247741699,0.4875674247741699
7743,0.4882497787475586,0.4882497787475586,0.4882497787475586
7752,0.4867497682571411,0.4867497682571411,0.4867497682571411
7756,0.4864411950111389,0.4864411950111389,0.4864411950111389
7758,0.487256795167923,0.487256795167923,0.487256795167923
7761,0.48710161447525024,0.48710161447525024,0.48710161447525024
7762,0.487311989068985,0.487311989068985,0.487311989068985
7763,0.4879184663295746,0.4879184663295746,0.4879184663295746
7764,0.488380491733551,0.488380491733551,0.488380491733551
7765,0.48874232172966003,0.48874232172966003,0.48874232172966003
7766,0.48871615529060364,0.48871615529060364,0.48871615529060364
7772,0.491041898727417,0.491041898727417,0.491041898727417
7777,0.49092450737953186,0.49092450737953186,0.49092450737953186
7778,0.4909396469593048,0.4909396469593048,0.4909396469593048
7779,0.4911448359489441,0.4911448359489441,0.4911448359489441
7780,0.4910237789154053,0.4910237789154053,0.4910237789154053
7785,0.4902244806289673,0.4902244806289673,0.4902244806289673
7786,0.4896211326122284,0.4896211326122284,0.4896211326122284
7790,0.4873831868171692,0.4873831868171692,0.4873831868171692
7793,0.4873001277446747,0.4873001277446747,0.4873001277446747
7794,0.4879053235054016,0.4879053235054016,0.4879053235054016
7795,0.4884083569049835,0.4884083569049835,0.4884083569049835
7796,0.48853057622909546,0.48853057622909546,0.48853057622909546
7798,0.4880634844303131,0.4880634844303131,0.4880634844303131
7800,0.4885943830013275,0.4885943830013275,0.4885943830013275
7801,0.488506019115448,0.488506019115448,0.488506019115448
7803,0.4886986315250397,0.4886986315250397,0.4886986315250397
7804,0.4882411062717438,0.4882411062717438,0.4882411062717438
7807,0.48776140809059143,0.48776140809059143,0.48776140809059143
7808,0.4878673255443573,0.4878673255443573,0.4878673255443573
7810,0.48759856820106506,0.48759856820106506,0.48759856820106506
7811,0.4872678518295288,0.4872678518295288,0.4872678518295288
7815,0.4881967306137085,0.4881967306137085,0.4881967306137085
7817,0.48787954449653625,0.48787954449653625,0.48787954449653625
7818,0.48796433210372925,0.48796433210372925,0.48796433210372925
7824,0.48597079515457153,0.48597079515457153,0.48597079515457153
7825,0.48571380972862244,0.48571380972862244,0.48571380972862244
7829,0.48644524812698364,0.48644524812698364,0.48644524812698364
7832,0.4855998754501343,0.4855998754501343,0.4855998754501343
7833,0.4847225546836853,0.4847225546836853,0.4847225546836853
7834,0.4844043552875519,0.4844043552875519,0.4844043552875519
7836,0.48494017124176025,0.48494017124176025,0.48494017124176025
7838,0.48509106040000916,0.48509106040000916,0.48509106040000916
7839,0.48455098271369934,0.48455098271369934,0.48455098271369934
7842,0.4842694103717804,0.4842694103717804,0.4842694103717804
7843,0.48481836915016174,0.48481836915016174,0.48481836915016174
7844,0.4850511848926544,0.4850511848926544,0.4850511848926544
7845,0.48509645462036133,0.48509645462036133,0.48509645462036133
7849,0.48638173937797546,0.48638173937797546,0.48638173937797546
7851,0.48627617955207825,0.48627617955207825,0.48627617955207825
7852,0.485941082239151,0.485941082239151,0.485941082239151
7853,0.48548567295074463,0.48548567295074463,0.48548567295074463
7854,0.4854912757873535,0.4854912757873535,0.4854912757873535
7855,0.4854382276535034,0.4854382276535034,0.4854382276535034
7856,0.4853461980819702,0.4853461980819702,0.4853461980819702
7858,0.48444753885269165,0.48444753885269165,0.48444753885269165
7859,0.4840262234210968,0.4840262234210968,0.4840262234210968
7864,0.48496323823928833,0.48496323823928833,0.48496323823928833
7868,0.48502299189567566,0.48502299189567566,0.48502299189567566
7870,0.48433762788772583,0.48433762788772583,0.48433762788772583
7872,0.4840165972709656,0.4840165972709656,0.4840165972709656
7874,0.4839893877506256,0.4839893877506256,0.4839893877506256
7875,0.48454660177230835,0.48454660177230835,0.48454660177230835
7876,0.48495712876319885,0.48495712876319885,0.48495712876319885
7878,0.4847598671913147,0.4847598671913147,0.4847598671913147
7883,0.4845917224884033,0.4845917224884033,0.4845917224884033
7884,0.4851227104663849,0.4851227104663849,0.4851227104663849
7886,0.485239714384079,0.485239714384079,0.485239714384079
7887,0.484826922416687,0.484826922416687,0.484826922416687
7891,0.48373937606811523,0.48373937606811523,0.48373937606811523
7893,0.4845588505268097,0.4845588505268097,0.4845588505268097
7895,0.4837654232978821,0.4837654232978821,0.4837654232978821
7897,0.4835789203643799,0.4835789203643799,0.4835789203643799
7898,0.48372122645378113,0.48372122645378113,0.48372122645378113
7899,0.4836280941963196,0.4836280941963196,0.4836280941963196
7901,0.4844137132167816,0.4844137132167816,0.4844137132167816
7902,0.4844173789024353,0.4844173789024353,0.4844173789024353
7905,0.4841630160808563,0.4841630160808563,0.4841630160808563
7906,0.4843076467514038,0.4843076467514038,0.4843076467514038
7908,0.48431646823883057,0.48431646823883057,0.48431646823883057
7909,0.48402225971221924,0.48402225971221924,0.48402225971221924
7910,0.4842987656593323,0.4842987656593323,0.4842987656593323
7913,0.48548462986946106,0.48548462986946106,0.48548462986946106
7914,0.4856629967689514,0.4856629967689514,0.4856629967689514
7915,0.4859531819820404,0.4859531819820404,0.4859531819820404
7916,0.4854944944381714,0.4854944944381714,0.4854944944381714
7918,0.48416170477867126,0.48416170477867126,0.48416170477867126
7922,0.48518744111061096,0.48518744111061096,0.48518744111061096
7925,0.48501095175743103,0.48501095175743103,0.48501095175743103
7927,0.48482951521873474,0.48482951521873474,0.48482951521873474
7931,0.4826347231864929,0.4826347231864929,0.4826347231864929
7933,0.482430100440979,0.482430100440979,0.482430100440979
7934,0.48246899247169495,0.48246899247169495,0.48246899247169495
7940,0.4807737469673157,0.4807737469673157,0.4807737469673157
7942,0.4803237318992615,0.4803237318992615,0.4803237318992615
7944,0.4801948368549347,0.4801948368549347,0.4801948368549347
7946,0.48063960671424866,0.48063960671424866,0.48063960671424866
7947,0.4806022346019745,0.4806022346019745,0.4806022346019745
7948,0.48023277521133423,0.48023277521133423,0.48023277521133423
7949,0.4802550971508026,0.4802550971508026,0.4802550971508026
7951,0.4805038273334503,0.4805038273334503,0.4805038273334503
7952,0.48045679926872253,0.48045679926872253,0.48045679926872253
7954,0.4810728430747986,0.4810728430747986,0.4810728430747986
7955,0.48139652609825134,0.48139652609825134,0.48139652609825134
7956,0.4818475544452667,0.4818475544452667,0.4818475544452667
7958,0.48234522342681885,0.48234522342681885,0.48234522342681885
7963,0.4819660484790802,0.4819660484790802,0.4819660484790802
7964,0.4820939600467682,0.4820939600467682,0.4820939600467682
7966,0.4814828932285309,0.4814828932285309,0.4814828932285309
7967,0.48131391406059265,0.48131391406059265,0.48131391406059265
7968,0.4806077480316162,0.4806077480316162,0.4806077480316162
7972,0.48205697536468506,0.48205697536468506,0.48205697536468506
7973,0.4821697175502777,0.4821697175502777,0.4821697175502777
7974,0.48243674635887146,0.48243674635887146,0.48243674635887146
7976,0.48304349184036255,0.48304349184036255,0.48304349184036255
7989,0.48498207330703735,0.48498207330703735,0.48498207330703735
7993,0.4851837158203125,0.4851837158203125,0.4851837158203125
7995,0.48514246940612793,0.48514246940612793,0.48514246940612793
7997,0.4844557046890259,0.4844557046890259,0.4844557046890259
8000,0.48321521282196045,0.48321521282196045,0.48321521282196045
8003,0.4836922287940979,0.4836922287940979,0.4836922287940979
8004,0.48391640186309814,0.48391640186309814,0.48391640186309814
8005,0.4836018979549408,0.4836018979549408,0.4836018979549408
8008,0.48432135581970215,0.48432135581970215,0.48432135581970215
8009,0.4843973219394684,0.4843973219394684,0.4843973219394684
8010,0.48472094535827637,0.48472094535827637,0.48472094535827637
8014,0.4843232333660126,0.4843232333660126,0.4843232333660126
8015,0.48454540967941284,0.48454540967941284,0.48454540967941284
8019,0.4845498502254486,0.4845498502254486,0.4845498502254486
8023,0.482498437166214,0.482498437166214,0.482498437166214
8024,0.48286736011505127,0.48286736011505127,0.48286736011505127
8028,0.4824366271495819,0.4824366271495819,0.4824366271495819
8030,0.4819936752319336,0.4819936752319336,0.4819936752319336
8032,0.4821656346321106,0.4821656346321106,0.4821656346321106
8033,0.48161399364471436,0.48161399364471436,0.48161399364471436
8034,0.4812028408050537,0.4812028408050537,0.4812028408050537
8036,0.48253095149993896,0.48253095149993896,0.48253095149993896
8037,0.4829615652561188,0.4829615652561188,0.4829615652561188
8043,0.4804960787296295,0.4804960787296295,0.4804960787296295
8044,0.48023733496665955,0.48023733496665955,0.48023733496665955
8046,0.48023727536201477,0.48023727536201477,0.48023727536201477
8049,0.47902876138687134,0.47902876138687134,0.47902876138687134
8051,0.4783583879470825,0.4783583879470825,0.4783583879470825
8053,0.4782359004020691,0.4782359004020691,0.4782359004020691
8056,0.47824451327323914,0.47824451327323914,0.47824451327323914
8060,0.4788700044155121,0.4788700044155121,0.4788700044155121
8061,0.47849130630493164,0.47849130630493164,0.47849130630493164
8065,0.4784175157546997,0.4784175157546997,0.4784175157546997
8067,0.47886383533477783,0.47886383533477783,0.47886383533477783
8068,0.4788503050804138,0.4788503050804138,0.4788503050804138
8074,0.47980985045433044,0.47980985045433044,0.47980985045433044
8075,0.4803162217140198,0.4803162217140198,0.4803162217140198
8076,0.48063603043556213,0.48063603043556213,0.48063603043556213
8080,0.48072031140327454,0.48072031140327454,0.48072031140327454
8082,0.4820839464664459,0.4820839464664459,0.4820839464664459
8084,0.48188281059265137,0.48188281059265137,0.48188281059265137
8085,0.4823760688304901,0.4823760688304901,0.4823760688304901
8086,0.4821875989437103,0.4821875989437103,0.4821875989437103
8087,0.48243093490600586,0.48243093490600586,0.48243093490600586
8089,0.48277100920677185,0.48277100920677185,0.48277100920677185
8091,0.48300567269325256,0.48300567269325256,0.48300567269325256
8092,0.4833783805370331,0.4833783805370331,0.4833783805370331
8093,0.4837275445461273,0.4837275445461273,0.4837275445461273
8094,0.48367613554000854,0.48367613554000854,0.48367613554000854
8096,0.4829895794391632,0.4829895794391632,0.4829895794391632
8097,0.4826638400554657,0.4826638400554657,0.4826638400554657
8102,0.48072725534439087,0.48072725534439087,0.48072725534439087
8106,0.48088663816452026,0.48088663816452026,0.48088663816452026
8107,0.48085707426071167,0.48085707426071167,0.48085707426071167
8108,0.48091956973075867,0.48091956973075867,0.48091956973075867
8109,0.4811515510082245,0.4811515510082245,0.4811515510082245
8110,0.48148611187934875,0.48148611187934875,0.48148611187934875
8112,0.4815378785133362,0.4815378785133362,0.4815378785133362
8113,0.4812449812889099,0.4812449812889099,0.4812449812889099
8115,0.4808928966522217,0.4808928966522217,0.4808928966522217
8119,0.48256996273994446,0.48256996273994446,0.48256996273994446
8120,0.4822829067707062,0.4822829067707062,0.4822829067707062
8124,0.4813026785850525,0.4813026785850525,0.4813026785850525
8130,0.47879308462142944,0.47879308462142944,0.47879308462142944
8134,0.47873714566230774,0.47873714566230774,0.47873714566230774
8136,0.4791981875896454,0.4791981875896454,0.4791981875896454
8137,0.4790574312210083,0.4790574312210083,0.4790574312210083
8138,0.47920462489128113,0.47920462489128113,0.47920462489128113
8140,0.47992461919784546,0.47992461919784546,0.47992461919784546
8144,0.4800374507904053,0.4800374507904053,0.4800374507904053
8145,0.4803656339645386,0.4803656339645386,0.4803656339645386
8146,0.4799087345600128,0.4799087345600128,0.4799087345600128
8148,0.4795158803462982,0.4795158803462982,0.4795158803462982
8149,0.48007676005363464,0.48007676005363464,0.48007676005363464
8150,0.4804113805294037,0.4804113805294037,0.4804113805294037
8151,0.48064687848091125,0.48064687848091125,0.48064687848091125
8152,0.4807783365249634,0.4807783365249634,0.4807783365249634
8153,0.4806888699531555,0.4806888699531555,0.4806888699531555
8154,0.4805167019367218,0.4805167019367218,0.4805167019367218
8159,0.48210862278938293,0.48210862278938293,0.48210862278938293
8161,0.481466680765152,0.481466680765152,0.481466680765152
8164,0.48124945163726807,0.48124945163726807,0.48124945163726807
8167,0.4826156795024872,0.4826156795024872,0.4826156795024872
8168,0.48315849900245667,0.48315849900245667,0.48315849900245667
8175,0.48513975739479065,0.48513975739479065,0.48513975739479065
8176,0.485080361366272,0.485080361366272,0.485080361366272
8179,0.48526090383529663,0.48526090383529663,0.48526090383529663
8181,0.48567166924476624,0.48567166924476624,0.48567166924476624
8184,0.4870370924472809,0.4870370924472809,0.4870370924472809
8187,0.4886254370212555,0.4886254370212555,0.4886254370212555
8189,0.48941782116889954,0.48941782116889954,0.48941782116889954
8190,0.4895949959754944,0.4895949959754944,0.4895949959754944
8192,0.48935016989707947,0.48935016989707947,0.48935016989707947
8193,0.4891332685947418,0.4891332685947418,0.4891332685947418
8195,0.4897042214870453,0.4897042214870453,0.4897042214870453
8196,0.490187406539917,0.490187406539917,0.490187406539917
8197,0.4900938868522644,0.4900938868522644,0.4900938868522644
8198,0.4900575578212738,0.4900575578212738,0.4900575578212738
8199,0.4898659586906433,0.4898659586906433,0.4898659586906433
8203,0.4898030757904053,0.4898030757904053,0.4898030757904053
8204,0.4896373748779297,0.4896373748779297,0.4896373748779297
8205,0.4894464910030365,0.4894464910030365,0.4894464910030365
8206,0.48872610926628113,0.48872610926628113,0.48872610926628113
8207,0.488369345664978,0.488369345664978,0.488369345664978
8208,0.48823392391204834,0.48823392391204834,0.48823392391204834
8210,0.48774847388267517,0.48774847388267517,0.48774847388267517
8213,0.4867394268512726,0.4867394268512726,0.4867394268512726
8214,0.48648110032081604,0.48648110032081604,0.48648110032081604
8215,0.4867587983608246,0.4867587983608246,0.4867587983608246
8216,0.48660504817962646,0.48660504817962646,0.48660504817962646
8218,0.4860067665576935,0.4860067665576935,0.4860067665576935
8220,0.485208123922348,0.485208123922348,0.485208123922348
8221,0.4856037497520447,0.4856037497520447,0.4856037497520447
8224,0.48608431220054626,0.48608431220054626,0.48608431220054626
8226,0.48629119992256165,0.48629119992256165,0.48629119992256165
8229,0.48722925782203674,0.48722925782203674,0.48722925782203674
8230,0.48748719692230225,0.48748719692230225,0.48748719692230225
8231,0.4876565635204315,0.4876565635204315,0.4876565635204315
8232,0.4873013198375702,0.4873013198375702,0.4873013198375702
8236,0.486294686794281,0.486294686794281,0.486294686794281
8239,0.4861747622489929,0.4861747622489929,0.4861747622489929
8241,0.48498284816741943,0.48498284816741943,0.48498284816741943
8247,0.4834434688091278,0.4834434688091278,0.4834434688091278
8250,0.4837326109409332,0.4837326109409332,0.4837326109409332
8251,0.48378172516822815,0.48378172516822815,0.48378172516822815
8252,0.4840078353881836,0.4840078353881836,0.4840078353881836
8254,0.48411834239959717,0.48411834239959717,0.48411834239959717
8256,0.4835687577724457,0.4835687577724457,0.4835687577724457
8257,0.48381680250167847,0.48381680250167847,0.48381680250167847
8260,0.48384758830070496,0.48384758830070496,0.48384758830070496
8261,0.4834892153739929,0.4834892153739929,0.4834892153739929
8263,0.48332685232162476,0.48332685232162476,0.48332685232162476
8264,0.48321327567100525,0.48321327567100525,0.48321327567100525
8265,0.48303642868995667,0.48303642868995667,0.48303642868995667
8267,0.4829557240009308,0.4829557240009308,0.4829557240009308
8268,0.4831387996673584,0.4831387996673584,0.4831387996673584
8269,0.4832698702812195,0.4832698702812195,0.4832698702812195
8270,0.48310691118240356,0.48310691118240356,0.48310691118240356
8271,0.48309677839279175,0.48309677839279175,0.48309677839279175
8272,0.48288002610206604,0.48288002610206604,0.48288002610206604
8275,0.48283687233924866,0.48283687233924866,0.48283687233924866
8276,0.48265939950942993,0.48265939950942993,0.48265939950942993
8277,0.48226940631866455,0.48226940631866455,0.48226940631866455
8279,0.4824714660644531,0.4824714660644531,0.4824714660644531
8280,0.48249831795692444,0.48249831795692444,0.48249831795692444
8283,0.4821280241012573,0.4821280241012573,0.4821280241012573
8285,0.48257479071617126,0.48257479071617126,0.48257479071617126
8287,0.48254263401031494,0.48254263401031494,0.48254263401031494
8288,0.48200327157974243,0.48200327157974243,0.48200327157974243
8290,0.4821527898311615,0.4821527898311615,0.4821527898311615
8295,0.48209691047668457,0.48209691047668457,0.48209691047668457
8296,0.48244795203208923,0.48244795203208923,0.48244795203208923
8303,0.4815796911716461,0.4815796911716461,0.4815796911716461
8306,0.4820360243320465,0.4820360243320465,0.4820360243320465
8308,0.4832177758216858,0.4832177758216858,0.4832177758216858
8312,0.48306602239608765,0.48306602239608765,0.48306602239608765
8316,0.4842270612716675,0.4842270612716675,0.4842270612716675
8318,0.4837923049926758,0.4837923049926758,0.4837923049926758
8319,0.48375019431114197,0.48375019431114197,0.48375019431114197
8321,0.4818204939365387,0.4818204939365387,0.4818204939365387
8322,0.4816991984844208,0.4816991984844208,0.4816991984844208
8323,0.4816000759601593,0.4816000759601593,0.4816000759601593
8328,0.4814285933971405,0.4814285933971405,0.4814285933971405
8329,0.4809646010398865,0.4809646010398865,0.4809646010398865
8330,0.4809744954109192,0.4809744954109192,0.4809744954109192
8331,0.4805184006690979,0.4805184006690979,0.4805184006690979
8332,0.4804224967956543,0.4804224967956543,0.4804224967956543
8333,0.48067671060562134,0.48067671060562134,0.48067671060562134
8335,0.4804260730743408,0.4804260730743408,0.4804260730743408
8336,0.48006680607795715,0.48006680607795715,0.48006680607795715
8337,0.48006218671798706,0.48006218671798706,0.48006218671798706
8340,0.48025473952293396,0.48025473952293396,0.48025473952293396
8344,0.48118963837623596,0.48118963837623596,0.48118963837623596
8347,0.4805563688278198,0.4805563688278198,0.4805563688278198
8348,0.4801297187805176,0.4801297187805176,0.4801297187805176
8350,0.479550838470459,0.479550838470459,0.479550838470459
8351,0.4795003831386566,0.4795003831386566,0.4795003831386566
8353,0.479763388633728,0.479763388633728,0.479763388633728
8354,0.48001760244369507,0.48001760244369507,0.48001760244369507
8355,0.47988831996917725,0.47988831996917725,0.47988831996917725
8357,0.4793137013912201,0.4793137013912201,0.4793137013912201
8358,0.47885164618492126,0.47885164618492126,0.47885164618492126
8360,0.4797036647796631,0.4797036647796631,0.4797036647796631
8362,0.480165034532547,0.480165034532547,0.480165034532547
8363,0.48005411028862,0.48005411028862,0.48005411028862
8366,0.4810774624347687,0.4810774624347687,0.4810774624347687
8371,0.4815846383571625,0.4815846383571625,0.4815846383571625
8372,0.4819631576538086,0.4819631576538086,0.4819631576538086
8373,0.48186755180358887,0.48186755180358887,0.48186755180358887
8374,0.4816681146621704,0.4816681146621704,0.4816681146621704
8375,0.48170337080955505,0.48170337080955505,0.48170337080955505
8378,0.48227590322494507,0.48227590322494507,0.48227590322494507
8379,0.4821496605873108,0.4821496605873108,0.4821496605873108
8382,0.48176994919776917,0.48176994919776917,0.48176994919776917
8389,0.48159581422805786,0.48159581422805786,0.48159581422805786
8390,0.48139217495918274,0.48139217495918274,0.48139217495918274
8391,0.48144394159317017,0.48144394159317017,0.48144394159317017
8392,0.48107513785362244,0.48107513785362244,0.48107513785362244
8394,0.48079147934913635,0.48079147934913635,0.48079147934913635
8398,0.4813227355480194,0.4813227355480194,0.4813227355480194
8399,0.4814116358757019,0.4814116358757019,0.4814116358757019
8402,0.48129895329475403,0.48129895329475403,0.48129895329475403
8404,0.48060792684555054,0.48060792684555054,0.48060792684555054
8405,0.4810384511947632,0.4810384511947632,0.4810384511947632
8407,0.48050326108932495,0.48050326108932495,0.48050326108932495
8414,0.4817620515823364,0.4817620515823364,0.4817620515823364
8417,0.48258304595947266,0.48258304595947266,0.48258304595947266
8419,0.48270025849342346,0.48270025849342346,0.48270025849342346
8421,0.48322969675064087,0.48322969675064087,0.48322969675064087
8422,0.4839365482330322,0.4839365482330322,0.4839365482330322
8423,0.484001100063324,0.484001100063324,0.484001100063324
8424,0.48362448811531067,0.48362448811531067,0.48362448811531067
8425,0.4837328791618347,0.4837328791618347,0.4837328791618347
8426,0.48364681005477905,0.48364681005477905,0.48364681005477905
8428,0.48381322622299194,0.48381322622299194,0.48381322622299194
8431,0.4838094413280487,0.4838094413280487,0.4838094413280487
8432,0.4837084114551544,0.4837084114551544,0.4837084114551544
8433,0.48328065872192383,0.48328065872192383,0.48328065872192383
8434,0.4833882749080658,0.4833882749080658,0.4833882749080658
8435,0.4834451675415039,0.4834451675415039,0.4834451675415039
8436,0.48399123549461365,0.48399123549461365,0.48399123549461365
8440,0.48523077368736267,0.48523077368736267,0.48523077368736267
8441,0.48525503277778625,0.48525503277778625,0.48525503277778625
8448,0.48465263843536377,0.48465263843536377,0.48465263843536377
8449,0.48454177379608154,0.48454177379608154,0.48454177379608154
8450,0.4844655394554138,0.4844655394554138,0.4844655394554138
8452,0.48439472913742065,0.48439472913742065,0.48439472913742065
8453,0.48427069187164307,0.48427069187164307,0.48427069187164307
8457,0.48224321007728577,0.48224321007728577,0.48224321007728577
8458,0.4820081293582916,0.4820081293582916,0.4820081293582916
8461,0.48148927092552185,0.48148927092552185,0.48148927092552185
8462,0.4815199375152588,0.4815199375152588,0.4815199375152588
8464,0.48150309920310974,0.48150309920310974,0.48150309920310974
8467,0.4800654649734497,0.4800654649734497,0.4800654649734497
8468,0.4799603819847107,0.4799603819847107,0.4799603819847107
8470,0.48010745644569397,0.48010745644569397,0.48010745644569397
8471,0.4805329442024231,0.4805329442024231,0.4805329442024231
8475,0.4811280369758606,0.4811280369758606,0.4811280369758606
8476,0.4813174605369568,0.4813174605369568,0.4813174605369568
8483,0.48118501901626587,0.48118501901626587,0.48118501901626587
8485,0.48036786913871765,0.48036786913871765,0.48036786913871765
8486,0.47999241948127747,0.47999241948127747,0.47999241948127747
8487,0.47960785031318665,0.47960785031318665,0.47960785031318665
8492,0.4785815179347992,0.4785815179347992,0.4785815179347992
8493,0.4791538715362549,0.4791538715362549,0.4791538715362549
8495,0.4796121418476105,0.4796121418476105,0.4796121418476105
8496,0.48012712597846985,0.48012712597846985,0.48012712597846985
8500,0.4800074100494385,0.4800074100494385,0.4800074100494385
8503,0.4809491038322449,0.4809491038322449,0.4809491038322449
8506,0.4810008406639099,0.4810008406639099,0.4810008406639099
8510,0.4816898703575134,0.4816898703575134,0.4816898703575134
8511,0.48161637783050537,0.48161637783050537,0.48161637783050537
8512,0.4811680316925049,0.4811680316925049,0.4811680316925049
8515,0.48021769523620605,0.48021769523620605,0.48021769523620605
8516,0.47968730330467224,0.47968730330467224,0.47968730330467224
8523,0.4813653230667114,0.4813653230667114,0.4813653230667114
8525,0.4829528033733368,0.4829528033733368,0.4829528033733368
8529,0.4831516742706299,0.4831516742706299,0.4831516742706299
8531,0.4829345643520355,0.4829345643520355,0.4829345643520355
8532,0.48295027017593384,0.48295027017593384,0.48295027017593384
8533,0.4829750955104828,0.4829750955104828,0.4829750955104828
8534,0.48317649960517883,0.48317649960517883,0.48317649960517883
8535,0.4835125207901001,0.4835125207901001,0.4835125207901001
8536,0.4837844967842102,0.4837844967842102,0.4837844967842102
8537,0.48411282896995544,0.48411282896995544,0.48411282896995544
8538,0.4843589663505554,0.4843589663505554,0.4843589663505554
8541,0.48494067788124084,0.48494067788124084,0.48494067788124084
8542,0.4853670597076416,0.4853670597076416,0.4853670597076416
8545,0.48655086755752563,0.48655086755752563,0.48655086755752563
8546,0.4867897033691406,0.4867897033691406,0.4867897033691406
8548,0.48683246970176697,0.48683246970176697,0.48683246970176697
8551,0.48682647943496704,0.48682647943496704,0.48682647943496704
8552,0.4867393672466278,0.4867393672466278,0.4867393672466278
8554,0.48642948269844055,0.48642948269844055,0.48642948269844055
8556,0.48636406660079956,0.48636406660079956,0.48636406660079956
8561,0.48617392778396606,0.48617392778396606,0.48617392778396606
8565,0.4868942201137543,0.4868942201137543,0.4868942201137543
8569,0.4868885576725006,0.4868885576725006,0.4868885576725006
8570,0.4867936372756958,0.4867936372756958,0.4867936372756958
8574,0.4877302944660187,0.4877302944660187,0.4877302944660187
8580,0.48625293374061584,0.48625293374061584,0.48625293374061584
8584,0.48624518513679504,0.48624518513679504,0.48624518513679504
8585,0.48622021079063416,0.48622021079063416,0.48622021079063416
8590,0.48615071177482605,0.48615071177482605,0.48615071177482605
8591,0.486583411693573,0.486583411693573,0.486583411693573
8592,0.4866311550140381,0.4866311550140381,0.4866311550140381
8593,0.48680728673934937,0.48680728673934937,0.48680728673934937
8594,0.4870573878288269,0.4870573878288269,0.4870573878288269
8596,0.48704594373703003,0.48704594373703003,0.48704594373703003
8598,0.4878958463668823,0.4878958463668823,0.4878958463668823
8601,0.4885270893573761,0.4885270893573761,0.4885270893573761
8605,0.4892118573188782,0.4892118573188782,0.4892118573188782
8608,0.48933249711990356,0.48933249711990356,0.48933249711990356
8610,0.4895530641078949,0.4895530641078949,0.4895530641078949
8611,0.4896288216114044,0.4896288216114044,0.4896288216114044
8613,0.48960795998573303,0.48960795998573303,0.48960795998573303
8615,0.4891360402107239,0.4891360402107239,0.4891360402107239
8616,0.4884757101535797,0.4884757101535797,0.4884757101535797
8618,0.4877418577671051,0.4877418577671051,0.4877418577671051
8620,0.48826688528060913,0.48826688528060913,0.48826688528060913
8622,0.4881596267223358,0.4881596267223358,0.4881596267223358
8623,0.4885246157646179,0.4885246157646179,0.4885246157646179
8626,0.48773428797721863,0.48773428797721863,0.48773428797721863
8628,0.48730722069740295,0.48730722069740295,0.48730722069740295
8630,0.48776495456695557,0.48776495456695557,0.48776495456695557
8632,0.487199991941452,0.487199991941452,0.487199991941452
8633,0.48692798614501953,0.48692798614501953,0.48692798614501953
8634,0.4870923161506653,0.4870923161506653,0.4870923161506653
8635,0.4871477782726288,0.4871477782726288,0.4871477782726288
8637,0.4865696132183075,0.4865696132183075,0.4865696132183075
8638,0.4863969683647156,0.4863969683647156,0.4863969683647156
8641,0.4855411648750305,0.4855411648750305,0.4855411648750305
8644,0.48576629161834717,0.48576629161834717,0.48576629161834717
8646,0.48595866560935974,0.48595866560935974,0.48595866560935974
8647,0.48591622710227966,0.48591622710227966,0.48591622710227966
8648,0.48546627163887024,0.48546627163887024,0.48546627163887024
8650,0.4850393235683441,0.4850393235683441,0.4850393235683441
8654,0.48536357283592224,0.48536357283592224,0.48536357283592224
8656,0.48601293563842773,0.48601293563842773,0.48601293563842773
8658,0.48529523611068726,0.48529523611068726,0.48529523611068726
8661,0.48500528931617737,0.48500528931617737,0.48500528931617737
8662,0.4851970672607422,0.4851970672607422,0.4851970672607422
8663,0.48494547605514526,0.48494547605514526,0.48494547605514526
8664,0.4847787618637085,0.4847787618637085,0.4847787618637085
8667,0.48539337515830994,0.48539337515830994,0.48539337515830994
8669,0.4855693578720093,0.4855693578720093,0.4855693578720093
8670,0.4858142137527466,0.4858142137527466,0.4858142137527466
8671,0.4861420691013336,0.4861420691013336,0.4861420691013336
8673,0.4868285357952118,0.4868285357952118,0.4868285357952118
8676,0.48711711168289185,0.48711711168289185,0.48711711168289185
8677,0.48712125420570374,0.48712125420570374,0.48712125420570374
8678,0.4872763454914093,0.4872763454914093,0.4872763454914093
8681,0.4860650300979614,0.4860650300979614,0.4860650300979614
8683,0.4848863482475281,0.4848863482475281,0.4848863482475281
8684,0.48480024933815,0.48480024933815,0.48480024933815
8685,0.4844845235347748,0.4844845235347748,0.4844845235347748
8687,0.48447540402412415,0.48447540402412415,0.48447540402412415
8688,0.4846033751964569,0.4846033751964569,0.4846033751964569
8689,0.48494917154312134,0.48494917154312134,0.48494917154312134
8690,0.4852336049079895,0.4852336049079895,0.4852336049079895
8692,0.4843091666698456,0.4843091666698456,0.4843091666698456
8693,0.48416516184806824,0.48416516184806824,0.48416516184806824
8695,0.4855020344257355,0.4855020344257355,0.4855020344257355
8697,0.48601827025413513,0.48601827025413513,0.48601827025413513
8699,0.48601382970809937,0.48601382970809937,0.48601382970809937
8700,0.4860825538635254,0.4860825538635254,0.4860825538635254
8701,0.48587626218795776,0.48587626218795776,0.48587626218795776
8710,0.48716676235198975,0.48716676235198975,0.48716676235198975
8711,0.48738548159599304,0.48738548159599304,0.48738548159599304
8715,0.4875917136669159,0.4875917136669159,0.4875917136669159
8717,0.4878384470939636,0.4878384470939636,0.4878384470939636
8719,0.487691193819046,0.487691193819046,0.487691193819046
8721,0.4885663390159607,0.4885663390159607,0.4885663390159607
8723,0.488728791475296,0.488728791475296,0.488728791475296
8724,0.4885595440864563,0.4885595440864563,0.4885595440864563
8725,0.48830124735832214,0.48830124735832214,0.48830124735832214
8728,0.48780426383018494,0.48780426383018494,0.48780426383018494
8729,0.4878271222114563,0.4878271222114563,0.4878271222114563
8734,0.48694178462028503,0.48694178462028503,0.48694178462028503
8735,0.486825555562973,0.486825555562973,0.486825555562973
8736,0.48644912242889404,0.48644912242889404,0.48644912242889404
8737,0.4862577021121979,0.4862577021121979,0.4862577021121979
8738,0.4860266447067261,0.4860266447067261,0.4860266447067261
8740,0.48692601919174194,0.48692601919174194,0.48692601919174194
8751,0.48707184195518494,0.48707184195518494,0.48707184195518494
8753,0.4874286651611328,0.4874286651611328,0.4874286651611328
8755,0.48775002360343933,0.48775002360343933,0.48775002360343933
8756,0.48804542422294617,0.48804542422294617,0.48804542422294617
8759,0.4879894554615021,0.4879894554615021,0.4879894554615021
8764,0.4876605272293091,0.4876605272293091,0.4876605272293091
8765,0.4875037968158722,0.4875037968158722,0.4875037968158722
8772,0.48649463057518005,0.48649463057518005,0.48649463057518005
8773,0.48673588037490845,0.48673588037490845,0.48673588037490845
8774,0.48641863465309143,0.48641863465309143,0.48641863465309143
8775,0.4857611060142517,0.4857611060142517,0.4857611060142517
8778,0.4856325685977936,0.4856325685977936,0.4856325685977936
8779,0.4852595329284668,0.4852595329284668,0.4852595329284668
8781,0.4845346510410309,0.4845346510410309,0.4845346510410309
8782,0.48399728536605835,0.48399728536605835,0.48399728536605835
8784,0.48319128155708313,0.48319128155708313,0.48319128155708313
8785,0.482707142829895,0.482707142829895,0.482707142829895
8787,0.48213860392570496,0.48213860392570496,0.48213860392570496
8788,0.4822353720664978,0.4822353720664978,0.4822353720664978
8789,0.48252373933792114,0.48252373933792114,0.48252373933792114
8792,0.48267999291419983,0.48267999291419983,0.48267999291419983
8797,0.48179319500923157,0.48179319500923157,0.48179319500923157
8801,0.4811519682407379,0.4811519682407379,0.4811519682407379
8803,0.4805983006954193,0.4805983006954193,0.4805983006954193
8804,0.4803481996059418,0.4803481996059418,0.4803481996059418
8806,0.4802504777908325,0.4802504777908325,0.4802504777908325
8807,0.4803258180618286,0.4803258180618286,0.4803258180618286
8811,0.4813469648361206,0.4813469648361206,0.4813469648361206
8813,0.48285385966300964,0.48285385966300964,0.48285385966300964
8814,0.4827873110771179,0.4827873110771179,0.4827873110771179
8815,0.48292306065559387,0.48292306065559387,0.48292306065559387
8816,0.4826757609844208,0.4826757609844208,0.4826757609844208
8817,0.48183611035346985,0.48183611035346985,0.48183611035346985
8818,0.4811621606349945,0.4811621606349945,0.4811621606349945
8820,0.4813094437122345,0.4813094437122345,0.4813094437122345
8823,0.48132702708244324,0.48132702708244324,0.48132702708244324
8825,0.48054206371307373,0.48054206371307373,0.48054206371307373
8826,0.480813592672348,0.480813592672348,0.480813592672348
8828,0.4811594784259796,0.4811594784259796,0.4811594784259796
8829,0.4808184504508972,0.4808184504508972,0.4808184504508972
8831,0.4804733991622925,0.4804733991622925,0.4804733991622925
8835,0.4771605432033539,0.4771605432033539,0.4771605432033539
8837,0.4756648540496826,0.4756648540496826,0.4756648540496826
8838,0.47506454586982727,0.47506454586982727,0.47506454586982727
8840,0.4739828109741211,0.4739828109741211,0.4739828109741211
8841,0.47358983755111694,0.47358983755111694,0.47358983755111694
8844,0.4742530584335327,0.4742530584335327,0.4742530584335327
8846,0.4751599431037903,0.4751599431037903,0.4751599431037903
8847,0.47505471110343933,0.47505471110343933,0.47505471110343933
8848,0.47508543729782104,0.47508543729782104,0.47508543729782104
8850,0.4747096002101898,0.4747096002101898,0.4747096002101898
8852,0.4741833806037903,0.4741833806037903,0.4741833806037903
8856,0.473797470331192,0.473797470331192,0.473797470331192
8857,0.4738004505634308,0.4738004505634308,0.4738004505634308
8861,0.47355568408966064,0.47355568408966064,0.47355568408966064
8862,0.4732683300971985,0.4732683300971985,0.4732683300971985
8863,0.4734943211078644,0.4734943211078644,0.4734943211078644
8864,0.473430871963501,0.473430871963501,0.473430871963501
8866,0.4732503890991211,0.4732503890991211,0.4732503890991211
8870,0.4736434817314148,0.4736434817314148,0.4736434817314148
8871,0.473749577999115,0.473749577999115,0.473749577999115
8872,0.4737677574157715,0.4737677574157715,0.4737677574157715
8873,0.47371867299079895,0.47371867299079895,0.47371867299079895
8874,0.47387194633483887,0.47387194633483887,0.47387194633483887
8876,0.4728924036026001,0.4728924036026001,0.4728924036026001
8879,0.4724682569503784,0.4724682569503784,0.4724682569503784
8882,0.4736446738243103,0.4736446738243103,0.4736446738243103
8885,0.4732113778591156,0.4732113778591156,0.4732113778591156
8887,0.47241753339767456,0.47241753339767456,0.47241753339767456
8895,0.4729110300540924,0.4729110300540924,0.4729110300540924
8896,0.47255685925483704,0.47255685925483704,0.47255685925483704
8898,0.4724428057670593,0.4724428057670593,0.4724428057670593
8901,0.4736584424972534,0.4736584424972534,0.4736584424972534
8903,0.4743765890598297,0.4743765890598297,0.4743765890598297
8905,0.4742557108402252,0.4742557108402252,0.4742557108402252
8906,0.47430694103240967,0.47430694103240967,0.47430694103240967
8907,0.4741852879524231,0.4741852879524231,0.4741852879524231
8912,0.47319814562797546,0.47319814562797546,0.47319814562797546
8915,0.4726252555847168,0.4726252555847168,0.4726252555847168
8916,0.4721062183380127,0.4721062183380127,0.4721062183380127
8917,0.47198399901390076,0.47198399901390076,0.47198399901390076
8920,0.4702019989490509,0.4702019989490509,0.4702019989490509
8921,0.4701864421367645,0.4701864421367645,0.4701864421367645
8924,0.4718244671821594,0.4718244671821594,0.4718244671821594
8925,0.4721044600009918,0.4721044600009918,0.4721044600009918
8926,0.4720448851585388,0.4720448851585388,0.4720448851585388
8927,0.47224506735801697,0.47224506735801697,0.47224506735801697
8928,0.4724772572517395,0.4724772572517395,0.4724772572517395
8929,0.4724714756011963,0.4724714756011963,0.4724714756011963
8933,0.47214773297309875,0.47214773297309875,0.47214773297309875
8935,0.47276386618614197,0.47276386618614197,0.47276386618614197
8938,0.4724809229373932,0.4724809229373932,0.4724809229373932
8939,0.47279879450798035,0.47279879450798035,0.47279879450798035
8940,0.47310203313827515,0.47310203313827515,0.47310203313827515
8944,0.47379738092422485,0.47379738092422485,0.47379738092422485
8946,0.4741738438606262,0.4741738438606262,0.4741738438606262
8947,0.474129855632782,0.474129855632782,0.474129855632782
8948,0.4739616811275482,0.4739616811275482,0.4739616811275482
8951,0.4738667905330658,0.4738667905330658,0.4738667905330658
8954,0.4742620289325714,0.4742620289325714,0.4742620289325714
8956,0.4743514060974121,0.4743514060974121,0.4743514060974121
8957,0.47440987825393677,0.47440987825393677,0.47440987825393677
8960,0.4741210639476776,0.4741210639476776,0.4741210639476776
8962,0.47399869561195374,0.47399869561195374,0.47399869561195374
8963,0.47428905963897705,0.47428905963897705,0.47428905963897705
8964,0.4748386740684509,0.4748386740684509,0.4748386740684509
8967,0.4755307734012604,0.4755307734012604,0.4755307734012604
8968,0.47568124532699585,0.47568124532699585,0.47568124532699585
8970,0.4767757058143616,0.4767757058143616,0.4767757058143616
8972,0.4772156774997711,0.4772156774997711,0.4772156774997711
8974,0.4765394926071167,0.4765394926071167,0.4765394926071167
8975,0.47654637694358826,0.47654637694358826,0.47654637694358826
8976,0.47660425305366516,0.47660425305366516,0.47660425305366516
8977,0.4770236015319824,0.4770236015319824,0.4770236015319824
8978,0.47712984681129456,0.47712984681129456,0.47712984681129456
8979,0.4776100516319275,0.4776100516319275,0.4776100516319275
8980,0.47764983773231506,0.47764983773231506,0.47764983773231506
8982,0.4772244989871979,0.4772244989871979,0.4772244989871979
8983,0.47706684470176697,0.47706684470176697,0.47706684470176697
8984,0.4770877957344055,0.4770877957344055,0.4770877957344055
8989,0.47731634974479675,0.47731634974479675,0.47731634974479675
8991,0.47780895233154297,0.47780895233154297,0.47780895233154297
8994,0.47781991958618164,0.47781991958618164,0.47781991958618164
8998,0.47718945145606995,0.47718945145606995,0.47718945145606995
9000,0.47687917947769165,0.47687917947769165,0.47687917947769165
9003,0.4766940176486969,0.4766940176486969,0.4766940176486969
9008,0.4766956865787506,0.4766956865787506,0.4766956865787506
9009,0.47706282138824463,0.47706282138824463,0.47706282138824463
9010,0.4772886037826538,0.4772886037826538,0.4772886037826538
9012,0.47770968079566956,0.47770968079566956,0.47770968079566956
9016,0.478282630443573,0.478282630443573,0.478282630443573
9017,0.4778185188770294,0.4778185188770294,0.4778185188770294
9018,0.47781234979629517,0.47781234979629517,0.47781234979629517
9019,0.4779140055179596,0.4779140055179596,0.4779140055179596
9020,0.47723931074142456,0.47723931074142456,0.47723931074142456
9021,0.4770280122756958,0.4770280122756958,0.4770280122756958
9023,0.47720515727996826,0.47720515727996826,0.47720515727996826
9024,0.47739890217781067,0.47739890217781067,0.47739890217781067
9026,0.4778284728527069,0.4778284728527069,0.4778284728527069
9027,0.4780690371990204,0.4780690371990204,0.4780690371990204
9028,0.4785575568675995,0.4785575568675995,0.4785575568675995
9031,0.4780057668685913,0.4780057668685913,0.4780057668685913
9032,0.4782818853855133,0.4782818853855133,0.4782818853855133
9033,0.47870466113090515,0.47870466113090515,0.47870466113090515
9035,0.47856923937797546,0.47856923937797546,0.47856923937797546
9036,0.47882333397865295,0.47882333397865295,0.47882333397865295
9038,0.4782315492630005,0.4782315492630005,0.4782315492630005
9039,0.47793760895729065,0.47793760895729065,0.47793760895729065
9042,0.47803154587745667,0.47803154587745667,0.47803154587745667
9044,0.4777461290359497,0.4777461290359497,0.4777461290359497
9046,0.4777030050754547,0.4777030050754547,0.4777030050754547
9047,0.47746244072914124,0.47746244072914124,0.47746244072914124
9055,0.4776819050312042,0.4776819050312042,0.4776819050312042
9057,0.4772462248802185,0.4772462248802185,0.4772462248802185
9058,0.4770844578742981,0.4770844578742981,0.4770844578742981
9060,0.47693419456481934,0.47693419456481934,0.47693419456481934
9062,0.4776458740234375,0.4776458740234375,0.4776458740234375
9065,0.47781261801719666,0.47781261801719666,0.47781261801719666
9066,0.4781738817691803,0.4781738817691803,0.4781738817691803
9068,0.47795334458351135,0.47795334458351135,0.47795334458351135
9069,0.4775201678276062,0.4775201678276062,0.4775201678276062
9071,0.4768756628036499,0.4768756628036499,0.4768756628036499
9073,0.477145791053772,0.477145791053772,0.477145791053772
9074,0.4768751263618469,0.4768751263618469,0.4768751263618469
9075,0.4768551290035248,0.4768551290035248,0.4768551290035248
9084,0.4778457581996918,0.4778457581996918,0.4778457581996918
9086,0.477953165769577,0.477953165769577,0.477953165769577
9087,0.4776897430419922,0.4776897430419922,0.4776897430419922
9089,0.47811195254325867,0.47811195254325867,0.47811195254325867
9091,0.47834113240242004,0.47834113240242004,0.47834113240242004
9092,0.47891542315483093,0.47891542315483093,0.47891542315483093
9094,0.4790586233139038,0.4790586233139038,0.4790586233139038
9096,0.4792427122592926,0.4792427122592926,0.4792427122592926
9097,0.4794193506240845,0.4794193506240845,0.4794193506240845
9103,0.4802128076553345,0.4802128076553345,0.4802128076553345
9104,0.47999969124794006,0.47999969124794006,0.47999969124794006
9105,0.47941920161247253,0.47941920161247253,0.47941920161247253
9107,0.48034781217575073,0.48034781217575073,0.48034781217575073
9108,0.48083943128585815,0.48083943128585815,0.48083943128585815
9109,0.4810098111629486,0.4810098111629486,0.4810098111629486
9110,0.48103976249694824,0.48103976249694824,0.48103976249694824
9112,0.4819592237472534,0.4819592237472534,0.4819592237472534
9114,0.4818687438964844,0.4818687438964844,0.4818687438964844
9117,0.4822568893432617,0.4822568893432617,0.4822568893432617
9120,0.4820050001144409,0.4820050001144409,0.4820050001144409
9121,0.4827698767185211,0.4827698767185211,0.4827698767185211
9123,0.48287299275398254,0.48287299275398254,0.48287299275398254
9131,0.4805201292037964,0.4805201292037964,0.4805201292037964
9134,0.48205646872520447,0.48205646872520447,0.48205646872520447
9135,0.48195749521255493,0.48195749521255493,0.48195749521255493
9142,0.48267146944999695,0.48267146944999695,0.48267146944999695
9143,0.48243770003318787,0.48243770003318787,0.48243770003318787
9144,0.4823136329650879,0.4823136329650879,0.4823136329650879
9146,0.48250412940979004,0.48250412940979004,0.48250412940979004
9147,0.4826042950153351,0.4826042950153351,0.4826042950153351
9148,0.48237693309783936,0.48237693309783936,0.48237693309783936
9150,0.4822750985622406,0.4822750985622406,0.4822750985622406
9154,0.4823596179485321,0.4823596179485321,0.4823596179485321
9156,0.48250526189804077,0.48250526189804077,0.48250526189804077
9159,0.48252981901168823,0.48252981901168823,0.48252981901168823
9161,0.4823884069919586,0.4823884069919586,0.4823884069919586
9163,0.4820173680782318,0.4820173680782318,0.4820173680782318
9164,0.48213523626327515,0.48213523626327515,0.48213523626327515
9166,0.482271283864975,0.482271283864975,0.482271283864975
9167,0.4821460247039795,0.4821460247039795,0.4821460247039795
9168,0.4816869795322418,0.4816869795322418,0.4816869795322418
9169,0.48140692710876465,0.48140692710876465,0.48140692710876465
9171,0.48151037096977234,0.48151037096977234,0.48151037096977234
9174,0.4825294315814972,0.4825294315814972,0.4825294315814972
9175,0.48204779624938965,0.48204779624938965,0.48204779624938965
9177,0.4820742905139923,0.4820742905139923,0.4820742905139923
9178,0.4816838800907135,0.4816838800907135,0.4816838800907135
9179,0.4816223382949829,0.4816223382949829,0.4816223382949829
9180,0.48144423961639404,0.48144423961639404,0.48144423961639404
9183,0.48127052187919617,0.48127052187919617,0.48127052187919617
9184,0.48081791400909424,0.48081791400909424,0.48081791400909424
9189,0.48116376996040344,0.48116376996040344,0.48116376996040344
9190,0.48116961121559143,0.48116961121559143,0.48116961121559143
9191,0.481755793094635,0.481755793094635,0.481755793094635
9192,0.48237553238868713,0.48237553238868713,0.48237553238868713
9193,0.4826681315898895,0.4826681315898895,0.4826681315898895
9194,0.48275089263916016,0.48275089263916016,0.48275089263916016
9197,0.48310789465904236,0.48310789465904236,0.48310789465904236
9198,0.48417922854423523,0.48417922854423523,0.48417922854423523
9199,0.4846135377883911,0.4846135377883911,0.4846135377883911
9209,0.4842756688594818,0.4842756688594818,0.4842756688594818
9211,0.48429250717163086,0.48429250717163086,0.48429250717163086
9212,0.48438432812690735,0.48438432812690735,0.48438432812690735
9213,0.4838568866252899,0.4838568866252899,0.4838568866252899
9214,0.48356741666793823,0.48356741666793823,0.48356741666793823
9215,0.4835839867591858,0.4835839867591858,0.4835839867591858
9216,0.48349565267562866,0.48349565267562866,0.48349565267562866
9217,0.483146607875824,0.483146607875824,0.483146607875824
9221,0.48183751106262207,0.48183751106262207,0.48183751106262207
9222,0.48131194710731506,0.48131194710731506,0.48131194710731506
9223,0.48144862055778503,0.48144862055778503,0.48144862055778503
9229,0.48185211420059204,0.48185211420059204,0.48185211420059204
9237,0.48196545243263245,0.48196545243263245,0.48196545243263245
9239,0.48134344816207886,0.48134344816207886,0.48134344816207886
9243,0.4828368127346039,0.4828368127346039,0.4828368127346039
9244,0.48334527015686035,0.48334527015686035,0.48334527015686035
9246,0.48430559039115906,0.48430559039115906,0.48430559039115906
9248,0.483195960521698,0.483195960521698,0.483195960521698
9249,0.48291024565696716,0.48291024565696716,0.48291024565696716
9254,0.4816719591617584,0.4816719591617584,0.4816719591617584
9255,0.4808727502822876,0.4808727502822876,0.4808727502822876
9256,0.4803829491138458,0.4803829491138458,0.4803829491138458
9257,0.4802325665950775,0.4802325665950775,0.4802325665950775
9258,0.48002922534942627,0.48002922534942627,0.48002922534942627
9262,0.47849729657173157,0.47849729657173157,0.47849729657173157
9263,0.4779965281486511,0.4779965281486511,0.4779965281486511
9264,0.4777488112449646,0.4777488112449646,0.4777488112449646
9267,0.47781801223754883,0.47781801223754883,0.47781801223754883
9269,0.4772610664367676,0.4772610664367676,0.4772610664367676
9271,0.4775599241256714,0.4775599241256714,0.4775599241256714
9277,0.47714492678642273,0.47714492678642273,0.47714492678642273
9280,0.47676458954811096,0.47676458954811096,0.47676458954811096
9285,0.4749473035335541,0.4749473035335541,0.4749473035335541
9286,0.4752020537853241,0.4752020537853241,0.4752020537853241
9288,0.4753990173339844,0.4753990173339844,0.4753990173339844
9289,0.47543904185295105,0.47543904185295105,0.47543904185295105
9290,0.47564804553985596,0.47564804553985596,0.47564804553985596
9291,0.4755043089389801,0.4755043089389801,0.4755043089389801
9297,0.4740666449069977,0.4740666449069977,0.4740666449069977
9298,0.47377797961235046,0.47377797961235046,0.47377797961235046
9299,0.47397470474243164,0.47397470474243164,0.47397470474243164
9300,0.4746684432029724,0.4746684432029724,0.4746684432029724
9304,0.4754335880279541,0.4754335880279541,0.4754335880279541
9305,0.4757874608039856,0.4757874608039856,0.4757874608039856
9307,0.4750227630138397,0.4750227630138397,0.4750227630138397
9309,0.474404901266098,0.474404901266098,0.474404901266098
9310,0.4746344983577728,0.4746344983577728,0.4746344983577728
9316,0.47539833188056946,0.47539833188056946,0.47539833188056946
9322,0.475689172744751,0.475689172744751,0.475689172744751
9324,0.47629374265670776,0.47629374265670776,0.47629374265670776
9325,0.476684033870697,0.476684033870697,0.476684033870697
9331,0.475145548582077,0.475145548582077,0.475145548582077
9332,0.47533300518989563,0.47533300518989563,0.47533300518989563
9333,0.47565892338752747,0.47565892338752747,0.47565892338752747
9334,0.47592657804489136,0.47592657804489136,0.47592657804489136
9337,0.4753373861312866,0.4753373861312866,0.4753373861312866
9338,0.4753122329711914,0.4753122329711914,0.4753122329711914
9339,0.47529006004333496,0.47529006004333496,0.47529006004333496
9340,0.47499293088912964,0.47499293088912964,0.47499293088912964
9341,0.47491222620010376,0.47491222620010376,0.47491222620010376
9343,0.4757274091243744,0.4757274091243744,0.4757274091243744
9344,0.47620195150375366,0.47620195150375366,0.47620195150375366
9345,0.47633814811706543,0.47633814811706543,0.47633814811706543
9347,0.4769296646118164,0.4769296646118164,0.4769296646118164
9348,0.47718071937561035,0.47718071937561035,0.47718071937561035
9349,0.47766995429992676,0.47766995429992676,0.47766995429992676
9351,0.4776831269264221,0.4776831269264221,0.4776831269264221
9353,0.47881820797920227,0.47881820797920227,0.47881820797920227
9356,0.4793800115585327,0.4793800115585327,0.4793800115585327
9361,0.477619469165802,0.477619469165802,0.477619469165802
9362,0.47752878069877625,0.47752878069877625,0.47752878069877625
9363,0.47767940163612366,0.47767940163612366,0.47767940163612366
9364,0.478066623210907,0.478066623210907,0.478066623210907
9367,0.47858166694641113,0.47858166694641113,0.47858166694641113
9370,0.4802738428115845,0.4802738428115845,0.4802738428115845
9371,0.47985461354255676,0.47985461354255676,0.47985461354255676
9372,0.4797033667564392,0.4797033667564392,0.4797033667564392
9375,0.48007577657699585,0.48007577657699585,0.48007577657699585
9376,0.4798922836780548,0.4798922836780548,0.4798922836780548
9377,0.4789239168167114,0.4789239168167114,0.4789239168167114
9380,0.47736597061157227,0.47736597061157227,0.47736597061157227
9382,0.47692447900772095,0.47692447900772095,0.47692447900772095
9383,0.47671523690223694,0.47671523690223694,0.47671523690223694
9384,0.47665444016456604,0.47665444016456604,0.47665444016456604
9385,0.47719448804855347,0.47719448804855347,0.47719448804855347
9386,0.47729313373565674,0.47729313373565674,0.47729313373565674
9387,0.47703880071640015,0.47703880071640015,0.47703880071640015
9391,0.4763832986354828,0.4763832986354828,0.4763832986354828
9392,0.4758118987083435,0.4758118987083435,0.4758118987083435
9395,0.4746093153953552,0.4746093153953552,0.4746093153953552
9398,0.47404026985168457,0.47404026985168457,0.47404026985168457
9399,0.47419771552085876,0.47419771552085876,0.47419771552085876
9400,0.4741290211677551,0.4741290211677551,0.4741290211677551
9401,0.4745039641857147,0.4745039641857147,0.4745039641857147
9403,0.4745701253414154,0.4745701253414154,0.4745701253414154
9408,0.47533705830574036,0.47533705830574036,0.47533705830574036
9413,0.4738461971282959,0.4738461971282959,0.4738461971282959
9420,0.4735112190246582,0.4735112190246582,0.4735112190246582
9424,0.47398126125335693,0.47398126125335693,0.47398126125335693
9425,0.47388768196105957,0.47388768196105957,0.47388768196105957
9426,0.47415369749069214,0.47415369749069214,0.47415369749069214
9427,0.47450053691864014,0.47450053691864014,0.47450053691864014
9428,0.474624365568161,0.474624365568161,0.474624365568161
9430,0.4743122160434723,0.4743122160434723,0.4743122160434723
9431,0.47406378388404846,0.47406378388404846,0.47406378388404846
9432,0.47391146421432495,0.47391146421432495,0.47391146421432495
9434,0.474344938993454,0.474344938993454,0.474344938993454
9435,0.47392168641090393,0.47392168641090393,0.47392168641090393
9436,0.47347912192344666,0.47347912192344666,0.47347912192344666
9437,0.473374605178833,0.473374605178833,0.473374605178833
9438,0.4733438789844513,0.4733438789844513,0.4733438789844513
9439,0.47327831387519836,0.47327831387519836,0.47327831387519836
9441,0.47323888540267944,0.47323888540267944,0.47323888540267944
9443,0.47432181239128113,0.47432181239128113,0.47432181239128113
9445,0.47489333152770996,0.47489333152770996,0.47489333152770996
9446,0.47509533166885376,0.47509533166885376,0.47509533166885376
9447,0.4754251539707184,0.4754251539707184,0.4754251539707184
9448,0.4755319356918335,0.4755319356918335,0.4755319356918335
9449,0.47498229146003723,0.47498229146003723,0.47498229146003723
9450,0.4744546413421631,0.4744546413421631,0.4744546413421631
9456,0.4752350449562073,0.4752350449562073,0.4752350449562073
9457,0.4748542308807373,0.4748542308807373,0.4748542308807373
9458,0.47472596168518066,0.47472596168518066,0.47472596168518066
9459,0.4747069776058197,0.4747069776058197,0.4747069776058197
9465,0.4746864438056946,0.4746864438056946,0.4746864438056946
9466,0.47446608543395996,0.47446608543395996,0.47446608543395996
9468,0.47484418749809265,0.47484418749809265,0.47484418749809265
9471,0.474340558052063,0.474340558052063,0.474340558052063
9472,0.4741070568561554,0.4741070568561554,0.4741070568561554
9473,0.47421666979789734,0.47421666979789734,0.47421666979789734
9474,0.4743819832801819,0.4743819832801819,0.4743819832801819
9476,0.47500839829444885,0.47500839829444885,0.47500839829444885
9480,0.4740038812160492,0.4740038812160492,0.4740038812160492
9483,0.4729909300804138,0.4729909300804138,0.4729909300804138
9485,0.4724111557006836,0.4724111557006836,0.4724111557006836
9486,0.47244322299957275,0.47244322299957275,0.47244322299957275
9487,0.47256842255592346,0.47256842255592346,0.47256842255592346
9488,0.4725360572338104,0.4725360572338104,0.4725360572338104
9490,0.472845196723938,0.472845196723938,0.472845196723938
9491,0.4729804992675781,0.4729804992675781,0.4729804992675781
9494,0.47300344705581665,0.47300344705581665,0.47300344705581665
9496,0.47337090969085693,0.47337090969085693,0.47337090969085693
9498,0.4738956689834595,0.4738956689834595,0.4738956689834595
9500,0.47462400794029236,0.47462400794029236,0.47462400794029236
9502,0.4758792817592621,0.4758792817592621,0.4758792817592621
9503,0.47614312171936035,0.47614312171936035,0.47614312171936035
9504,0.47621214389801025,0.47621214389801025,0.47621214389801025
9508,0.4759483337402344,0.4759483337402344,0.4759483337402344
9509,0.4757499694824219,0.4757499694824219,0.4757499694824219
9510,0.4755088686943054,0.4755088686943054,0.4755088686943054
9511,0.47545671463012695,0.47545671463012695,0.47545671463012695
9512,0.4757554233074188,0.4757554233074188,0.4757554233074188
9513,0.4763524532318115,0.4763524532318115,0.4763524532318115
9514,0.47592684626579285,0.47592684626579285,0.47592684626579285
9518,0.47443947196006775,0.47443947196006775,0.47443947196006775
9519,0.4745754301548004,0.4745754301548004,0.4745754301548004
9521,0.47401008009910583,0.47401008009910583,0.47401008009910583
9523,0.47341251373291016,0.47341251373291016,0.47341251373291016
9524,0.47407612204551697,0.47407612204551697,0.47407612204551697
9529,0.47501689195632935,0.47501689195632935,0.47501689195632935
9531,0.47593313455581665,0.47593313455581665,0.47593313455581665
9532,0.47603458166122437,0.47603458166122437,0.47603458166122437
9533,0.47586655616760254,0.47586655616760254,0.47586655616760254
9534,0.475636750459671,0.475636750459671,0.475636750459671
9536,0.474752813577652,0.474752813577652,0.474752813577652
9542,0.4755972623825073,0.4755972623825073,0.4755972623825073
9543,0.4750073552131653,0.4750073552131653,0.4750073552131653
9545,0.4746095836162567,0.4746095836162567,0.4746095836162567
9548,0.47421854734420776,0.47421854734420776,0.47421854734420776
9549,0.4742721617221832,0.4742721617221832,0.4742721617221832
9550,0.47451022267341614,0.47451022267341614,0.47451022267341614
9555,0.47574013471603394,0.47574013471603394,0.47574013471603394
9557,0.4750613868236542,0.4750613868236542,0.4750613868236542
9558,0.4746203124523163,0.4746203124523163,0.4746203124523163
9559,0.47436103224754333,0.47436103224754333,0.47436103224754333
9560,0.47387710213661194,0.47387710213661194,0.47387710213661194
9562,0.4734974801540375,0.4734974801540375,0.4734974801540375
9570,0.47304263710975647,0.47304263710975647,0.47304263710975647
9572,0.4717784523963928,0.4717784523963928,0.4717784523963928
9573,0.47156035900115967,0.47156035900115967,0.47156035900115967
9583,0.4730180501937866,0.4730180501937866,0.4730180501937866
9587,0.473513126373291,0.473513126373291,0.473513126373291
9590,0.4736529290676117,0.4736529290676117,0.4736529290676117
9591,0.474016010761261,0.474016010761261,0.474016010761261
9592,0.4740014672279358,0.4740014672279358,0.4740014672279358
9599,0.47471147775650024,0.47471147775650024,0.47471147775650024
9600,0.47430717945098877,0.47430717945098877,0.47430717945098877
9601,0.4743540287017822,0.4743540287017822,0.4743540287017822
9606,0.4728351831436157,0.4728351831436157,0.4728351831436157
9607,0.4723703861236572,0.4723703861236572,0.4723703861236572
9608,0.47221776843070984,0.47221776843070984,0.47221776843070984
9613,0.4723084568977356,0.4723084568977356,0.4723084568977356
9617,0.4726159870624542,0.4726159870624542,0.4726159870624542
9619,0.4721493721008301,0.4721493721008301,0.4721493721008301
9620,0.4717026352882385,0.4717026352882385,0.4717026352882385
9621,0.47180378437042236,0.47180378437042236,0.47180378437042236
9622,0.472011923789978,0.472011923789978,0.472011923789978
9623,0.47196370363235474,0.47196370363235474,0.47196370363235474
9626,0.4714633822441101,0.4714633822441101,0.4714633822441101
9627,0.47178971767425537,0.47178971767425537,0.47178971767425537
9629,0.4720813035964966,0.4720813035964966,0.4720813035964966
9630,0.4721991717815399,0.4721991717815399,0.4721991717815399
9631,0.472023606300354,0.472023606300354,0.472023606300354
9634,0.47088831663131714,0.47088831663131714,0.47088831663131714
9635,0.4706888198852539,0.4706888198852539,0.4706888198852539
9636,0.4706152677536011,0.4706152677536011,0.4706152677536011
9638,0.4701116979122162,0.4701116979122162,0.4701116979122162
9639,0.47018352150917053,0.47018352150917053,0.47018352150917053
9642,0.47036996483802795,0.47036996483802795,0.47036996483802795
9644,0.4704325199127197,0.4704325199127197,0.4704325199127197
9646,0.47090640664100647,0.47090640664100647,0.47090640664100647
9648,0.4710509777069092,0.4710509777069092,0.4710509777069092
9649,0.4707130789756775,0.4707130789756775,0.4707130789756775
9650,0.4706529378890991,0.4706529378890991,0.4706529378890991
9651,0.4701889157295227,0.4701889157295227,0.4701889157295227
9652,0.4694269895553589,0.4694269895553589,0.4694269895553589
9653,0.4686097502708435,0.4686097502708435,0.4686097502708435
9655,0.4686240553855896,0.4686240553855896,0.4686240553855896
9657,0.4678037762641907,0.4678037762641907,0.4678037762641907
9658,0.46819040179252625,0.46819040179252625,0.46819040179252625
9660,0.46832507848739624,0.46832507848739624,0.46832507848739624
9661,0.4681002199649811,0.4681002199649811,0.4681002199649811
9662,0.4678098261356354,0.4678098261356354,0.4678098261356354
9663,0.46792319416999817,0.46792319416999817,0.46792319416999817
9669,0.46931836009025574,0.46931836009025574,0.46931836009025574
9671,0.46936917304992676,0.46936917304992676,0.46936917304992676
9672,0.4688563048839569,0.4688563048839569,0.4688563048839569
9673,0.4686792492866516,0.4686792492866516,0.4686792492866516
9675,0.46868863701820374,0.46868863701820374,0.46868863701820374
9676,0.46858057379722595,0.46858057379722595,0.46858057379722595
9677,0.46861082315444946,0.46861082315444946,0.46861082315444946
9678,0.46818357706069946,0.46818357706069946,0.46818357706069946
9682,0.46518293023109436,0.46518293023109436,0.46518293023109436
9684,0.46567273139953613,0.46567273139953613,0.46567273139953613
9685,0.46588030457496643,0.46588030457496643,0.46588030457496643
9686,0.4654620587825775,0.4654620587825775,0.4654620587825775
9689,0.4659583866596222,0.4659583866596222,0.4659583866596222
9691,0.4661449193954468,0.4661449193954468,0.4661449193954468
9693,0.46653375029563904,0.46653375029563904,0.46653375029563904
9694,0.4662129282951355,0.4662129282951355,0.4662129282951355
9695,0.46582865715026855,0.46582865715026855,0.46582865715026855
9697,0.4649583399295807,0.4649583399295807,0.4649583399295807
9699,0.46448299288749695,0.46448299288749695,0.46448299288749695
9700,0.4647543430328369,0.4647543430328369,0.4647543430328369
9701,0.4645986557006836,0.4645986557006836,0.4645986557006836
9702,0.464208722114563,0.464208722114563,0.464208722114563
9704,0.46417689323425293,0.46417689323425293,0.46417689323425293
9706,0.4645794928073883,0.4645794928073883,0.4645794928073883
9707,0.464623361825943,0.464623361825943,0.464623361825943
9712,0.4666438102722168,0.4666438102722168,0.4666438102722168
9714,0.4676103889942169,0.4676103889942169,0.4676103889942169
9717,0.4667796194553375,0.4667796194553375,0.4667796194553375
9718,0.4668251574039459,0.4668251574039459,0.4668251574039459
9719,0.4668640196323395,0.4668640196323395,0.4668640196323395
9720,0.4673502445220947,0.4673502445220947,0.4673502445220947
9721,0.46739694476127625,0.46739694476127625,0.46739694476127625
9725,0.46750423312187195,0.46750423312187195,0.46750423312187195
9726,0.46774211525917053,0.46774211525917053,0.46774211525917053
9727,0.46775639057159424,0.46775639057159424,0.46775639057159424
9729,0.46886032819747925,0.46886032819747925,0.46886032819747925
9731,0.4700174033641815,0.4700174033641815,0.4700174033641815
9732,0.4699622094631195,0.4699622094631195,0.4699622094631195
9733,0.4693875312805176,0.4693875312805176,0.4693875312805176
9735,0.46910738945007324,0.46910738945007324,0.46910738945007324
9737,0.4686001241207123,0.4686001241207123,0.4686001241207123
9738,0.46842673420906067,0.46842673420906067,0.46842673420906067
9741,0.46978920698165894,0.46978920698165894,0.46978920698165894
9744,0.4709283411502838,0.4709283411502838,0.4709283411502838
9746,0.47193455696105957,0.47193455696105957,0.47193455696105957
9749,0.4725005626678467,0.4725005626678467,0.4725005626678467
9750,0.47269174456596375,0.47269174456596375,0.47269174456596375
9752,0.4723169505596161,0.4723169505596161,0.4723169505596161
9753,0.472409188747406,0.472409188747406,0.472409188747406
9755,0.47230449318885803,0.47230449318885803,0.47230449318885803
9757,0.47294050455093384,0.47294050455093384,0.47294050455093384
9758,0.47278499603271484,0.47278499603271484,0.47278499603271484
9759,0.47296831011772156,0.47296831011772156,0.47296831011772156
9761,0.4732300639152527,0.4732300639152527,0.4732300639152527
9763,0.4724190831184387,0.4724190831184387,0.4724190831184387
9765,0.4714728891849518,0.4714728891849518,0.4714728891849518
9767,0.4711540937423706,0.4711540937423706,0.4711540937423706
9770,0.4701562821865082,0.4701562821865082,0.4701562821865082
9771,0.4698964059352875,0.4698964059352875,0.4698964059352875
9772,0.4698391556739807,0.4698391556739807,0.4698391556739807
9773,0.4695301949977875,0.4695301949977875,0.4695301949977875
9775,0.4690212905406952,0.4690212905406952,0.4690212905406952
9781,0.46776282787323,0.46776282787323,0.46776282787323
9782,0.4674820303916931,0.4674820303916931,0.4674820303916931
9784,0.46517157554626465,0.46517157554626465,0.46517157554626465
9787,0.4637063145637512,0.4637063145637512,0.4637063145637512
9789,0.46359142661094666,0.46359142661094666,0.46359142661094666
9790,0.46348145604133606,0.46348145604133606,0.46348145604133606
9791,0.4632211923599243,0.4632211923599243,0.4632211923599243
9792,0.4630774259567261,0.4630774259567261,0.4630774259567261
9793,0.4634517729282379,0.4634517729282379,0.4634517729282379
9795,0.4634365737438202,0.4634365737438202,0.4634365737438202
9801,0.46341246366500854,0.46341246366500854,0.46341246366500854
9802,0.4632335305213928,0.4632335305213928,0.4632335305213928
9804,0.4632968604564667,0.4632968604564667,0.4632968604564667
9805,0.46348750591278076,0.46348750591278076,0.46348750591278076
9813,0.4649934768676758,0.4649934768676758,0.4649934768676758
9814,0.46462464332580566,0.46462464332580566,0.46462464332580566
9819,0.464432954788208,0.464432954788208,0.464432954788208
9821,0.46447110176086426,0.46447110176086426,0.46447110176086426
9822,0.4641627371311188,0.4641627371311188,0.4641627371311188
9826,0.4638078510761261,0.4638078510761261,0.4638078510761261
9827,0.4642270803451538,0.4642270803451538,0.4642270803451538
9836,0.46587321162223816,0.46587321162223816,0.46587321162223816
9837,0.46615713834762573,0.46615713834762573,0.46615713834762573
9840,0.46576398611068726,0.46576398611068726,0.46576398611068726
9841,0.46626317501068115,0.46626317501068115,0.46626317501068115
9845,0.4656628668308258,0.4656628668308258,0.4656628668308258
9848,0.465061217546463,0.465061217546463,0.465061217546463
9849,0.4652348458766937,0.4652348458766937,0.4652348458766937
9850,0.46566250920295715,0.46566250920295715,0.46566250920295715
9853,0.46579670906066895,0.46579670906066895,0.46579670906066895
9855,0.4655855596065521,0.4655855596065521,0.4655855596065521
9856,0.46488338708877563,0.46488338708877563,0.46488338708877563
9859,0.4652431011199951,0.4652431011199951,0.4652431011199951
9863,0.46596649289131165,0.46596649289131165,0.46596649289131165
9864,0.4654495120048523,0.4654495120048523,0.4654495120048523
9867,0.4657742381095886,0.4657742381095886,0.4657742381095886
9869,0.46544793248176575,0.46544793248176575,0.46544793248176575
9870,0.46539583802223206,0.46539583802223206,0.46539583802223206
9871,0.46507570147514343,0.46507570147514343,0.46507570147514343
9872,0.46446558833122253,0.46446558833122253,0.46446558833122253
9874,0.4643520414829254,0.4643520414829254,0.4643520414829254
9878,0.4651974141597748,0.4651974141597748,0.4651974141597748
9879,0.46533042192459106,0.46533042192459106,0.46533042192459106
9880,0.46564754843711853,0.46564754843711853,0.46564754843711853
9881,0.4657692313194275,0.4657692313194275,0.4657692313194275
9882,0.46585166454315186,0.46585166454315186,0.46585166454315186
9884,0.46658504009246826,0.46658504009246826,0.46658504009246826
9885,0.46695706248283386,0.46695706248283386,0.46695706248283386
9886,0.4675074815750122,0.4675074815750122,0.4675074815750122
9888,0.4677252769470215,0.4677252769470215,0.4677252769470215
9890,0.4674535095691681,0.4674535095691681,0.4674535095691681
9894,0.46740007400512695,0.46740007400512695,0.46740007400512695
9895,0.4677717685699463,0.4677717685699463,0.4677717685699463
9896,0.46783286333084106,0.46783286333084106,0.46783286333084106
9901,0.4676063060760498,0.4676063060760498,0.4676063060760498
9902,0.467537522315979,0.467537522315979,0.467537522315979
9904,0.46718961000442505,0.46718961000442505,0.46718961000442505
9905,0.4670603573322296,0.4670603573322296,0.4670603573322296
9906,0.46696344017982483,0.46696344017982483,0.46696344017982483
9907,0.4671543836593628,0.4671543836593628,0.4671543836593628
9908,0.4670809805393219,0.4670809805393219,0.4670809805393219
9910,0.4673932194709778,0.4673932194709778,0.4673932194709778
9911,0.46760767698287964,0.46760767698287964,0.46760767698287964
9916,0.46653783321380615,0.46653783321380615,0.46653783321380615
9917,0.46669963002204895,0.46669963002204895,0.46669963002204895
9918,0.4667961001396179,0.4667961001396179,0.4667961001396179
9919,0.46656855940818787,0.46656855940818787,0.46656855940818787
9920,0.46687012910842896,0.46687012910842896,0.46687012910842896
9921,0.4669765532016754,0.4669765532016754,0.4669765532016754
9924,0.46549439430236816,0.46549439430236816,0.46549439430236816
9925,0.46561458706855774,0.46561458706855774,0.46561458706855774
9928,0.46528545022010803,0.46528545022010803,0.46528545022010803
9931,0.4639860987663269,0.4639860987663269,0.4639860987663269
9932,0.46413519978523254,0.46413519978523254,0.46413519978523254
9933,0.46447741985321045,0.46447741985321045,0.46447741985321045
9934,0.4646478295326233,0.4646478295326233,0.4646478295326233
9935,0.4647490084171295,0.4647490084171295,0.4647490084171295
9936,0.46459394693374634,0.46459394693374634,0.46459394693374634
9942,0.46612054109573364,0.46612054109573364,0.46612054109573364
9953,0.4668479263782501,0.4668479263782501,0.4668479263782501
9955,0.46798452734947205,0.46798452734947205,0.46798452734947205
9956,0.46785977482795715,0.46785977482795715,0.46785977482795715
9959,0.4672839045524597,0.4672839045524597,0.4672839045524597
9960,0.46775248646736145,0.46775248646736145,0.46775248646736145
9965,0.46902692317962646,0.46902692317962646,0.46902692317962646
9966,0.4693690240383148,0.4693690240383148,0.4693690240383148
9967,0.46908479928970337,0.46908479928970337,0.46908479928970337
9968,0.469282329082489,0.469282329082489,0.469282329082489
9969,0.46946263313293457,0.46946263313293457,0.46946263313293457
9970,0.46923768520355225,0.46923768520355225,0.46923768520355225
9971,0.4690026044845581,0.4690026044845581,0.4690026044845581
9972,0.4689970314502716,0.4689970314502716,0.4689970314502716
9974,0.4699667692184448,0.4699667692184448,0.4699667692184448
9977,0.47084707021713257,0.47084707021713257,0.47084707021713257
9979,0.47195836901664734,0.47195836901664734,0.47195836901664734
9980,0.47226646542549133,0.47226646542549133,0.47226646542549133
9982,0.47234949469566345,0.47234949469566345,0.47234949469566345
9984,0.47184881567955017,0.47184881567955017,0.47184881567955017
9991,0.47154849767684937,0.47154849767684937,0.47154849767684937
9992,0.4714858829975128,0.4714858829975128,0.4714858829975128
9993,0.4716942012310028,0.4716942012310028,0.4716942012310028
9994,0.4715655744075775,0.4715655744075775,0.4715655744075775
9996,0.4724101722240448,0.4724101722240448,0.4724101722240448
10004,0.47454896569252014,0.47454896569252014,0.47454896569252014
10005,0.474531352519989,0.474531352519989,0.474531352519989
10008,0.47440895438194275,0.47440895438194275,0.47440895438194275
10009,0.4746285676956177,0.4746285676956177,0.4746285676956177
10010,0.47505930066108704,0.47505930066108704,0.47505930066108704
10014,0.4761672019958496,0.4761672019958496,0.4761672019958496
10015,0.4756503105163574,0.4756503105163574,0.4756503105163574
10016,0.475797176361084,0.475797176361084,0.475797176361084
10018,0.47690823674201965,0.47690823674201965,0.47690823674201965
10021,0.4767417311668396,0.4767417311668396,0.4767417311668396
10024,0.47720620036125183,0.47720620036125183,0.47720620036125183
10025,0.47729524970054626,0.47729524970054626,0.47729524970054626
10027,0.477446585893631,0.477446585893631,0.477446585893631
10028,0.47713708877563477,0.47713708877563477,0.47713708877563477
10030,0.47682422399520874,0.47682422399520874,0.47682422399520874
10031,0.47670724987983704,0.47670724987983704,0.47670724987983704
10033,0.4771062731742859,0.4771062731742859,0.4771062731742859
10034,0.4775390923023224,0.4775390923023224,0.4775390923023224
10035,0.47727978229522705,0.47727978229522705,0.47727978229522705
10036,0.4768148958683014,0.4768148958683014,0.4768148958683014
10039,0.47682592272758484,0.47682592272758484,0.47682592272758484
10040,0.47698572278022766,0.47698572278022766,0.47698572278022766
10041,0.4771735370159149,0.4771735370159149,0.4771735370159149
10043,0.47756579518318176,0.47756579518318176,0.47756579518318176
10044,0.4774443507194519,0.4774443507194519,0.4774443507194519
10045,0.4772748351097107,0.4772748351097107,0.4772748351097107
10046,0.4775279760360718,0.4775279760360718,0.4775279760360718
10048,0.47835156321525574,0.47835156321525574,0.47835156321525574
10049,0.47870200872421265,0.47870200872421265,0.47870200872421265
10052,0.4798174202442169,0.4798174202442169,0.4798174202442169
10053,0.4796760678291321,0.4796760678291321,0.4796760678291321
10054,0.47945737838745117,0.47945737838745117,0.47945737838745117
10055,0.47901469469070435,0.47901469469070435,0.47901469469070435
10056,0.4784802496433258,0.4784802496433258,0.4784802496433258
10057,0.4784417450428009,0.4784417450428009,0.4784417450428009
10058,0.4782697260379791,0.4782697260379791,0.4782697260379791
10059,0.4778238832950592,0.4778238832950592,0.4778238832950592
10060,0.47785213589668274,0.47785213589668274,0.47785213589668274
10061,0.4776296317577362,0.4776296317577362,0.4776296317577362
10064,0.4766887426376343,0.4766887426376343,0.4766887426376343
10068,0.475845068693161,0.475845068693161,0.475845068693161
10070,0.4746163785457611,0.4746163785457611,0.4746163785457611
10072,0.47416168451309204,0.47416168451309204,0.47416168451309204
10073,0.4744085967540741,0.4744085967540741,0.4744085967540741
10076,0.4744110107421875,0.4744110107421875,0.4744110107421875
10077,0.4745118021965027,0.4745118021965027,0.4745118021965027
10078,0.47473272681236267,0.47473272681236267,0.47473272681236267
10083,0.47398748993873596,0.47398748993873596,0.47398748993873596
10085,0.4737395644187927,0.4737395644187927,0.4737395644187927
10086,0.47358283400535583,0.47358283400535583,0.47358283400535583
10087,0.4742588400840759,0.4742588400840759,0.4742588400840759
10088,0.47470608353614807,0.47470608353614807,0.47470608353614807
10089,0.4747771620750427,0.4747771620750427,0.4747771620750427
10090,0.47489526867866516,0.47489526867866516,0.47489526867866516
10091,0.47480642795562744,0.47480642795562744,0.47480642795562744
10092,0.4747326076030731,0.4747326076030731,0.4747326076030731
10094,0.47494029998779297,0.47494029998779297,0.47494029998779297
10098,0.47405847907066345,0.47405847907066345,0.47405847907066345
10099,0.4737101197242737,0.4737101197242737,0.4737101197242737
10100,0.47307270765304565,0.47307270765304565,0.47307270765304565
10105,0.4723290205001831,0.4723290205001831,0.4723290205001831
10106,0.4724840521812439,0.4724840521812439,0.4724840521812439
10107,0.4728192389011383,0.4728192389011383,0.4728192389011383
10108,0.47322550415992737,0.47322550415992737,0.47322550415992737
10110,0.4727293848991394,0.4727293848991394,0.4727293848991394
10111,0.47253718972206116,0.47253718972206116,0.47253718972206116
10112,0.472777783870697,0.472777783870697,0.472777783870697
10113,0.4726754128932953,0.4726754128932953,0.4726754128932953
10115,0.4720817804336548,0.4720817804336548,0.4720817804336548
10118,0.4721488058567047,0.4721488058567047,0.4721488058567047
10119,0.47207286953926086,0.47207286953926086,0.47207286953926086
10122,0.47106966376304626,0.47106966376304626,0.47106966376304626
10124,0.4707791805267334,0.4707791805267334,0.4707791805267334
10127,0.4706006646156311,0.4706006646156311,0.4706006646156311
10130,0.4711724519729614,0.4711724519729614,0.4711724519729614
10135,0.47004756331443787,0.47004756331443787,0.47004756331443787
10137,0.4699302315711975,0.4699302315711975,0.4699302315711975
10141,0.46945127844810486,0.46945127844810486,0.46945127844810486
10143,0.46943584084510803,0.46943584084510803,0.46943584084510803
10146,0.4702797830104828,0.4702797830104828,0.4702797830104828
10150,0.4696902632713318,0.4696902632713318,0.4696902632713318
10151,0.46975183486938477,0.46975183486938477,0.46975183486938477
10153,0.4694139063358307,0.4694139063358307,0.4694139063358307
10154,0.4685233533382416,0.4685233533382416,0.4685233533382416
10155,0.46838876605033875,0.46838876605033875,0.46838876605033875
10157,0.46872004866600037,0.46872004866600037,0.46872004866600037
10158,0.46860912442207336,0.46860912442207336,0.46860912442207336
10159,0.4684624969959259,0.4684624969959259,0.4684624969959259
10160,0.4686739146709442,0.4686739146709442,0.4686739146709442
10161,0.46925994753837585,0.46925994753837585,0.46925994753837585
10162,0.46971315145492554,0.46971315145492554,0.46971315145492554
10163,0.46950972080230713,0.46950972080230713,0.46950972080230713
10164,0.46939918398857117,0.46939918398857117,0.46939918398857117
10165,0.46962007880210876,0.46962007880210876,0.46962007880210876
10166,0.4696555435657501,0.4696555435657501,0.4696555435657501
10167,0.4696611762046814,0.4696611762046814,0.4696611762046814
10171,0.46888458728790283,0.46888458728790283,0.46888458728790283
10176,0.4683358073234558,0.4683358073234558,0.4683358073234558
10178,0.4675566554069519,0.4675566554069519,0.4675566554069519
10180,0.4673295021057129,0.4673295021057129,0.4673295021057129
10181,0.46726763248443604,0.46726763248443604,0.46726763248443604
10184,0.46794041991233826,0.46794041991233826,0.46794041991233826
10185,0.4677432179450989,0.4677432179450989,0.4677432179450989
10186,0.4674147963523865,0.4674147963523865,0.4674147963523865
10192,0.46654826402664185,0.46654826402664185,0.46654826402664185
10193,0.46666303277015686,0.46666303277015686,0.46666303277015686
10196,0.465678870677948,0.465678870677948,0.465678870677948
10197,0.46563392877578735,0.46563392877578735,0.46563392877578735
10198,0.4659678637981415,0.4659678637981415,0.4659678637981415
10200,0.46646183729171753,0.46646183729171753,0.46646183729171753
10201,0.46675851941108704,0.46675851941108704,0.46675851941108704
10205,0.46676093339920044,0.46676093339920044,0.46676093339920044
10207,0.4659641683101654,0.4659641683101654,0.4659641683101654
10209,0.4668227434158325,0.4668227434158325,0.4668227434158325
10210,0.46654972434043884,0.46654972434043884,0.46654972434043884
10211,0.4668557047843933,0.4668557047843933,0.4668557047843933
10212,0.46709832549095154,0.46709832549095154,0.46709832549095154
10213,0.46681535243988037,0.46681535243988037,0.46681535243988037
10219,0.4654354751110077,0.4654354751110077,0.4654354751110077
10220,0.4650578498840332,0.4650578498840332,0.4650578498840332
10223,0.464672327041626,0.464672327041626,0.464672327041626
10226,0.46311280131340027,0.46311280131340027,0.46311280131340027
10227,0.46295809745788574,0.46295809745788574,0.46295809745788574
10229,0.4620911478996277,0.4620911478996277,0.4620911478996277
10231,0.46275705099105835,0.46275705099105835,0.46275705099105835
10233,0.4628073275089264,0.4628073275089264,0.4628073275089264
10235,0.4633566439151764,0.4633566439151764,0.4633566439151764
10237,0.4631790816783905,0.4631790816783905,0.4631790816783905
10238,0.4627169072628021,0.4627169072628021,0.4627169072628021
10243,0.4622957408428192,0.4622957408428192,0.4622957408428192
10244,0.46205610036849976,0.46205610036849976,0.46205610036849976
10245,0.46203717589378357,0.46203717589378357,0.46203717589378357
10247,0.4623871445655823,0.4623871445655823,0.4623871445655823
10248,0.46197861433029175,0.46197861433029175,0.46197861433029175
10249,0.46180403232574463,0.46180403232574463,0.46180403232574463
10251,0.4622359871864319,0.4622359871864319,0.4622359871864319
10252,0.46225830912590027,0.46225830912590027,0.46225830912590027
10253,0.4627452790737152,0.4627452790737152,0.4627452790737152
10254,0.4633544385433197,0.4633544385433197,0.4633544385433197
10259,0.4642977714538574,0.4642977714538574,0.4642977714538574
10264,0.4654509127140045,0.4654509127140045,0.4654509127140045
10265,0.4658433198928833,0.4658433198928833,0.4658433198928833
10267,0.4659174382686615,0.4659174382686615,0.4659174382686615
10269,0.4667419195175171,0.4667419195175171,0.4667419195175171
10270,0.46686267852783203,0.46686267852783203,0.46686267852783203
10271,0.466988205909729,0.466988205909729,0.466988205909729
10273,0.4675680696964264,0.4675680696964264,0.4675680696964264
10275,0.4676916301250458,0.4676916301250458,0.4676916301250458
10277,0.4685240387916565,0.4685240387916565,0.4685240387916565
10280,0.4693218767642975,0.4693218767642975,0.4693218767642975
10281,0.46958738565444946,0.46958738565444946,0.46958738565444946
10282,0.46974611282348633,0.46974611282348633,0.46974611282348633
10285,0.4707759916782379,0.4707759916782379,0.4707759916782379
10286,0.4709708094596863,0.4709708094596863,0.4709708094596863
10290,0.47095927596092224,0.47095927596092224,0.47095927596092224
10291,0.47070223093032837,0.47070223093032837,0.47070223093032837
10296,0.47002899646759033,0.47002899646759033,0.47002899646759033
10297,0.4701629877090454,0.4701629877090454,0.4701629877090454
10301,0.4685499966144562,0.4685499966144562,0.4685499966144562
10302,0.4684538245201111,0.4684538245201111,0.4684538245201111
10303,0.4689277410507202,0.4689277410507202,0.4689277410507202
10304,0.4693242013454437,0.4693242013454437,0.4693242013454437
10306,0.4688517451286316,0.4688517451286316,0.4688517451286316
10307,0.4687812328338623,0.4687812328338623,0.4687812328338623
10310,0.46859776973724365,0.46859776973724365,0.46859776973724365
10318,0.46807119250297546,0.46807119250297546,0.46807119250297546
10319,0.46773475408554077,0.46773475408554077,0.46773475408554077
10320,0.467671662569046,0.467671662569046,0.467671662569046
10323,0.46770596504211426,0.46770596504211426,0.46770596504211426
10326,0.466295063495636,0.466295063495636,0.466295063495636
10329,0.46626725792884827,0.46626725792884827,0.46626725792884827
10330,0.4660291373729706,0.4660291373729706,0.4660291373729706
10331,0.46620646119117737,0.46620646119117737,0.46620646119117737
10333,0.4659006893634796,0.4659006893634796,0.4659006893634796
10335,0.46612611413002014,0.46612611413002014,0.46612611413002014
10336,0.4664357304573059,0.4664357304573059,0.4664357304573059
10337,0.4666306674480438,0.4666306674480438,0.4666306674480438
10339,0.4660564661026001,0.4660564661026001,0.4660564661026001
10343,0.46500685811042786,0.46500685811042786,0.46500685811042786
10344,0.4653387665748596,0.4653387665748596,0.4653387665748596
10348,0.4668489992618561,0.4668489992618561,0.4668489992618561
10350,0.4657871723175049,0.4657871723175049,0.4657871723175049
10352,0.46539950370788574,0.46539950370788574,0.46539950370788574
10353,0.4649280607700348,0.4649280607700348,0.4649280607700348
10354,0.4644034802913666,0.4644034802913666,0.4644034802913666
10356,0.4654586911201477,0.4654586911201477,0.4654586911201477
10358,0.4644360840320587,0.4644360840320587,0.4644360840320587
10360,0.46459147334098816,0.46459147334098816,0.46459147334098816
10361,0.46481192111968994,0.46481192111968994,0.46481192111968994
10362,0.4649696946144104,0.4649696946144104,0.4649696946144104
10365,0.4666176438331604,0.4666176438331604,0.4666176438331604
10369,0.4658702313899994,0.4658702313899994,0.4658702313899994
10373,0.46612560749053955,0.46612560749053955,0.46612560749053955
10376,0.4669325351715088,0.4669325351715088,0.4669325351715088
10377,0.4666977524757385,0.4666977524757385,0.4666977524757385
10379,0.46624869108200073,0.46624869108200073,0.46624869108200073
10381,0.46535375714302063,0.46535375714302063,0.46535375714302063
10383,0.464876264333725,0.464876264333725,0.464876264333725
10385,0.4652038812637329,0.4652038812637329,0.4652038812637329
10390,0.46389082074165344,0.46389082074165344,0.46389082074165344
10392,0.4633731245994568,0.4633731245994568,0.4633731245994568
10395,0.46299225091934204,0.46299225091934204,0.46299225091934204
10396,0.4628749489784241,0.4628749489784241,0.4628749489784241
10397,0.4625793993473053,0.4625793993473053,0.4625793993473053
10398,0.4621945917606354,0.4621945917606354,0.4621945917606354
10399,0.46201780438423157,0.46201780438423157,0.46201780438423157
10401,0.4621387720108032,0.4621387720108032,0.4621387720108032
10402,0.4622262418270111,0.4622262418270111,0.4622262418270111
10403,0.4625285267829895,0.4625285267829895,0.4625285267829895
10404,0.46271005272865295,0.46271005272865295,0.46271005272865295
10405,0.46283483505249023,0.46283483505249023,0.46283483505249023
10407,0.46302318572998047,0.46302318572998047,0.46302318572998047
10408,0.4632853865623474,0.4632853865623474,0.4632853865623474
10411,0.4637143313884735,0.4637143313884735,0.4637143313884735
10412,0.4636197090148926,0.4636197090148926,0.4636197090148926
10413,0.4629982113838196,0.4629982113838196,0.4629982113838196
10414,0.4624929130077362,0.4624929130077362,0.4624929130077362
10417,0.46097588539123535,0.46097588539123535,0.46097588539123535
10420,0.4601302146911621,0.4601302146911621,0.4601302146911621
10421,0.4604738652706146,0.4604738652706146,0.4604738652706146
10423,0.46008583903312683,0.46008583903312683,0.46008583903312683
10424,0.4596766233444214,0.4596766233444214,0.4596766233444214
10428,0.45920515060424805,0.45920515060424805,0.45920515060424805
10431,0.4599912166595459,0.4599912166595459,0.4599912166595459
10432,0.45997360348701477,0.45997360348701477,0.45997360348701477
10433,0.46019330620765686,0.46019330620765686,0.46019330620765686
10434,0.4601602554321289,0.4601602554321289,0.4601602554321289
10436,0.46044930815696716,0.46044930815696716,0.46044930815696716
10437,0.4606161415576935,0.4606161415576935,0.4606161415576935
10440,0.46028807759284973,0.46028807759284973,0.46028807759284973
10441,0.4597778022289276,0.4597778022289276,0.4597778022289276
10443,0.45926496386528015,0.45926496386528015,0.45926496386528015
10444,0.45927977561950684,0.45927977561950684,0.45927977561950684
10445,0.459277868270874,0.459277868270874,0.459277868270874
10446,0.4590713083744049,0.4590713083744049,0.4590713083744049
10448,0.458914577960968,0.458914577960968,0.458914577960968
10450,0.45862579345703125,0.45862579345703125,0.45862579345703125
10451,0.458515465259552,0.458515465259552,0.458515465259552
10454,0.4599279463291168,0.4599279463291168,0.4599279463291168
10456,0.4596834182739258,0.4596834182739258,0.4596834182739258
10458,0.4596980810165405,0.4596980810165405,0.4596980810165405
10459,0.45943695306777954,0.45943695306777954,0.45943695306777954
10460,0.4589274227619171,0.4589274227619171,0.4589274227619171
10463,0.4583345353603363,0.4583345353603363,0.4583345353603363
10465,0.45837950706481934,0.45837950706481934,0.45837950706481934
10467,0.4591293931007385,0.4591293931007385,0.4591293931007385
10468,0.45949894189834595,0.45949894189834595,0.45949894189834595
10469,0.45966440439224243,0.45966440439224243,0.45966440439224243
10470,0.4595162868499756,0.4595162868499756,0.4595162868499756
10471,0.4592956602573395,0.4592956602573395,0.4592956602573395
10473,0.4594223201274872,0.4594223201274872,0.4594223201274872
10474,0.4596383273601532,0.4596383273601532,0.4596383273601532
10475,0.4600916802883148,0.4600916802883148,0.4600916802883148
10476,0.4600323438644409,0.4600323438644409,0.4600323438644409
10481,0.4608803689479828,0.4608803689479828,0.4608803689479828
10486,0.459686815738678,0.459686815738678,0.459686815738678
10489,0.4593384563922882,0.4593384563922882,0.4593384563922882
10492,0.4594227969646454,0.4594227969646454,0.4594227969646454
10499,0.45950353145599365,0.45950353145599365,0.45950353145599365
10502,0.45869094133377075,0.45869094133377075,0.45869094133377075
10504,0.4579204022884369,0.4579204022884369,0.4579204022884369
10505,0.45738640427589417,0.45738640427589417,0.45738640427589417
10507,0.4572335183620453,0.4572335183620453,0.4572335183620453
10509,0.45750805735588074,0.45750805735588074,0.45750805735588074
10510,0.45758727192878723,0.45758727192878723,0.45758727192878723
10511,0.4573710858821869,0.4573710858821869,0.4573710858821869
10513,0.4564569294452667,0.4564569294452667,0.4564569294452667
10515,0.45569318532943726,0.45569318532943726,0.45569318532943726
10516,0.45514246821403503,0.45514246821403503,0.45514246821403503
10517,0.45485037565231323,0.45485037565231323,0.45485037565231323
10518,0.45458149909973145,0.45458149909973145,0.45458149909973145
10519,0.45453080534935,0.45453080534935,0.45453080534935
10521,0.45452430844306946,0.45452430844306946,0.45452430844306946
10523,0.4543802738189697,0.4543802738189697,0.4543802738189697
10525,0.45459190011024475,0.45459190011024475,0.45459190011024475
10526,0.4541379511356354,0.4541379511356354,0.4541379511356354
10528,0.45406675338745117,0.45406675338745117,0.45406675338745117
10529,0.4533485472202301,0.4533485472202301,0.4533485472202301
10532,0.45381683111190796,0.45381683111190796,0.45381683111190796
10534,0.45361801981925964,0.45361801981925964,0.45361801981925964
10535,0.45346903800964355,0.45346903800964355,0.45346903800964355
10538,0.4538199007511139,0.4538199007511139,0.4538199007511139
10541,0.4549618661403656,0.4549618661403656,0.4549618661403656
10542,0.45562461018562317,0.45562461018562317,0.45562461018562317
10543,0.4556448459625244,0.4556448459625244,0.4556448459625244
10550,0.45600101351737976,0.45600101351737976,0.45600101351737976
10551,0.4556953012943268,0.4556953012943268,0.4556953012943268
10553,0.45556655526161194,0.45556655526161194,0.45556655526161194
10554,0.45584094524383545,0.45584094524383545,0.45584094524383545
10555,0.4561583995819092,0.4561583995819092,0.4561583995819092
10556,0.4562419056892395,0.4562419056892395,0.4562419056892395
10560,0.45518091320991516,0.45518091320991516,0.45518091320991516
10564,0.45326945185661316,0.45326945185661316,0.45326945185661316
10565,0.4530794322490692,0.4530794322490692,0.4530794322490692
10566,0.4535403251647949,0.4535403251647949,0.4535403251647949
10569,0.45442432165145874,0.45442432165145874,0.45442432165145874
10571,0.45461857318878174,0.45461857318878174,0.45461857318878174
10572,0.4542657732963562,0.4542657732963562,0.4542657732963562
10573,0.454255074262619,0.454255074262619,0.454255074262619
10574,0.45419925451278687,0.45419925451278687,0.45419925451278687
10577,0.454851895570755,0.454851895570755,0.454851895570755
10578,0.45488595962524414,0.45488595962524414,0.45488595962524414
10579,0.45499369502067566,0.45499369502067566,0.45499369502067566
10581,0.454527348279953,0.454527348279953,0.454527348279953
10582,0.45411065220832825,0.45411065220832825,0.45411065220832825
10589,0.4529128968715668,0.4529128968715668,0.4529128968715668
10590,0.45273876190185547,0.45273876190185547,0.45273876190185547
10591,0.4524969458580017,0.4524969458580017,0.4524969458580017
10593,0.45197245478630066,0.45197245478630066,0.45197245478630066
10597,0.45072269439697266,0.45072269439697266,0.45072269439697266
10598,0.4501144587993622,0.4501144587993622,0.4501144587993622
10599,0.45010414719581604,0.45010414719581604,0.45010414719581604
10606,0.4498271942138672,0.4498271942138672,0.4498271942138672
10607,0.45001980662345886,0.45001980662345886,0.45001980662345886
10615,0.45022037625312805,0.45022037625312805,0.45022037625312805
10617,0.44957631826400757,0.44957631826400757,0.44957631826400757
10619,0.44954270124435425,0.44954270124435425,0.44954270124435425
10620,0.44934871792793274,0.44934871792793274,0.44934871792793274
10626,0.45008212327957153,0.45008212327957153,0.45008212327957153
10627,0.4503564238548279,0.4503564238548279,0.4503564238548279
10628,0.4505043029785156,0.4505043029785156,0.4505043029785156
10629,0.45029428601264954,0.45029428601264954,0.45029428601264954
10633,0.450143039226532,0.450143039226532,0.450143039226532
10636,0.44952815771102905,0.44952815771102905,0.44952815771102905
10637,0.44918563961982727,0.44918563961982727,0.44918563961982727
10638,0.44905394315719604,0.44905394315719604,0.44905394315719604
10640,0.4496781527996063,0.4496781527996063,0.4496781527996063
10641,0.45001018047332764,0.45001018047332764,0.45001018047332764
10642,0.4499918222427368,0.4499918222427368,0.4499918222427368
10644,0.4493153989315033,0.4493153989315033,0.4493153989315033
10650,0.4492306113243103,0.4492306113243103,0.4492306113243103
10662,0.4487312436103821,0.4487312436103821,0.4487312436103821
10663,0.4491068422794342,0.4491068422794342,0.4491068422794342
10667,0.4491174817085266,0.4491174817085266,0.4491174817085266
10669,0.4495581090450287,0.4495581090450287,0.4495581090450287
10670,0.4495515525341034,0.4495515525341034,0.4495515525341034
10674,0.4508518874645233,0.4508518874645233,0.4508518874645233
10676,0.45149850845336914,0.45149850845336914,0.45149850845336914
10678,0.452498197555542,0.452498197555542,0.452498197555542
10679,0.4526616930961609,0.4526616930961609,0.4526616930961609
10681,0.4532533586025238,0.4532533586025238,0.4532533586025238
10682,0.4533097445964813,0.4533097445964813,0.4533097445964813
10686,0.4536707103252411,0.4536707103252411,0.4536707103252411
10689,0.4537839889526367,0.4537839889526367,0.4537839889526367
10690,0.4541323482990265,0.4541323482990265,0.4541323482990265
10692,0.4540889263153076,0.4540889263153076,0.4540889263153076
10693,0.4545597434043884,0.4545597434043884,0.4545597434043884
10696,0.4547692835330963,0.4547692835330963,0.4547692835330963
10698,0.4545058310031891,0.4545058310031891,0.4545058310031891
10701,0.4535595774650574,0.4535595774650574,0.4535595774650574
10703,0.45224320888519287,0.45224320888519287,0.45224320888519287
10706,0.45220860838890076,0.45220860838890076,0.45220860838890076
10708,0.4521610140800476,0.4521610140800476,0.4521610140800476
10709,0.45216748118400574,0.45216748118400574,0.45216748118400574
10711,0.4517318308353424,0.4517318308353424,0.4517318308353424
10714,0.45190244913101196,0.45190244913101196,0.45190244913101196
10716,0.4520845115184784,0.4520845115184784,0.4520845115184784
10718,0.45220381021499634,0.45220381021499634,0.45220381021499634
10720,0.4521622955799103,0.4521622955799103,0.4521622955799103
10723,0.45275530219078064,0.45275530219078064,0.45275530219078064
10724,0.4526500701904297,0.4526500701904297,0.4526500701904297
10725,0.4524766802787781,0.4524766802787781,0.4524766802787781
10726,0.4521450996398926,0.4521450996398926,0.4521450996398926
10727,0.4513477683067322,0.4513477683067322,0.4513477683067322
10728,0.4510020315647125,0.4510020315647125,0.4510020315647125
10730,0.4510411024093628,0.4510411024093628,0.4510411024093628
10731,0.45101985335350037,0.45101985335350037,0.45101985335350037
10732,0.4504207670688629,0.4504207670688629,0.4504207670688629
10733,0.45036977529525757,0.45036977529525757,0.45036977529525757
10735,0.4510367214679718,0.4510367214679718,0.4510367214679718
10740,0.4496243894100189,0.4496243894100189,0.4496243894100189
10743,0.4502567946910858,0.4502567946910858,0.4502567946910858
10744,0.4503479301929474,0.4503479301929474,0.4503479301929474
10748,0.45082584023475647,0.45082584023475647,0.45082584023475647
10749,0.4506044089794159,0.4506044089794159,0.4506044089794159
10750,0.45066139101982117,0.45066139101982117,0.45066139101982117
10752,0.4518488049507141,0.4518488049507141,0.4518488049507141
10754,0.4508146345615387,0.4508146345615387,0.4508146345615387
10755,0.4506567418575287,0.4506567418575287,0.4506567418575287
10756,0.45092031359672546,0.45092031359672546,0.45092031359672546
10758,0.4504236876964569,0.4504236876964569,0.4504236876964569
10759,0.45042675733566284,0.45042675733566284,0.45042675733566284
10760,0.45051687955856323,0.45051687955856323,0.45051687955856323
10762,0.4506872296333313,0.4506872296333313,0.4506872296333313
10764,0.4509778320789337,0.4509778320789337,0.4509778320789337
10765,0.4513603150844574,0.4513603150844574,0.4513603150844574
10766,0.4519132375717163,0.4519132375717163,0.4519132375717163
10771,0.4511420726776123,0.4511420726776123,0.4511420726776123
10774,0.4503704309463501,0.4503704309463501,0.4503704309463501
10775,0.45039451122283936,0.45039451122283936,0.45039451122283936
10777,0.4504278600215912,0.4504278600215912,0.4504278600215912
10778,0.45088890194892883,0.45088890194892883,0.45088890194892883
10779,0.45076054334640503,0.45076054334640503,0.45076054334640503
10780,0.4507250487804413,0.4507250487804413,0.4507250487804413
10782,0.4500298500061035,0.4500298500061035,0.4500298500061035
10783,0.4503556191921234,0.4503556191921234,0.4503556191921234
10784,0.44984105229377747,0.44984105229377747,0.44984105229377747
10785,0.44990774989128113,0.44990774989128113,0.44990774989128113
10786,0.4498976767063141,0.4498976767063141,0.4498976767063141
10788,0.45044514536857605,0.45044514536857605,0.45044514536857605
10792,0.4506719410419464,0.4506719410419464,0.4506719410419464
10799,0.4537196457386017,0.4537196457386017,0.4537196457386017
10801,0.4534146785736084,0.4534146785736084,0.4534146785736084
10808,0.45189040899276733,0.45189040899276733,0.45189040899276733
10809,0.45158159732818604,0.45158159732818604,0.45158159732818604
10812,0.4512253403663635,0.4512253403663635,0.4512253403663635
10813,0.45077940821647644,0.45077940821647644,0.45077940821647644
10814,0.4507599174976349,0.4507599174976349,0.4507599174976349
10815,0.4506755471229553,0.4506755471229553,0.4506755471229553
10818,0.44984355568885803,0.44984355568885803,0.44984355568885803
10821,0.45146170258522034,0.45146170258522034,0.45146170258522034
10822,0.45139896869659424,0.45139896869659424,0.45139896869659424
10823,0.4519684314727783,0.4519684314727783,0.4519684314727783
10824,0.4526074230670929,0.4526074230670929,0.4526074230670929
10825,0.4530608654022217,0.4530608654022217,0.4530608654022217
10828,0.45491957664489746,0.45491957664489746,0.45491957664489746
10829,0.45551013946533203,0.45551013946533203,0.45551013946533203
10830,0.4559018015861511,0.4559018015861511,0.4559018015861511
10831,0.45632699131965637,0.45632699131965637,0.45632699131965637
10834,0.4566408097743988,0.4566408097743988,0.4566408097743988
10835,0.4570643901824951,0.4570643901824951,0.4570643901824951
10836,0.4573151469230652,0.4573151469230652,0.4573151469230652
10838,0.45748844742774963,0.45748844742774963,0.45748844742774963
10839,0.4574267268180847,0.4574267268180847,0.4574267268180847
10840,0.4577980637550354,0.4577980637550354,0.4577980637550354
10843,0.45843741297721863,0.45843741297721863,0.45843741297721863
10846,0.457881897687912,0.457881897687912,0.457881897687912
10848,0.4586569666862488,0.4586569666862488,0.4586569666862488
10852,0.4569404721260071,0.4569404721260071,0.4569404721260071
10853,0.4563925862312317,0.4563925862312317,0.4563925862312317
10854,0.4557369649410248,0.4557369649410248,0.4557369649410248
10858,0.45366108417510986,0.45366108417510986,0.45366108417510986
10859,0.45397627353668213,0.45397627353668213,0.45397627353668213
10863,0.45360684394836426,0.45360684394836426,0.45360684394836426
10865,0.4535362720489502,0.4535362720489502,0.4535362720489502
10868,0.45305174589157104,0.45305174589157104,0.45305174589157104
10872,0.45419958233833313,0.45419958233833313,0.45419958233833313
10873,0.4540267884731293,0.4540267884731293,0.4540267884731293
10875,0.45475101470947266,0.45475101470947266,0.45475101470947266
10878,0.45522230863571167,0.45522230863571167,0.45522230863571167
10879,0.4555850327014923,0.4555850327014923,0.4555850327014923
10881,0.4554769992828369,0.4554769992828369,0.4554769992828369
10882,0.4550118148326874,0.4550118148326874,0.4550118148326874
10883,0.4543849527835846,0.4543849527835846,0.4543849527835846
10884,0.45386460423469543,0.45386460423469543,0.45386460423469543
10885,0.45357170701026917,0.45357170701026917,0.45357170701026917
10886,0.4532758891582489,0.4532758891582489,0.4532758891582489
10887,0.45313993096351624,0.45313993096351624,0.45313993096351624
10888,0.45341649651527405,0.45341649651527405,0.45341649651527405
10889,0.45343178510665894,0.45343178510665894,0.45343178510665894
10893,0.45384761691093445,0.45384761691093445,0.45384761691093445
10894,0.45390042662620544,0.45390042662620544,0.45390042662620544
10895,0.45401009917259216,0.45401009917259216,0.45401009917259216
10896,0.4542534649372101,0.4542534649372101,0.4542534649372101
10897,0.45452991127967834,0.45452991127967834,0.45452991127967834
10900,0.45449376106262207,0.45449376106262207,0.45449376106262207
10902,0.4542945325374603,0.4542945325374603,0.4542945325374603
10904,0.45441165566444397,0.45441165566444397,0.45441165566444397
10906,0.45404699444770813,0.45404699444770813,0.45404699444770813
10909,0.4530520737171173,0.4530520737171173,0.4530520737171173
10910,0.45266783237457275,0.45266783237457275,0.45266783237457275
10911,0.45253366231918335,0.45253366231918335,0.45253366231918335
10913,0.45251360535621643,0.45251360535621643,0.45251360535621643
10916,0.45138150453567505,0.45138150453567505,0.45138150453567505
10917,0.45132988691329956,0.45132988691329956,0.45132988691329956
10918,0.4514738619327545,0.4514738619327545,0.4514738619327545
10921,0.45205897092819214,0.45205897092819214,0.45205897092819214
10923,0.45227915048599243,0.45227915048599243,0.45227915048599243
10924,0.4523118734359741,0.4523118734359741,0.4523118734359741
10925,0.45250800251960754,0.45250800251960754,0.45250800251960754
10926,0.45209094882011414,0.45209094882011414,0.45209094882011414
10929,0.450934499502182,0.450934499502182,0.450934499502182
10931,0.4497442841529846,0.4497442841529846,0.4497442841529846
10932,0.4497883915901184,0.4497883915901184,0.4497883915901184
10934,0.4497719407081604,0.4497719407081604,0.4497719407081604
10935,0.4497476816177368,0.4497476816177368,0.4497476816177368
10937,0.44926995038986206,0.44926995038986206,0.44926995038986206
10938,0.4490331709384918,0.4490331709384918,0.4490331709384918
10940,0.44909560680389404,0.44909560680389404,0.44909560680389404
10941,0.44903436303138733,0.44903436303138733,0.44903436303138733
10942,0.44892987608909607,0.44892987608909607,0.44892987608909607
10943,0.4490671753883362,0.4490671753883362,0.4490671753883362
10947,0.4493067264556885,0.4493067264556885,0.4493067264556885
10948,0.4492665231227875,0.4492665231227875,0.4492665231227875
10949,0.44908931851387024,0.44908931851387024,0.44908931851387024
10950,0.44889944791793823,0.44889944791793823,0.44889944791793823
10953,0.4495748281478882,0.4495748281478882,0.4495748281478882
10954,0.4496476352214813,0.4496476352214813,0.4496476352214813
10955,0.449506014585495,0.449506014585495,0.449506014585495
10958,0.4493517577648163,0.4493517577648163,0.4493517577648163
10959,0.4498611092567444,0.4498611092567444,0.4498611092567444
10960,0.4499620199203491,0.4499620199203491,0.4499620199203491
10963,0.4499627351760864,0.4499627351760864,0.4499627351760864
10964,0.44881969690322876,0.44881969690322876,0.44881969690322876
10965,0.44887083768844604,0.44887083768844604,0.44887083768844604
10967,0.44915708899497986,0.44915708899497986,0.44915708899497986
10972,0.44903478026390076,0.44903478026390076,0.44903478026390076
10975,0.4491501748561859,0.4491501748561859,0.4491501748561859
10980,0.4474206566810608,0.4474206566810608,0.4474206566810608
10982,0.44731149077415466,0.44731149077415466,0.44731149077415466
10983,0.4475575387477875,0.4475575387477875,0.4475575387477875
10984,0.4478728771209717,0.4478728771209717,0.4478728771209717
10985,0.4481486976146698,0.4481486976146698,0.4481486976146698
10986,0.4481743574142456,0.4481743574142456,0.4481743574142456
10989,0.44834160804748535,0.44834160804748535,0.44834160804748535
10992,0.4488510191440582,0.4488510191440582,0.4488510191440582
10994,0.44914427399635315,0.44914427399635315,0.44914427399635315
10998,0.4486856758594513,0.4486856758594513,0.4486856758594513
11000,0.44925880432128906,0.44925880432128906,0.44925880432128906
11001,0.44902148842811584,0.44902148842811584,0.44902148842811584
11004,0.44884583353996277,0.44884583353996277,0.44884583353996277
11005,0.44899892807006836,0.44899892807006836,0.44899892807006836
11007,0.4494297504425049,0.4494297504425049,0.4494297504425049
11009,0.4488300681114197,0.4488300681114197,0.4488300681114197
11013,0.4487398564815521,0.4487398564815521,0.4487398564815521
11014,0.44891172647476196,0.44891172647476196,0.44891172647476196
11015,0.4491172134876251,0.4491172134876251,0.4491172134876251
11016,0.4488578140735626,0.4488578140735626,0.4488578140735626
11017,0.44862014055252075,0.44862014055252075,0.44862014055252075
11019,0.44889646768569946,0.44889646768569946,0.44889646768569946
11023,0.45000168681144714,0.45000168681144714,0.45000168681144714
11024,0.4506518542766571,0.4506518542766571,0.4506518542766571
11028,0.4507940113544464,0.4507940113544464,0.4507940113544464
11029,0.4508049488067627,0.4508049488067627,0.4508049488067627
11031,0.4499317705631256,0.4499317705631256,0.4499317705631256
11032,0.4492989480495453,0.4492989480495453,0.4492989480495453
11033,0.4492499530315399,0.4492499530315399,0.4492499530315399
11035,0.44955405592918396,0.44955405592918396,0.44955405592918396
11036,0.44965654611587524,0.44965654611587524,0.44965654611587524
11039,0.44977492094039917,0.44977492094039917,0.44977492094039917
11040,0.4493459463119507,0.4493459463119507,0.4493459463119507
11046,0.4488377273082733,0.4488377273082733,0.4488377273082733
11047,0.4488723576068878,0.4488723576068878,0.4488723576068878
11050,0.44727542996406555,0.44727542996406555,0.44727542996406555
11051,0.447572261095047,0.447572261095047,0.447572261095047
11052,0.44808679819107056,0.44808679819107056,0.44808679819107056
11053,0.44810953736305237,0.44810953736305237,0.44810953736305237
11056,0.4483150541782379,0.4483150541782379,0.4483150541782379
11058,0.4482003152370453,0.4482003152370453,0.4482003152370453
11059,0.44781801104545593,0.44781801104545593,0.44781801104545593
11062,0.4477461278438568,0.4477461278438568,0.4477461278438568
11067,0.447616308927536,0.447616308927536,0.447616308927536
11072,0.44581344723701477,0.44581344723701477,0.44581344723701477
11073,0.4465469419956207,0.4465469419956207,0.4465469419956207
11075,0.4471825361251831,0.4471825361251831,0.4471825361251831
11076,0.44717153906822205,0.44717153906822205,0.44717153906822205
11081,0.4468297064304352,0.4468297064304352,0.4468297064304352
11086,0.44581541419029236,0.44581541419029236,0.44581541419029236
11088,0.4459720253944397,0.4459720253944397,0.4459720253944397
11089,0.4462321698665619,0.4462321698665619,0.4462321698665619
11091,0.4461374878883362,0.4461374878883362,0.4461374878883362
11094,0.44621703028678894,0.44621703028678894,0.44621703028678894
11095,0.4461679756641388,0.4461679756641388,0.4461679756641388
11098,0.44605258107185364,0.44605258107185364,0.44605258107185364
11101,0.4465618133544922,0.4465618133544922,0.4465618133544922
11102,0.44678792357444763,0.44678792357444763,0.44678792357444763
11105,0.4471535086631775,0.4471535086631775,0.4471535086631775
11108,0.44596800208091736,0.44596800208091736,0.44596800208091736
11109,0.4459560811519623,0.4459560811519623,0.4459560811519623
11111,0.44664904475212097,0.44664904475212097,0.44664904475212097
11112,0.4471709728240967,0.4471709728240967,0.4471709728240967
11113,0.4474904239177704,0.4474904239177704,0.4474904239177704
11114,0.44738706946372986,0.44738706946372986,0.44738706946372986
11115,0.44745081663131714,0.44745081663131714,0.44745081663131714
11117,0.44714224338531494,0.44714224338531494,0.44714224338531494
11118,0.44691258668899536,0.44691258668899536,0.44691258668899536
11124,0.4478501081466675,0.4478501081466675,0.4478501081466675
11126,0.4485815763473511,0.4485815763473511,0.4485815763473511
11127,0.4485324025154114,0.4485324025154114,0.4485324025154114
11128,0.44862547516822815,0.44862547516822815,0.44862547516822815
11133,0.44890424609184265,0.44890424609184265,0.44890424609184265
11134,0.44884955883026123,0.44884955883026123,0.44884955883026123
11136,0.44896358251571655,0.44896358251571655,0.44896358251571655
11137,0.4483555555343628,0.4483555555343628,0.4483555555343628
11138,0.44790440797805786,0.44790440797805786,0.44790440797805786
11141,0.4468909204006195,0.4468909204006195,0.4468909204006195
11142,0.4467409551143646,0.4467409551143646,0.4467409551143646
11145,0.44709792733192444,0.44709792733192444,0.44709792733192444
11146,0.4477412700653076,0.4477412700653076,0.4477412700653076
11147,0.4482339024543762,0.4482339024543762,0.4482339024543762
11148,0.44820135831832886,0.44820135831832886,0.44820135831832886
11150,0.4490758180618286,0.4490758180618286,0.4490758180618286
11151,0.44944751262664795,0.44944751262664795,0.44944751262664795
11153,0.4486536979675293,0.4486536979675293,0.4486536979675293
11154,0.44815385341644287,0.44815385341644287,0.44815385341644287
11159,0.44961991906166077,0.44961991906166077,0.44961991906166077
11160,0.4492356777191162,0.4492356777191162,0.4492356777191162
11161,0.4491335153579712,0.4491335153579712,0.4491335153579712
11162,0.4491741359233856,0.4491741359233856,0.4491741359233856
11165,0.4494049847126007,0.4494049847126007,0.4494049847126007
11166,0.44945189356803894,0.44945189356803894,0.44945189356803894
11175,0.4493057429790497,0.4493057429790497,0.4493057429790497
11176,0.4496728777885437,0.4496728777885437,0.4496728777885437
11179,0.44990524649620056,0.44990524649620056,0.44990524649620056
11180,0.450309693813324,0.450309693813324,0.450309693813324
11183,0.44943922758102417,0.44943922758102417,0.44943922758102417
11189,0.4481522738933563,0.4481522738933563,0.4481522738933563
11191,0.4486401081085205,0.4486401081085205,0.4486401081085205
11192,0.44888144731521606,0.44888144731521606,0.44888144731521606
11194,0.4488595724105835,0.4488595724105835,0.4488595724105835
11195,0.4493846297264099,0.4493846297264099,0.4493846297264099
11197,0.45021969079971313,0.45021969079971313,0.45021969079971313
11198,0.45003581047058105,0.45003581047058105,0.45003581047058105
11200,0.4492301940917969,0.4492301940917969,0.4492301940917969
11204,0.44776850938796997,0.44776850938796997,0.44776850938796997
11207,0.44781583547592163,0.44781583547592163,0.44781583547592163
11208,0.4475901424884796,0.4475901424884796,0.4475901424884796
11210,0.4480980634689331,0.4480980634689331,0.4480980634689331
11214,0.44943612813949585,0.44943612813949585,0.44943612813949585
11215,0.44959861040115356,0.44959861040115356,0.44959861040115356
11216,0.4496743977069855,0.4496743977069855,0.4496743977069855
11217,0.4496859610080719,0.4496859610080719,0.4496859610080719
11219,0.45029184222221375,0.45029184222221375,0.45029184222221375
11224,0.44949689507484436,0.44949689507484436,0.44949689507484436
11226,0.44915494322776794,0.44915494322776794,0.44915494322776794
11227,0.44906413555145264,0.44906413555145264,0.44906413555145264
11228,0.44874969124794006,0.44874969124794006,0.44874969124794006
11230,0.44857513904571533,0.44857513904571533,0.44857513904571533
11231,0.4480034112930298,0.4480034112930298,0.4480034112930298
11232,0.4477434754371643,0.4477434754371643,0.4477434754371643
11233,0.4482649564743042,0.4482649564743042,0.4482649564743042
11235,0.4480278193950653,0.4480278193950653,0.4480278193950653
11239,0.448105126619339,0.448105126619339,0.448105126619339
11240,0.4480336010456085,0.4480336010456085,0.4480336010456085
11241,0.44841721653938293,0.44841721653938293,0.44841721653938293
11247,0.4477634131908417,0.4477634131908417,0.4477634131908417
11249,0.44726982712745667,0.44726982712745667,0.44726982712745667
11256,0.44979846477508545,0.44979846477508545,0.44979846477508545
11258,0.4498486816883087,0.4498486816883087,0.4498486816883087
11259,0.45017072558403015,0.45017072558403015,0.45017072558403015
11261,0.4504328668117523,0.4504328668117523,0.4504328668117523
11262,0.45025256276130676,0.45025256276130676,0.45025256276130676
11263,0.4500260651111603,0.4500260651111603,0.4500260651111603
11265,0.45033130049705505,0.45033130049705505,0.45033130049705505
11266,0.4507879614830017,0.4507879614830017,0.4507879614830017
11268,0.4511891305446625,0.4511891305446625,0.4511891305446625
11269,0.450641930103302,0.450641930103302,0.450641930103302
11272,0.45032259821891785,0.45032259821891785,0.45032259821891785
11273,0.4501052498817444,0.4501052498817444,0.4501052498817444
11277,0.4503914713859558,0.4503914713859558,0.4503914713859558
11278,0.45042163133621216,0.45042163133621216,0.45042163133621216
11280,0.45060521364212036,0.45060521364212036,0.45060521364212036
11281,0.45041483640670776,0.45041483640670776,0.45041483640670776
11285,0.4506347179412842,0.4506347179412842,0.4506347179412842
11291,0.4497845768928528,0.4497845768928528,0.4497845768928528
11293,0.4498836398124695,0.4498836398124695,0.4498836398124695
11294,0.4495496451854706,0.4495496451854706,0.4495496451854706
11296,0.4503951370716095,0.4503951370716095,0.4503951370716095
11299,0.45084184408187866,0.45084184408187866,0.45084184408187866
11301,0.45006418228149414,0.45006418228149414,0.45006418228149414
11305,0.450739324092865,0.450739324092865,0.450739324092865
11306,0.4505455791950226,0.4505455791950226,0.4505455791950226
11307,0.45039305090904236,0.45039305090904236,0.45039305090904236
11309,0.44902506470680237,0.44902506470680237,0.44902506470680237
11310,0.44877108931541443,0.44877108931541443,0.44877108931541443
11311,0.44882529973983765,0.44882529973983765,0.44882529973983765
11312,0.4489993453025818,0.4489993453025818,0.4489993453025818
11313,0.44891223311424255,0.44891223311424255,0.44891223311424255
11314,0.4485355019569397,0.4485355019569397,0.4485355019569397
11315,0.44816768169403076,0.44816768169403076,0.44816768169403076
11316,0.4481401741504669,0.4481401741504669,0.4481401741504669
11318,0.4479225277900696,0.4479225277900696,0.4479225277900696
11319,0.44765520095825195,0.44765520095825195,0.44765520095825195
11320,0.44815003871917725,0.44815003871917725,0.44815003871917725
11321,0.4483199119567871,0.4483199119567871,0.4483199119567871
11323,0.4484865665435791,0.4484865665435791,0.4484865665435791
11325,0.4490729570388794,0.4490729570388794,0.4490729570388794
11328,0.4488639235496521,0.4488639235496521,0.4488639235496521
11329,0.4491371214389801,0.4491371214389801,0.4491371214389801
11330,0.4493415355682373,0.4493415355682373,0.4493415355682373
11333,0.44946444034576416,0.44946444034576416,0.44946444034576416
11334,0.4492328464984894,0.4492328464984894,0.4492328464984894
11335,0.4494817554950714,0.4494817554950714,0.4494817554950714
11338,0.4503993093967438,0.4503993093967438,0.4503993093967438
11340,0.4505794644355774,0.4505794644355774,0.4505794644355774
11346,0.4501560628414154,0.4501560628414154,0.4501560628414154
11347,0.45023199915885925,0.45023199915885925,0.45023199915885925
11348,0.45041462779045105,0.45041462779045105,0.45041462779045105
11350,0.44986245036125183,0.44986245036125183,0.44986245036125183
11351,0.4492385685443878,0.4492385685443878,0.4492385685443878
11354,0.44787418842315674,0.44787418842315674,0.44787418842315674
11355,0.44710493087768555,0.44710493087768555,0.44710493087768555
11356,0.4464590847492218,0.4464590847492218,0.4464590847492218
11359,0.4467920660972595,0.4467920660972595,0.4467920660972595
11361,0.44689974188804626,0.44689974188804626,0.44689974188804626
11364,0.4467675983905792,0.4467675983905792,0.4467675983905792
11365,0.44689851999282837,0.44689851999282837,0.44689851999282837
11366,0.447236031293869,0.447236031293869,0.447236031293869
11367,0.4472172260284424,0.4472172260284424,0.4472172260284424
11368,0.44696909189224243,0.44696909189224243,0.44696909189224243
11370,0.44661974906921387,0.44661974906921387,0.44661974906921387
11371,0.4466110169887543,0.4466110169887543,0.4466110169887543
11373,0.4461990296840668,0.4461990296840668,0.4461990296840668
11374,0.44638800621032715,0.44638800621032715,0.44638800621032715
11375,0.4466342628002167,0.4466342628002167,0.4466342628002167
11378,0.4462750554084778,0.4462750554084778,0.4462750554084778
11381,0.446870356798172,0.446870356798172,0.446870356798172
11382,0.4469573199748993,0.4469573199748993,0.4469573199748993
11385,0.44797465205192566,0.44797465205192566,0.44797465205192566
11386,0.44841572642326355,0.44841572642326355,0.44841572642326355
11392,0.4492069482803345,0.4492069482803345,0.4492069482803345
11393,0.4495239853858948,0.4495239853858948,0.4495239853858948
11397,0.4495201110839844,0.4495201110839844,0.4495201110839844
11406,0.4480179250240326,0.4480179250240326,0.4480179250240326
11408,0.44837114214897156,0.44837114214897156,0.44837114214897156
11409,0.44850561022758484,0.44850561022758484,0.44850561022758484
11410,0.44844499230384827,0.44844499230384827,0.44844499230384827
11413,0.4492325186729431,0.4492325186729431,0.4492325186729431
11414,0.4499504864215851,0.4499504864215851,0.4499504864215851
11416,0.44931188225746155,0.44931188225746155,0.44931188225746155
11417,0.4495886564254761,0.4495886564254761,0.4495886564254761
11420,0.4493918716907501,0.4493918716907501,0.4493918716907501
11423,0.45083165168762207,0.45083165168762207,0.45083165168762207
11424,0.45131027698516846,0.45131027698516846,0.45131027698516846
11427,0.4505360722541809,0.4505360722541809,0.4505360722541809
11431,0.4519455134868622,0.4519455134868622,0.4519455134868622
11433,0.45247092843055725,0.45247092843055725,0.45247092843055725
11434,0.4528282582759857,0.4528282582759857,0.4528282582759857
11435,0.45265981554985046,0.45265981554985046,0.45265981554985046
11437,0.45231297612190247,0.45231297612190247,0.45231297612190247
11440,0.4524882733821869,0.4524882733821869,0.4524882733821869
11441,0.45261281728744507,0.45261281728744507,0.45261281728744507
11443,0.4518080949783325,0.4518080949783325,0.4518080949783325
11444,0.451833575963974,0.451833575963974,0.451833575963974
11447,0.45119574666023254,0.45119574666023254,0.45119574666023254
11448,0.45072388648986816,0.45072388648986816,0.45072388648986816
11449,0.4504965841770172,0.4504965841770172,0.4504965841770172
11451,0.4513499140739441,0.4513499140739441,0.4513499140739441
11454,0.4526539146900177,0.4526539146900177,0.4526539146900177
11457,0.4535697102546692,0.4535697102546692,0.4535697102546692
11459,0.45402562618255615,0.45402562618255615,0.45402562618255615
11460,0.4542088210582733,0.4542088210582733,0.4542088210582733
11462,0.4540965259075165,0.4540965259075165,0.4540965259075165
11463,0.4540078938007355,0.4540078938007355,0.4540078938007355
11465,0.4539114832878113,0.4539114832878113,0.4539114832878113
11466,0.4537772238254547,0.4537772238254547,0.4537772238254547
11469,0.4530690610408783,0.4530690610408783,0.4530690610408783
11471,0.4521081745624542,0.4521081745624542,0.4521081745624542
11476,0.45264458656311035,0.45264458656311035,0.45264458656311035
11477,0.4525354504585266,0.4525354504585266,0.4525354504585266
11478,0.4524608254432678,0.4524608254432678,0.4524608254432678
11479,0.45260050892829895,0.45260050892829895,0.45260050892829895
11481,0.45328760147094727,0.45328760147094727,0.45328760147094727
11482,0.4530753493309021,0.4530753493309021,0.4530753493309021
11483,0.45326894521713257,0.45326894521713257,0.45326894521713257
11486,0.4530523121356964,0.4530523121356964,0.4530523121356964
11491,0.4524093270301819,0.4524093270301819,0.4524093270301819
11494,0.4529251456260681,0.4529251456260681,0.4529251456260681
11495,0.45262452960014343,0.45262452960014343,0.45262452960014343
11497,0.4527973532676697,0.4527973532676697,0.4527973532676697
11498,0.45282840728759766,0.45282840728759766,0.45282840728759766
11501,0.45219185948371887,0.45219185948371887,0.45219185948371887
11502,0.4524180293083191,0.4524180293083191,0.4524180293083191
11507,0.45168325304985046,0.45168325304985046,0.45168325304985046
11508,0.45166268944740295,0.45166268944740295,0.45166268944740295
11510,0.4514239728450775,0.4514239728450775,0.4514239728450775
11513,0.4512220323085785,0.4512220323085785,0.4512220323085785
11515,0.450354665517807,0.450354665517807,0.450354665517807
11519,0.4491661787033081,0.4491661787033081,0.4491661787033081
11522,0.44985511898994446,0.44985511898994446,0.44985511898994446
11525,0.45051705837249756,0.45051705837249756,0.45051705837249756
11528,0.45083534717559814,0.45083534717559814,0.45083534717559814
11529,0.45041581988334656,0.45041581988334656,0.45041581988334656
11530,0.45014920830726624,0.45014920830726624,0.45014920830726624
11532,0.4501810371875763,0.4501810371875763,0.4501810371875763
11534,0.450968474149704,0.450968474149704,0.450968474149704
11535,0.451328843832016,0.451328843832016,0.451328843832016
11536,0.4509083032608032,0.4509083032608032,0.4509083032608032
11538,0.4517662227153778,0.4517662227153778,0.4517662227153778
11539,0.4521543085575104,0.4521543085575104,0.4521543085575104
11540,0.45229780673980713,0.45229780673980713,0.45229780673980713
11543,0.4515851140022278,0.4515851140022278,0.4515851140022278
11544,0.4513048827648163,0.4513048827648163,0.4513048827648163
11545,0.45153895020484924,0.45153895020484924,0.45153895020484924
11549,0.45244094729423523,0.45244094729423523,0.45244094729423523
11550,0.4519036114215851,0.4519036114215851,0.4519036114215851
11551,0.4515145421028137,0.4515145421028137,0.4515145421028137
11552,0.45169174671173096,0.45169174671173096,0.45169174671173096
11554,0.45217806100845337,0.45217806100845337,0.45217806100845337
11557,0.45153293013572693,0.45153293013572693,0.45153293013572693
11559,0.45171311497688293,0.45171311497688293,0.45171311497688293
11560,0.45124658942222595,0.45124658942222595,0.45124658942222595
11562,0.4508824348449707,0.4508824348449707,0.4508824348449707
11563,0.4507148861885071,0.4507148861885071,0.4507148861885071
11565,0.44960230588912964,0.44960230588912964,0.44960230588912964
11566,0.4498617649078369,0.4498617649078369,0.4498617649078369
11568,0.450664222240448,0.450664222240448,0.450664222240448
11570,0.44951266050338745,0.44951266050338745,0.44951266050338745
11574,0.4503400921821594,0.4503400921821594,0.4503400921821594
11576,0.45107197761535645,0.45107197761535645,0.45107197761535645
11582,0.4522819221019745,0.4522819221019745,0.4522819221019745
11583,0.45237722992897034,0.45237722992897034,0.45237722992897034
11584,0.452447772026062,0.452447772026062,0.452447772026062
11585,0.45214980840682983,0.45214980840682983,0.45214980840682983
11586,0.45183253288269043,0.45183253288269043,0.45183253288269043
11587,0.45189952850341797,0.45189952850341797,0.45189952850341797
11588,0.45189157128334045,0.45189157128334045,0.45189157128334045
11590,0.45115765929222107,0.45115765929222107,0.45115765929222107
11591,0.4513668715953827,0.4513668715953827,0.4513668715953827
11594,0.45163223147392273,0.45163223147392273,0.45163223147392273
11595,0.45255106687545776,0.45255106687545776,0.45255106687545776
11597,0.4524996876716614,0.4524996876716614,0.4524996876716614
11606,0.45053204894065857,0.45053204894065857,0.45053204894065857
11607,0.4505849778652191,0.4505849778652191,0.4505849778652191
11608,0.4504309892654419,0.4504309892654419,0.4504309892654419
11609,0.4504012167453766,0.4504012167453766,0.4504012167453766
11610,0.45020195841789246,0.45020195841789246,0.45020195841789246
11613,0.45066508650779724,0.45066508650779724,0.45066508650779724
11615,0.45151448249816895,0.45151448249816895,0.45151448249816895
11616,0.45162877440452576,0.45162877440452576,0.45162877440452576
11617,0.4519507586956024,0.4519507586956024,0.4519507586956024
11618,0.4521923363208771,0.4521923363208771,0.4521923363208771
11619,0.4522130489349365,0.4522130489349365,0.4522130489349365
11620,0.4522585868835449,0.4522585868835449,0.4522585868835449
11622,0.4515478312969208,0.4515478312969208,0.4515478312969208
11624,0.45153120160102844,0.45153120160102844,0.45153120160102844
11625,0.45172742009162903,0.45172742009162903,0.45172742009162903
11626,0.45188668370246887,0.45188668370246887,0.45188668370246887
11628,0.45182254910469055,0.45182254910469055,0.45182254910469055
11629,0.45196017622947693,0.45196017622947693,0.45196017622947693
11630,0.4520571231842041,0.4520571231842041,0.4520571231842041
11631,0.4520450532436371,0.4520450532436371,0.4520450532436371
11633,0.4522360861301422,0.4522360861301422,0.4522360861301422
11634,0.4525948166847229,0.4525948166847229,0.4525948166847229
11635,0.45262497663497925,0.45262497663497925,0.45262497663497925
11637,0.45225974917411804,0.45225974917411804,0.45225974917411804
11638,0.4522329568862915,0.4522329568862915,0.4522329568862915
11639,0.4520583748817444,0.4520583748817444,0.4520583748817444
11640,0.4523274004459381,0.4523274004459381,0.4523274004459381
11641,0.4525955617427826,0.4525955617427826,0.4525955617427826
11642,0.4533437192440033,0.4533437192440033,0.4533437192440033
11643,0.45384183526039124,0.45384183526039124,0.45384183526039124
11646,0.4536861777305603,0.4536861777305603,0.4536861777305603
11647,0.45364537835121155,0.45364537835121155,0.45364537835121155
11648,0.4539896845817566,0.4539896845817566,0.4539896845817566
11651,0.453237920999527,0.453237920999527,0.453237920999527
11652,0.4521143138408661,0.4521143138408661,0.4521143138408661
11657,0.45186203718185425,0.45186203718185425,0.45186203718185425
11659,0.452077180147171,0.452077180147171,0.452077180147171
11660,0.45187368988990784,0.45187368988990784,0.45187368988990784
11661,0.4518786668777466,0.4518786668777466,0.4518786668777466
11662,0.4520401656627655,0.4520401656627655,0.4520401656627655
11664,0.45228269696235657,0.45228269696235657,0.45228269696235657
11665,0.45244646072387695,0.45244646072387695,0.45244646072387695
11666,0.4522652328014374,0.4522652328014374,0.4522652328014374
11667,0.4516075551509857,0.4516075551509857,0.4516075551509857
11668,0.450827419757843,0.450827419757843,0.450827419757843
11669,0.45027822256088257,0.45027822256088257,0.45027822256088257
11670,0.4501047134399414,0.4501047134399414,0.4501047134399414
11672,0.44943419098854065,0.44943419098854065,0.44943419098854065
11673,0.44913557171821594,0.44913557171821594,0.44913557171821594
11676,0.44819819927215576,0.44819819927215576,0.44819819927215576
11679,0.4478077292442322,0.4478077292442322,0.4478077292442322
11689,0.4478600025177002,0.4478600025177002,0.4478600025177002
11691,0.4472002685070038,0.4472002685070038,0.4472002685070038
11694,0.4459531605243683,0.4459531605243683,0.4459531605243683
11699,0.4456164836883545,0.4456164836883545,0.4456164836883545
11700,0.4455135464668274,0.4455135464668274,0.4455135464668274
11706,0.44545778632164,0.44545778632164,0.44545778632164
11709,0.44516444206237793,0.44516444206237793,0.44516444206237793
11711,0.4450535476207733,0.4450535476207733,0.4450535476207733
11713,0.44484400749206543,0.44484400749206543,0.44484400749206543
11718,0.44575971364974976,0.44575971364974976,0.44575971364974976
11719,0.4461628496646881,0.4461628496646881,0.4461628496646881
11720,0.4464053809642792,0.4464053809642792,0.4464053809642792
11722,0.44676220417022705,0.44676220417022705,0.44676220417022705
11725,0.4471782445907593,0.4471782445907593,0.4471782445907593
11727,0.4469459652900696,0.4469459652900696,0.4469459652900696
11728,0.4466354548931122,0.4466354548931122,0.4466354548931122
11733,0.4466233551502228,0.4466233551502228,0.4466233551502228
11737,0.4466465711593628,0.4466465711593628,0.4466465711593628
11738,0.44693589210510254,0.44693589210510254,0.44693589210510254
11739,0.4469163715839386,0.4469163715839386,0.4469163715839386
11740,0.4470374882221222,0.4470374882221222,0.4470374882221222
11743,0.4470740854740143,0.4470740854740143,0.4470740854740143
11745,0.44605982303619385,0.44605982303619385,0.44605982303619385
11746,0.4458465576171875,0.4458465576171875,0.4458465576171875
11748,0.44585779309272766,0.44585779309272766,0.44585779309272766
11749,0.4459294378757477,0.4459294378757477,0.4459294378757477
11754,0.4462851285934448,0.4462851285934448,0.4462851285934448
11757,0.4469222128391266,0.4469222128391266,0.4469222128391266
11758,0.44647106528282166,0.44647106528282166,0.44647106528282166
11759,0.4458874464035034,0.4458874464035034,0.4458874464035034
11760,0.44541701674461365,0.44541701674461365,0.44541701674461365
11761,0.44535180926322937,0.44535180926322937,0.44535180926322937
11765,0.44537538290023804,0.44537538290023804,0.44537538290023804
11766,0.44555309414863586,0.44555309414863586,0.44555309414863586
11768,0.44673624634742737,0.44673624634742737,0.44673624634742737
11769,0.44755810499191284,0.44755810499191284,0.44755810499191284
11770,0.4481763541698456,0.4481763541698456,0.4481763541698456
11772,0.4484920799732208,0.4484920799732208,0.4484920799732208
11773,0.44847187399864197,0.44847187399864197,0.44847187399864197
11778,0.4489230215549469,0.4489230215549469,0.4489230215549469
11779,0.4488595426082611,0.4488595426082611,0.4488595426082611
11782,0.44877567887306213,0.44877567887306213,0.44877567887306213
11783,0.4484593868255615,0.4484593868255615,0.4484593868255615
11784,0.44815948605537415,0.44815948605537415,0.44815948605537415
11788,0.4479365944862366,0.4479365944862366,0.4479365944862366
11789,0.4475790858268738,0.4475790858268738,0.4475790858268738
11790,0.44764575362205505,0.44764575362205505,0.44764575362205505
11791,0.4476446807384491,0.4476446807384491,0.4476446807384491
11793,0.4479750096797943,0.4479750096797943,0.4479750096797943
11794,0.4479369819164276,0.4479369819164276,0.4479369819164276
11795,0.4478652775287628,0.4478652775287628,0.4478652775287628
11798,0.44751718640327454,0.44751718640327454,0.44751718640327454
11799,0.4471527934074402,0.4471527934074402,0.4471527934074402
11800,0.4470347762107849,0.4470347762107849,0.4470347762107849
11801,0.4469623565673828,0.4469623565673828,0.4469623565673828
11805,0.4450530409812927,0.4450530409812927,0.4450530409812927
11806,0.444240927696228,0.444240927696228,0.444240927696228
11807,0.44407930970191956,0.44407930970191956,0.44407930970191956
11808,0.4442788064479828,0.4442788064479828,0.4442788064479828
11810,0.4447964131832123,0.4447964131832123,0.4447964131832123
11811,0.44504642486572266,0.44504642486572266,0.44504642486572266
11813,0.44494006037712097,0.44494006037712097,0.44494006037712097
11814,0.44471609592437744,0.44471609592437744,0.44471609592437744
11815,0.4444454312324524,0.4444454312324524,0.4444454312324524
11816,0.4442804455757141,0.4442804455757141,0.4442804455757141
11817,0.444204181432724,0.444204181432724,0.444204181432724
11826,0.4450247287750244,0.4450247287750244,0.4450247287750244
11827,0.4451497495174408,0.4451497495174408,0.4451497495174408
11828,0.4451196491718292,0.4451196491718292,0.4451196491718292
11829,0.44544491171836853,0.44544491171836853,0.44544491171836853
11835,0.44763830304145813,0.44763830304145813,0.44763830304145813
11839,0.44805052876472473,0.44805052876472473,0.44805052876472473
11843,0.4468894302845001,0.4468894302845001,0.4468894302845001
11849,0.44766905903816223,0.44766905903816223,0.44766905903816223
11850,0.4479319155216217,0.4479319155216217,0.4479319155216217
11857,0.4481731653213501,0.4481731653213501,0.4481731653213501
11858,0.44786763191223145,0.44786763191223145,0.44786763191223145
11859,0.4476275146007538,0.4476275146007538,0.4476275146007538
11860,0.44766268134117126,0.44766268134117126,0.44766268134117126
11862,0.44699952006340027,0.44699952006340027,0.44699952006340027
11863,0.44682347774505615,0.44682347774505615,0.44682347774505615
11864,0.4469992518424988,0.4469992518424988,0.4469992518424988
11865,0.4475085139274597,0.4475085139274597,0.4475085139274597
11866,0.4480268061161041,0.4480268061161041,0.4480268061161041
11867,0.4483473002910614,0.4483473002910614,0.4483473002910614
11868,0.4481290876865387,0.4481290876865387,0.4481290876865387
11869,0.44842150807380676,0.44842150807380676,0.44842150807380676
11871,0.448144793510437,0.448144793510437,0.448144793510437
11873,0.4477747678756714,0.4477747678756714,0.4477747678756714
11874,0.4475240409374237,0.4475240409374237,0.4475240409374237
11875,0.4473670721054077,0.4473670721054077,0.4473670721054077
11877,0.4472171366214752,0.4472171366214752,0.4472171366214752
11880,0.44689756631851196,0.44689756631851196,0.44689756631851196
11885,0.44532692432403564,0.44532692432403564,0.44532692432403564
11890,0.4462205767631531,0.4462205767631531,0.4462205767631531
11891,0.4463769793510437,0.4463769793510437,0.4463769793510437
11896,0.4448295831680298,0.4448295831680298,0.4448295831680298
11897,0.4447147846221924,0.4447147846221924,0.4447147846221924
11900,0.4458354115486145,0.4458354115486145,0.4458354115486145
11905,0.4462081789970398,0.4462081789970398,0.4462081789970398
11906,0.4462888240814209,0.4462888240814209,0.4462888240814209
11909,0.4470021724700928,0.4470021724700928,0.4470021724700928
11910,0.4472161531448364,0.4472161531448364,0.4472161531448364
11911,0.44771140813827515,0.44771140813827515,0.44771140813827515
11915,0.4477370083332062,0.4477370083332062,0.4477370083332062
11918,0.4482478201389313,0.4482478201389313,0.4482478201389313
11920,0.4475889205932617,0.4475889205932617,0.4475889205932617
11921,0.4477144777774811,0.4477144777774811,0.4477144777774811
11924,0.4482002258300781,0.4482002258300781,0.4482002258300781
11926,0.44812634587287903,0.44812634587287903,0.44812634587287903
11927,0.44830483198165894,0.44830483198165894,0.44830483198165894
11930,0.4485319256782532,0.4485319256782532,0.4485319256782532
11933,0.44796520471572876,0.44796520471572876,0.44796520471572876
11934,0.44797298312187195,0.44797298312187195,0.44797298312187195
11936,0.44826799631118774,0.44826799631118774,0.44826799631118774
11937,0.4480776786804199,0.4480776786804199,0.4480776786804199
11939,0.4479934573173523,0.4479934573173523,0.4479934573173523
11940,0.44798293709754944,0.44798293709754944,0.44798293709754944
11942,0.4468437433242798,0.4468437433242798,0.4468437433242798
11943,0.446219265460968,0.446219265460968,0.446219265460968
11944,0.4452606737613678,0.4452606737613678,0.4452606737613678
11951,0.44476255774497986,0.44476255774497986,0.44476255774497986
11952,0.44474801421165466,0.44474801421165466,0.44474801421165466
11953,0.44472360610961914,0.44472360610961914,0.44472360610961914
11954,0.4446817636489868,0.4446817636489868,0.4446817636489868
11956,0.44470614194869995,0.44470614194869995,0.44470614194869995
11957,0.4449723958969116,0.4449723958969116,0.4449723958969116
11961,0.4444911777973175,0.4444911777973175,0.4444911777973175
11962,0.4446408450603485,0.4446408450603485,0.4446408450603485
11965,0.4444798529148102,0.4444798529148102,0.4444798529148102
11966,0.44425132870674133,0.44425132870674133,0.44425132870674133
11969,0.44359833002090454,0.44359833002090454,0.44359833002090454
11971,0.44395461678504944,0.44395461678504944,0.44395461678504944
11975,0.4440035820007324,0.4440035820007324,0.4440035820007324
11980,0.4435650408267975,0.4435650408267975,0.4435650408267975
11982,0.44379758834838867,0.44379758834838867,0.44379758834838867
11983,0.44382262229919434,0.44382262229919434,0.44382262229919434
11984,0.443739116191864,0.443739116191864,0.443739116191864
11986,0.4434404671192169,0.4434404671192169,0.4434404671192169
11987,0.44365692138671875,0.44365692138671875,0.44365692138671875
11989,0.44403761625289917,0.44403761625289917,0.44403761625289917
11990,0.4442042112350464,0.4442042112350464,0.4442042112350464
11991,0.44431546330451965,0.44431546330451965,0.44431546330451965
11992,0.4440496563911438,0.4440496563911438,0.4440496563911438
11993,0.4440865218639374,0.4440865218639374,0.4440865218639374
11994,0.44402045011520386,0.44402045011520386,0.44402045011520386
11995,0.44412073493003845,0.44412073493003845,0.44412073493003845
11996,0.4433887004852295,0.4433887004852295,0.4433887004852295
11997,0.4425613284111023,0.4425613284111023,0.4425613284111023
11998,0.4426247477531433,0.4426247477531433,0.4426247477531433
12003,0.4412919282913208,0.4412919282913208,0.4412919282913208
12005,0.44201987981796265,0.44201987981796265,0.44201987981796265
12013,0.44238483905792236,0.44238483905792236,0.44238483905792236
12015,0.44161128997802734,0.44161128997802734,0.44161128997802734
12018,0.44149160385131836,0.44149160385131836,0.44149160385131836
12019,0.440979540348053,0.440979540348053,0.440979540348053
12020,0.44091033935546875,0.44091033935546875,0.44091033935546875
12023,0.44028574228286743,0.44028574228286743,0.44028574228286743
12025,0.43994346261024475,0.43994346261024475,0.43994346261024475
12026,0.43957409262657166,0.43957409262657166,0.43957409262657166
12027,0.4397818446159363,0.4397818446159363,0.4397818446159363
12035,0.43997955322265625,0.43997955322265625,0.43997955322265625
12036,0.43994250893592834,0.43994250893592834,0.43994250893592834
12039,0.4397634267807007,0.4397634267807007,0.4397634267807007
12041,0.4383067488670349,0.4383067488670349,0.4383067488670349
12043,0.43702295422554016,0.43702295422554016,0.43702295422554016
12044,0.43713489174842834,0.43713489174842834,0.43713489174842834
12047,0.43771639466285706,0.43771639466285706,0.43771639466285706
12048,0.4379824697971344,0.4379824697971344,0.4379824697971344
12049,0.4375896155834198,0.4375896155834198,0.4375896155834198
12054,0.4373951256275177,0.4373951256275177,0.4373951256275177
12057,0.4381462037563324,0.4381462037563324,0.4381462037563324
12059,0.4372410774230957,0.4372410774230957,0.4372410774230957
12061,0.4367474317550659,0.4367474317550659,0.4367474317550659
12064,0.43760162591934204,0.43760162591934204,0.43760162591934204
12065,0.43864530324935913,0.43864530324935913,0.43864530324935913
12068,0.43994754552841187,0.43994754552841187,0.43994754552841187
12070,0.4400021731853485,0.4400021731853485,0.4400021731853485
12076,0.4404977560043335,0.4404977560043335,0.4404977560043335
12079,0.441206157207489,0.441206157207489,0.441206157207489
12083,0.44027116894721985,0.44027116894721985,0.44027116894721985
12084,0.4399673044681549,0.4399673044681549,0.4399673044681549
12085,0.44029825925827026,0.44029825925827026,0.44029825925827026
12086,0.44061845541000366,0.44061845541000366,0.44061845541000366
12087,0.44126462936401367,0.44126462936401367,0.44126462936401367
12089,0.4420073330402374,0.4420073330402374,0.4420073330402374
12091,0.4422124922275543,0.4422124922275543,0.4422124922275543
12096,0.44261056184768677,0.44261056184768677,0.44261056184768677
12099,0.4426400065422058,0.4426400065422058,0.4426400065422058
12100,0.44274431467056274,0.44274431467056274,0.44274431467056274
12101,0.44262874126434326,0.44262874126434326,0.44262874126434326
12102,0.4429652690887451,0.4429652690887451,0.4429652690887451
12103,0.443343847990036,0.443343847990036,0.443343847990036
12104,0.4433612823486328,0.4433612823486328,0.4433612823486328
12108,0.4425666034221649,0.4425666034221649,0.4425666034221649
12109,0.44291263818740845,0.44291263818740845,0.44291263818740845
12111,0.4428122937679291,0.4428122937679291,0.4428122937679291
12112,0.44263559579849243,0.44263559579849243,0.44263559579849243
12113,0.44254639744758606,0.44254639744758606,0.44254639744758606
12115,0.4431414306163788,0.4431414306163788,0.4431414306163788
12116,0.4426751136779785,0.4426751136779785,0.4426751136779785
12118,0.44207581877708435,0.44207581877708435,0.44207581877708435
12119,0.4416865408420563,0.4416865408420563,0.4416865408420563
12120,0.44108957052230835,0.44108957052230835,0.44108957052230835
12123,0.441273957490921,0.441273957490921,0.441273957490921
12124,0.44127580523490906,0.44127580523490906,0.44127580523490906
12125,0.4409301280975342,0.4409301280975342,0.4409301280975342
12126,0.4414096772670746,0.4414096772670746,0.4414096772670746
12128,0.4419146180152893,0.4419146180152893,0.4419146180152893
12129,0.44182780385017395,0.44182780385017395,0.44182780385017395
12131,0.44211873412132263,0.44211873412132263,0.44211873412132263
12132,0.4423293471336365,0.4423293471336365,0.4423293471336365
12133,0.4425676465034485,0.4425676465034485,0.4425676465034485
12134,0.44273024797439575,0.44273024797439575,0.44273024797439575
12138,0.44377413392066956,0.44377413392066956,0.44377413392066956
12140,0.4441085755825043,0.4441085755825043,0.4441085755825043
12141,0.4442532956600189,0.4442532956600189,0.4442532956600189
12144,0.4434652626514435,0.4434652626514435,0.4434652626514435
12145,0.4429096579551697,0.4429096579551697,0.4429096579551697
12147,0.4428069293498993,0.4428069293498993,0.4428069293498993
12152,0.4419940710067749,0.4419940710067749,0.4419940710067749
12154,0.4418807029724121,0.4418807029724121,0.4418807029724121
12155,0.44147270917892456,0.44147270917892456,0.44147270917892456
12157,0.44141334295272827,0.44141334295272827,0.44141334295272827
12161,0.44249963760375977,0.44249963760375977,0.44249963760375977
12167,0.4413544535636902,0.4413544535636902,0.4413544535636902
12171,0.44235238432884216,0.44235238432884216,0.44235238432884216
12172,0.44244080781936646,0.44244080781936646,0.44244080781936646
12173,0.442095547914505,0.442095547914505,0.442095547914505
12177,0.44118666648864746,0.44118666648864746,0.44118666648864746
12180,0.4413943290710449,0.4413943290710449,0.4413943290710449
12184,0.4422071874141693,0.4422071874141693,0.4422071874141693
12187,0.44266584515571594,0.44266584515571594,0.44266584515571594
12189,0.4433659613132477,0.4433659613132477,0.4433659613132477
12190,0.4433268904685974,0.4433268904685974,0.4433268904685974
12191,0.4435500204563141,0.4435500204563141,0.4435500204563141
12193,0.44462668895721436,0.44462668895721436,0.44462668895721436
12195,0.44387465715408325,0.44387465715408325,0.44387465715408325
12196,0.44372448325157166,0.44372448325157166,0.44372448325157166
12197,0.4435524642467499,0.4435524642467499,0.4435524642467499
12199,0.44371795654296875,0.44371795654296875,0.44371795654296875
12202,0.4443652927875519,0.4443652927875519,0.4443652927875519
12203,0.44387903809547424,0.44387903809547424,0.44387903809547424
12204,0.4439474046230316,0.4439474046230316,0.4439474046230316
12205,0.4440971612930298,0.4440971612930298,0.4440971612930298
12210,0.4440787136554718,0.4440787136554718,0.4440787136554718
12211,0.44407039880752563,0.44407039880752563,0.44407039880752563
12215,0.44320833683013916,0.44320833683013916,0.44320833683013916
12218,0.44288524985313416,0.44288524985313416,0.44288524985313416
12220,0.442829430103302,0.442829430103302,0.442829430103302
12221,0.44288164377212524,0.44288164377212524,0.44288164377212524
12224,0.44379472732543945,0.44379472732543945,0.44379472732543945
12226,0.44384700059890747,0.44384700059890747,0.44384700059890747
12227,0.4435363709926605,0.4435363709926605,0.4435363709926605
12228,0.4431326687335968,0.4431326687335968,0.4431326687335968
12229,0.44314125180244446,0.44314125180244446,0.44314125180244446
12230,0.4436662197113037,0.4436662197113037,0.4436662197113037
12232,0.44422638416290283,0.44422638416290283,0.44422638416290283
12235,0.44371405243873596,0.44371405243873596,0.44371405243873596
12239,0.4444449245929718,0.4444449245929718,0.4444449245929718
12240,0.4445895850658417,0.4445895850658417,0.4445895850658417
12241,0.4446588456630707,0.4446588456630707,0.4446588456630707
12243,0.4445500075817108,0.4445500075817108,0.4445500075817108
12244,0.4449484050273895,0.4449484050273895,0.4449484050273895
12245,0.4453956186771393,0.4453956186771393,0.4453956186771393
12247,0.4457198679447174,0.4457198679447174,0.4457198679447174
12250,0.446746826171875,0.446746826171875,0.446746826171875
12257,0.4492245614528656,0.4492245614528656,0.4492245614528656
12261,0.447640597820282,0.447640597820282,0.447640597820282
12263,0.44775354862213135,0.44775354862213135,0.44775354862213135
12266,0.4470653235912323,0.4470653235912323,0.4470653235912323
12268,0.44653964042663574,0.44653964042663574,0.44653964042663574
12271,0.4460558295249939,0.4460558295249939,0.4460558295249939
12274,0.4457044303417206,0.4457044303417206,0.4457044303417206
12275,0.4458448886871338,0.4458448886871338,0.4458448886871338
12276,0.4462960958480835,0.4462960958480835,0.4462960958480835
12277,0.44690555334091187,0.44690555334091187,0.44690555334091187
12279,0.4463460445404053,0.4463460445404053,0.4463460445404053
12280,0.44591644406318665,0.44591644406318665,0.44591644406318665
12287,0.44586628675460815,0.44586628675460815,0.44586628675460815
12292,0.445162296295166,0.445162296295166,0.445162296295166
12293,0.4453262686729431,0.4453262686729431,0.4453262686729431
12295,0.4448750615119934,0.4448750615119934,0.4448750615119934
12297,0.44559338688850403,0.44559338688850403,0.44559338688850403
12298,0.44537898898124695,0.44537898898124695,0.44537898898124695
12299,0.44525519013404846,0.44525519013404846,0.44525519013404846
12302,0.4465740919113159,0.4465740919113159,0.4465740919113159
12305,0.44675859808921814,0.44675859808921814,0.44675859808921814
12306,0.44702985882759094,0.44702985882759094,0.44702985882759094
12312,0.44572824239730835,0.44572824239730835,0.44572824239730835
12313,0.4456048905849457,0.4456048905849457,0.4456048905849457
12314,0.4451139569282532,0.4451139569282532,0.4451139569282532
12315,0.4448104798793793,0.4448104798793793,0.4448104798793793
12316,0.4446236193180084,0.4446236193180084,0.4446236193180084
12317,0.44472137093544006,0.44472137093544006,0.44472137093544006
12319,0.44561129808425903,0.44561129808425903,0.44561129808425903
12320,0.44606614112854004,0.44606614112854004,0.44606614112854004
12321,0.44697338342666626,0.44697338342666626,0.44697338342666626
12325,0.44680652022361755,0.44680652022361755,0.44680652022361755
12329,0.44697457551956177,0.44697457551956177,0.44697457551956177
12330,0.44658926129341125,0.44658926129341125,0.44658926129341125
12331,0.44611698389053345,0.44611698389053345,0.44611698389053345
12332,0.44613116979599,0.44613116979599,0.44613116979599
12336,0.4474395513534546,0.4474395513534546,0.4474395513534546
12337,0.4477340877056122,0.4477340877056122,0.4477340877056122
12340,0.4479779899120331,0.4479779899120331,0.4479779899120331
12342,0.4489001929759979,0.4489001929759979,0.4489001929759979
12343,0.4492242634296417,0.4492242634296417,0.4492242634296417
12344,0.4493044912815094,0.4493044912815094,0.4493044912815094
12345,0.4491426646709442,0.4491426646709442,0.4491426646709442
12346,0.4496132433414459,0.4496132433414459,0.4496132433414459
12348,0.4495905339717865,0.4495905339717865,0.4495905339717865
12349,0.4497303068637848,0.4497303068637848,0.4497303068637848
12350,0.44992145895957947,0.44992145895957947,0.44992145895957947
12353,0.4495759904384613,0.4495759904384613,0.4495759904384613
12356,0.449219286441803,0.449219286441803,0.449219286441803
12359,0.4497883915901184,0.4497883915901184,0.4497883915901184
12361,0.44978490471839905,0.44978490471839905,0.44978490471839905
12362,0.4500660002231598,0.4500660002231598,0.4500660002231598
12363,0.44995588064193726,0.44995588064193726,0.44995588064193726
12367,0.449298620223999,0.449298620223999,0.449298620223999
12369,0.4498957395553589,0.4498957395553589,0.4498957395553589
12371,0.4497784376144409,0.4497784376144409,0.4497784376144409
12373,0.4490897059440613,0.4490897059440613,0.4490897059440613
12374,0.4488096237182617,0.4488096237182617,0.4488096237182617
12376,0.44906190037727356,0.44906190037727356,0.44906190037727356
12377,0.4489336609840393,0.4489336609840393,0.4489336609840393
12378,0.4490607678890228,0.4490607678890228,0.4490607678890228
12380,0.44901609420776367,0.44901609420776367,0.44901609420776367
12386,0.45149126648902893,0.45149126648902893,0.45149126648902893
12389,0.4521140158176422,0.4521140158176422,0.4521140158176422
12391,0.452495813369751,0.452495813369751,0.452495813369751
12392,0.45216962695121765,0.45216962695121765,0.45216962695121765
12395,0.45240187644958496,0.45240187644958496,0.45240187644958496
12397,0.45202428102493286,0.45202428102493286,0.45202428102493286
12400,0.45300841331481934,0.45300841331481934,0.45300841331481934
12402,0.45390915870666504,0.45390915870666504,0.45390915870666504
12403,0.45429086685180664,0.45429086685180664,0.45429086685180664
12411,0.4546140730381012,0.4546140730381012,0.4546140730381012
12413,0.4552032947540283,0.4552032947540283,0.4552032947540283
12415,0.4562153220176697,0.4562153220176697,0.4562153220176697
12417,0.45605674386024475,0.45605674386024475,0.45605674386024475
12418,0.4560854136943817,0.4560854136943817,0.4560854136943817
12419,0.4564676284790039,0.4564676284790039,0.4564676284790039
12421,0.45649755001068115,0.45649755001068115,0.45649755001068115
12422,0.4568280875682831,0.4568280875682831,0.4568280875682831
12424,0.4570387899875641,0.4570387899875641,0.4570387899875641
12427,0.45700982213020325,0.45700982213020325,0.45700982213020325
12428,0.45721355080604553,0.45721355080604553,0.45721355080604553
12429,0.4574800729751587,0.4574800729751587,0.4574800729751587
12430,0.4575277864933014,0.4575277864933014,0.4575277864933014
12433,0.45744648575782776,0.45744648575782776,0.45744648575782776
12435,0.45689722895622253,0.45689722895622253,0.45689722895622253
12437,0.45761772990226746,0.45761772990226746,0.45761772990226746
12443,0.45775917172431946,0.45775917172431946,0.45775917172431946
12444,0.4575353264808655,0.4575353264808655,0.4575353264808655
12447,0.4571470022201538,0.4571470022201538,0.4571470022201538
12448,0.45739686489105225,0.45739686489105225,0.45739686489105225
12450,0.45752808451652527,0.45752808451652527,0.45752808451652527
12451,0.45760464668273926,0.45760464668273926,0.45760464668273926
12452,0.45763397216796875,0.45763397216796875,0.45763397216796875
12453,0.4571877419948578,0.4571877419948578,0.4571877419948578
12454,0.4567383825778961,0.4567383825778961,0.4567383825778961
12456,0.45614442229270935,0.45614442229270935,0.45614442229270935
12458,0.45452380180358887,0.45452380180358887,0.45452380180358887
12460,0.4544687569141388,0.4544687569141388,0.4544687569141388
12462,0.4538918137550354,0.4538918137550354,0.4538918137550354
12466,0.4535830020904541,0.4535830020904541,0.4535830020904541
12467,0.4534647464752197,0.4534647464752197,0.4534647464752197
12470,0.4521961808204651,0.4521961808204651,0.4521961808204651
12471,0.4519460201263428,0.4519460201263428,0.4519460201263428
12472,0.4518881142139435,0.4518881142139435,0.4518881142139435
12475,0.4521616995334625,0.4521616995334625,0.4521616995334625
12477,0.4523467421531677,0.4523467421531677,0.4523467421531677
12479,0.45235389471054077,0.45235389471054077,0.45235389471054077
12480,0.45189645886421204,0.45189645886421204,0.45189645886421204
12482,0.45132389664649963,0.45132389664649963,0.45132389664649963
12484,0.4497295916080475,0.4497295916080475,0.4497295916080475
12485,0.4496951997280121,0.4496951997280121,0.4496951997280121
12487,0.449928879737854,0.449928879737854,0.449928879737854
12488,0.4493493139743805,0.4493493139743805,0.4493493139743805
12489,0.44943273067474365,0.44943273067474365,0.44943273067474365
12491,0.4499172866344452,0.4499172866344452,0.4499172866344452
12498,0.4516995847225189,0.4516995847225189,0.4516995847225189
12499,0.45115023851394653,0.45115023851394653,0.45115023851394653
12502,0.44962024688720703,0.44962024688720703,0.44962024688720703
12503,0.44933751225471497,0.44933751225471497,0.44933751225471497
12505,0.4495220184326172,0.4495220184326172,0.4495220184326172
12509,0.45209193229675293,0.45209193229675293,0.45209193229675293
12512,0.4524736702442169,0.4524736702442169,0.4524736702442169
12514,0.45308053493499756,0.45308053493499756,0.45308053493499756
12515,0.45355361700057983,0.45355361700057983,0.45355361700057983
12517,0.4544031322002411,0.4544031322002411,0.4544031322002411
12524,0.4564151465892792,0.4564151465892792,0.4564151465892792
12525,0.4564365744590759,0.4564365744590759,0.4564365744590759
12526,0.45657971501350403,0.45657971501350403,0.45657971501350403
12527,0.4563296139240265,0.4563296139240265,0.4563296139240265
12533,0.45643991231918335,0.45643991231918335,0.45643991231918335
12535,0.4564158618450165,0.4564158618450165,0.4564158618450165
12540,0.45602959394454956,0.45602959394454956,0.45602959394454956
12543,0.4561989903450012,0.4561989903450012,0.4561989903450012
12544,0.45654112100601196,0.45654112100601196,0.45654112100601196
12547,0.45715200901031494,0.45715200901031494,0.45715200901031494
12549,0.4579455554485321,0.4579455554485321,0.4579455554485321
12550,0.4583001136779785,0.4583001136779785,0.4583001136779785
12551,0.45789721608161926,0.45789721608161926,0.45789721608161926
12560,0.459166944026947,0.459166944026947,0.459166944026947
12561,0.4591263234615326,0.4591263234615326,0.4591263234615326
12563,0.4601229429244995,0.4601229429244995,0.4601229429244995
12565,0.4605615735054016,0.4605615735054016,0.4605615735054016
12567,0.46050113439559937,0.46050113439559937,0.46050113439559937
12570,0.45981505513191223,0.45981505513191223,0.45981505513191223
12571,0.4601328372955322,0.4601328372955322,0.4601328372955322
12573,0.4598284065723419,0.4598284065723419,0.4598284065723419
12574,0.4600246846675873,0.4600246846675873,0.4600246846675873
12575,0.46024590730667114,0.46024590730667114,0.46024590730667114
12576,0.4606457054615021,0.4606457054615021,0.4606457054615021
12579,0.46116146445274353,0.46116146445274353,0.46116146445274353
12580,0.4616852104663849,0.4616852104663849,0.4616852104663849
12582,0.4616217613220215,0.4616217613220215,0.4616217613220215
12585,0.46069616079330444,0.46069616079330444,0.46069616079330444
12586,0.460170179605484,0.460170179605484,0.460170179605484
12587,0.4601626992225647,0.4601626992225647,0.4601626992225647
12591,0.46038728952407837,0.46038728952407837,0.46038728952407837
12592,0.46028053760528564,0.46028053760528564,0.46028053760528564
12593,0.4591600000858307,0.4591600000858307,0.4591600000858307
12595,0.4581562280654907,0.4581562280654907,0.4581562280654907
12599,0.4576883018016815,0.4576883018016815,0.4576883018016815
12601,0.4566422998905182,0.4566422998905182,0.4566422998905182
12602,0.45624202489852905,0.45624202489852905,0.45624202489852905
12603,0.4556179642677307,0.4556179642677307,0.4556179642677307
12606,0.45479440689086914,0.45479440689086914,0.45479440689086914
12607,0.45507073402404785,0.45507073402404785,0.45507073402404785
12609,0.455152690410614,0.455152690410614,0.455152690410614
12610,0.45494455099105835,0.45494455099105835,0.45494455099105835
12616,0.4541659951210022,0.4541659951210022,0.4541659951210022
12617,0.4535786211490631,0.4535786211490631,0.4535786211490631
12620,0.4523162543773651,0.4523162543773651,0.4523162543773651
12622,0.4531417191028595,0.4531417191028595,0.4531417191028595
12623,0.45309996604919434,0.45309996604919434,0.45309996604919434
12626,0.45132941007614136,0.45132941007614136,0.45132941007614136
12628,0.45142146944999695,0.45142146944999695,0.45142146944999695
12631,0.45178869366645813,0.45178869366645813,0.45178869366645813
12632,0.45184803009033203,0.45184803009033203,0.45184803009033203
12633,0.4516368508338928,0.4516368508338928,0.4516368508338928
12635,0.45218992233276367,0.45218992233276367,0.45218992233276367
12639,0.45208868384361267,0.45208868384361267,0.45208868384361267
12640,0.45189279317855835,0.45189279317855835,0.45189279317855835
12642,0.45240315794944763,0.45240315794944763,0.45240315794944763
12643,0.45172807574272156,0.45172807574272156,0.45172807574272156
12644,0.45121023058891296,0.45121023058891296,0.45121023058891296
12645,0.4513002932071686,0.4513002932071686,0.4513002932071686
12649,0.44970813393592834,0.44970813393592834,0.44970813393592834
12651,0.4491904079914093,0.4491904079914093,0.4491904079914093
12652,0.4492435157299042,0.4492435157299042,0.4492435157299042
12653,0.4491800367832184,0.4491800367832184,0.4491800367832184
12655,0.4489841163158417,0.4489841163158417,0.4489841163158417
12656,0.4491193890571594,0.4491193890571594,0.4491193890571594
12657,0.44921204447746277,0.44921204447746277,0.44921204447746277
12658,0.44927799701690674,0.44927799701690674,0.44927799701690674
12660,0.4491367042064667,0.4491367042064667,0.4491367042064667
12661,0.44856223464012146,0.44856223464012146,0.44856223464012146
12663,0.44860175251960754,0.44860175251960754,0.44860175251960754
12667,0.4477593004703522,0.4477593004703522,0.4477593004703522
12669,0.4477340877056122,0.4477340877056122,0.4477340877056122
12670,0.44787755608558655,0.44787755608558655,0.44787755608558655
12672,0.4478514790534973,0.4478514790534973,0.4478514790534973
12674,0.4474976658821106,0.4474976658821106,0.4474976658821106
12676,0.4466703534126282,0.4466703534126282,0.4466703534126282
12684,0.4448357820510864,0.4448357820510864,0.4448357820510864
12686,0.44483649730682373,0.44483649730682373,0.44483649730682373
12687,0.4445316791534424,0.4445316791534424,0.4445316791534424
12690,0.4437744617462158,0.4437744617462158,0.4437744617462158
12694,0.44402649998664856,0.44402649998664856,0.44402649998664856
12696,0.4443141520023346,0.4443141520023346,0.4443141520023346
12700,0.44589921832084656,0.44589921832084656,0.44589921832084656
12703,0.4459473192691803,0.4459473192691803,0.4459473192691803
12705,0.4460790753364563,0.4460790753364563,0.4460790753364563
12708,0.44675225019454956,0.44675225019454956,0.44675225019454956
12711,0.4468134045600891,0.4468134045600891,0.4468134045600891
12713,0.44724544882774353,0.44724544882774353,0.44724544882774353
12714,0.44754359126091003,0.44754359126091003,0.44754359126091003
12717,0.44731736183166504,0.44731736183166504,0.44731736183166504
12719,0.4471893608570099,0.4471893608570099,0.4471893608570099
12720,0.44717156887054443,0.44717156887054443,0.44717156887054443
12721,0.44750794768333435,0.44750794768333435,0.44750794768333435
12723,0.44676750898361206,0.44676750898361206,0.44676750898361206
12725,0.44609561562538147,0.44609561562538147,0.44609561562538147
12726,0.44594913721084595,0.44594913721084595,0.44594913721084595
12728,0.44604557752609253,0.44604557752609253,0.44604557752609253
12730,0.4458901286125183,0.4458901286125183,0.4458901286125183
12731,0.4460914433002472,0.4460914433002472,0.4460914433002472
12732,0.4463297128677368,0.4463297128677368,0.4463297128677368
12733,0.4466167688369751,0.4466167688369751,0.4466167688369751
12734,0.44662657380104065,0.44662657380104065,0.44662657380104065
12735,0.44666317105293274,0.44666317105293274,0.44666317105293274
12736,0.4467487633228302,0.4467487633228302,0.4467487633228302
12737,0.44677862524986267,0.44677862524986267,0.44677862524986267
12739,0.44605332612991333,0.44605332612991333,0.44605332612991333
12743,0.44642525911331177,0.44642525911331177,0.44642525911331177
12744,0.4462972581386566,0.4462972581386566,0.4462972581386566
12745,0.4466005265712738,0.4466005265712738,0.4466005265712738
12747,0.44655826687812805,0.44655826687812805,0.44655826687812805
12749,0.4473622143268585,0.4473622143268585,0.4473622143268585
12750,0.44751137495040894,0.44751137495040894,0.44751137495040894
12751,0.4478937089443207,0.4478937089443207,0.4478937089443207
12753,0.4481513202190399,0.4481513202190399,0.4481513202190399
12754,0.44842520356178284,0.44842520356178284,0.44842520356178284
12756,0.4486173391342163,0.4486173391342163,0.4486173391342163
12757,0.44865652918815613,0.44865652918815613,0.44865652918815613
12758,0.44871464371681213,0.44871464371681213,0.44871464371681213
12759,0.44884249567985535,0.44884249567985535,0.44884249567985535
12762,0.4483948051929474,0.4483948051929474,0.4483948051929474
12765,0.44743141531944275,0.44743141531944275,0.44743141531944275
12766,0.4474852383136749,0.4474852383136749,0.4474852383136749
12767,0.4475909173488617,0.4475909173488617,0.4475909173488617
12768,0.44806626439094543,0.44806626439094543,0.44806626439094543
12770,0.448142945766449,0.448142945766449,0.448142945766449
12772,0.4489228427410126,0.4489228427410126,0.4489228427410126
12773,0.44899144768714905,0.44899144768714905,0.44899144768714905
12778,0.44988688826560974,0.44988688826560974,0.44988688826560974
12780,0.449504554271698,0.449504554271698,0.449504554271698
12783,0.45054689049720764,0.45054689049720764,0.45054689049720764
12786,0.4500395953655243,0.4500395953655243,0.4500395953655243
12790,0.4511106312274933,0.4511106312274933,0.4511106312274933
12791,0.4510079324245453,0.4510079324245453,0.4510079324245453
12793,0.45061761140823364,0.45061761140823364,0.45061761140823364
12794,0.45073822140693665,0.45073822140693665,0.45073822140693665
12795,0.4511664807796478,0.4511664807796478,0.4511664807796478
12798,0.451132595539093,0.451132595539093,0.451132595539093
12800,0.45135918259620667,0.45135918259620667,0.45135918259620667
12802,0.4508972764015198,0.4508972764015198,0.4508972764015198
12803,0.45072415471076965,0.45072415471076965,0.45072415471076965
12806,0.4503548741340637,0.4503548741340637,0.4503548741340637
12807,0.4503229558467865,0.4503229558467865,0.4503229558467865
12809,0.45036110281944275,0.45036110281944275,0.45036110281944275
12810,0.4504167437553406,0.4504167437553406,0.4504167437553406
12812,0.4506981670856476,0.4506981670856476,0.4506981670856476
12815,0.44971227645874023,0.44971227645874023,0.44971227645874023
12816,0.4499894678592682,0.4499894678592682,0.4499894678592682
12817,0.4499504864215851,0.4499504864215851,0.4499504864215851
12819,0.449188232421875,0.449188232421875,0.449188232421875
12820,0.449319452047348,0.449319452047348,0.449319452047348
12821,0.4494885802268982,0.4494885802268982,0.4494885802268982
12822,0.44939905405044556,0.44939905405044556,0.44939905405044556
12826,0.4487837255001068,0.4487837255001068,0.4487837255001068
12829,0.4479126036167145,0.4479126036167145,0.4479126036167145
12831,0.44750967621803284,0.44750967621803284,0.44750967621803284
12833,0.44742777943611145,0.44742777943611145,0.44742777943611145
12834,0.44711244106292725,0.44711244106292725,0.44711244106292725
12838,0.44684696197509766,0.44684696197509766,0.44684696197509766
12842,0.44863665103912354,0.44863665103912354,0.44863665103912354
12844,0.4488895535469055,0.4488895535469055,0.4488895535469055
12845,0.449054479598999,0.449054479598999,0.449054479598999
12848,0.45063984394073486,0.45063984394073486,0.45063984394073486
12849,0.45093291997909546,0.45093291997909546,0.45093291997909546
12850,0.4512873589992523,0.4512873589992523,0.4512873589992523
12851,0.45167481899261475,0.45167481899261475,0.45167481899261475
12858,0.45116034150123596,0.45116034150123596,0.45116034150123596
12863,0.45057550072669983,0.45057550072669983,0.45057550072669983
12865,0.45113030076026917,0.45113030076026917,0.45113030076026917
12867,0.4505496621131897,0.4505496621131897,0.4505496621131897
12870,0.4509430527687073,0.4509430527687073,0.4509430527687073
12871,0.45121636986732483,0.45121636986732483,0.45121636986732483
12874,0.4509761929512024,0.4509761929512024,0.4509761929512024
12877,0.4497701823711395,0.4497701823711395,0.4497701823711395
12880,0.4492442309856415,0.4492442309856415,0.4492442309856415
12881,0.44915199279785156,0.44915199279785156,0.44915199279785156
12882,0.4496358335018158,0.4496358335018158,0.4496358335018158
12883,0.44973301887512207,0.44973301887512207,0.44973301887512207
12885,0.4489021599292755,0.4489021599292755,0.4489021599292755
12886,0.4491538107395172,0.4491538107395172,0.4491538107395172
12888,0.4498649835586548,0.4498649835586548,0.4498649835586548
12889,0.4495987594127655,0.4495987594127655,0.4495987594127655
12894,0.4494023323059082,0.4494023323059082,0.4494023323059082
12895,0.44978147745132446,0.44978147745132446,0.44978147745132446
12896,0.4497665464878082,0.4497665464878082,0.4497665464878082
12898,0.45006459951400757,0.45006459951400757,0.45006459951400757
12904,0.4485623836517334,0.4485623836517334,0.4485623836517334
12908,0.44808027148246765,0.44808027148246765,0.44808027148246765
12918,0.4466509222984314,0.4466509222984314,0.4466509222984314
12921,0.44687408208847046,0.44687408208847046,0.44687408208847046
12923,0.4472593069076538,0.4472593069076538,0.4472593069076538
12924,0.44712406396865845,0.44712406396865845,0.44712406396865845
12925,0.4468004107475281,0.4468004107475281,0.4468004107475281
12929,0.44669511914253235,0.44669511914253235,0.44669511914253235
12930,0.4465128481388092,0.4465128481388092,0.4465128481388092
12931,0.4463074207305908,0.4463074207305908,0.4463074207305908
12932,0.44594302773475647,0.44594302773475647,0.44594302773475647
12934,0.44621819257736206,0.44621819257736206,0.44621819257736206
12935,0.44594085216522217,0.44594085216522217,0.44594085216522217
12937,0.44600120186805725,0.44600120186805725,0.44600120186805725
12940,0.4463743567466736,0.4463743567466736,0.4463743567466736
12941,0.4466703236103058,0.4466703236103058,0.4466703236103058
12942,0.4466467797756195,0.4466467797756195,0.4466467797756195
12945,0.4471580982208252,0.4471580982208252,0.4471580982208252
12949,0.44608479738235474,0.44608479738235474,0.44608479738235474
12950,0.4460172951221466,0.4460172951221466,0.4460172951221466
12951,0.44628989696502686,0.44628989696502686,0.44628989696502686
12954,0.4468405842781067,0.4468405842781067,0.4468405842781067
12956,0.44698095321655273,0.44698095321655273,0.44698095321655273
12957,0.4467906951904297,0.4467906951904297,0.4467906951904297
12958,0.44705265760421753,0.44705265760421753,0.44705265760421753
12960,0.44752809405326843,0.44752809405326843,0.44752809405326843
12966,0.44489920139312744,0.44489920139312744,0.44489920139312744
12967,0.4446314871311188,0.4446314871311188,0.4446314871311188
12968,0.4444431662559509,0.4444431662559509,0.4444431662559509
12970,0.44415637850761414,0.44415637850761414,0.44415637850761414
12971,0.4441831111907959,0.4441831111907959,0.4441831111907959
12972,0.4443436861038208,0.4443436861038208,0.4443436861038208
12973,0.4448711574077606,0.4448711574077606,0.4448711574077606
12976,0.445864737033844,0.445864737033844,0.445864737033844
12982,0.44590798020362854,0.44590798020362854,0.44590798020362854
12985,0.44674214720726013,0.44674214720726013,0.44674214720726013
12988,0.44571349024772644,0.44571349024772644,0.44571349024772644
12990,0.44572925567626953,0.44572925567626953,0.44572925567626953
12991,0.4460371434688568,0.4460371434688568,0.4460371434688568
12993,0.4455772638320923,0.4455772638320923,0.4455772638320923
12994,0.4455948770046234,0.4455948770046234,0.4455948770046234
12997,0.445389986038208,0.445389986038208,0.445389986038208
12998,0.44497615098953247,0.44497615098953247,0.44497615098953247
12999,0.44470638036727905,0.44470638036727905,0.44470638036727905
13002,0.4445689916610718,0.4445689916610718,0.4445689916610718
13004,0.4439670741558075,0.4439670741558075,0.4439670741558075
13005,0.44352060556411743,0.44352060556411743,0.44352060556411743
13010,0.4428941309452057,0.4428941309452057,0.4428941309452057
13011,0.4429418742656708,0.4429418742656708,0.4429418742656708
13012,0.44262993335723877,0.44262993335723877,0.44262993335723877
13013,0.4424503445625305,0.4424503445625305,0.4424503445625305
13015,0.4422016739845276,0.4422016739845276,0.4422016739845276
13016,0.44268518686294556,0.44268518686294556,0.44268518686294556
13019,0.4445183575153351,0.4445183575153351,0.4445183575153351
13020,0.44551944732666016,0.44551944732666016,0.44551944732666016
13021,0.4460827708244324,0.4460827708244324,0.4460827708244324
13022,0.44618645310401917,0.44618645310401917,0.44618645310401917
13025,0.44465380907058716,0.44465380907058716,0.44465380907058716
13026,0.4441303610801697,0.4441303610801697,0.4441303610801697
13028,0.4434314966201782,0.4434314966201782,0.4434314966201782
13029,0.44368016719818115,0.44368016719818115,0.44368016719818115
13031,0.4436415433883667,0.4436415433883667,0.4436415433883667
13032,0.4435066878795624,0.4435066878795624,0.4435066878795624
13035,0.44379839301109314,0.44379839301109314,0.44379839301109314
13036,0.44359877705574036,0.44359877705574036,0.44359877705574036
13039,0.44356921315193176,0.44356921315193176,0.44356921315193176
13040,0.4440211057662964,0.4440211057662964,0.4440211057662964
13042,0.44365230202674866,0.44365230202674866,0.44365230202674866
13043,0.44387394189834595,0.44387394189834595,0.44387394189834595
13045,0.4446318745613098,0.4446318745613098,0.4446318745613098
13046,0.4449804425239563,0.4449804425239563,0.4449804425239563
13047,0.44517749547958374,0.44517749547958374,0.44517749547958374
13048,0.4455684721469879,0.4455684721469879,0.4455684721469879
13050,0.4459277391433716,0.4459277391433716,0.4459277391433716
13051,0.44581741094589233,0.44581741094589233,0.44581741094589233
13052,0.44603270292282104,0.44603270292282104,0.44603270292282104
13053,0.4458802044391632,0.4458802044391632,0.4458802044391632
13054,0.44592511653900146,0.44592511653900146,0.44592511653900146
13055,0.4461941421031952,0.4461941421031952,0.4461941421031952
13057,0.44651368260383606,0.44651368260383606,0.44651368260383606
13059,0.44597285985946655,0.44597285985946655,0.44597285985946655
13061,0.44645795226097107,0.44645795226097107,0.44645795226097107
13062,0.44637808203697205,0.44637808203697205,0.44637808203697205
13066,0.445995032787323,0.445995032787323,0.445995032787323
13068,0.44642752408981323,0.44642752408981323,0.44642752408981323
13069,0.44650861620903015,0.44650861620903015,0.44650861620903015
13071,0.4460409879684448,0.4460409879684448,0.4460409879684448
13072,0.44592925906181335,0.44592925906181335,0.44592925906181335
13073,0.44613006711006165,0.44613006711006165,0.44613006711006165
13074,0.4466903805732727,0.4466903805732727,0.4466903805732727
13078,0.4475747346878052,0.4475747346878052,0.4475747346878052
13082,0.44727906584739685,0.44727906584739685,0.44727906584739685
13084,0.44766372442245483,0.44766372442245483,0.44766372442245483
13085,0.44762155413627625,0.44762155413627625,0.44762155413627625
13090,0.4469253420829773,0.4469253420829773,0.4469253420829773
13091,0.4468630254268646,0.4468630254268646,0.4468630254268646
13092,0.44708606600761414,0.44708606600761414,0.44708606600761414
13093,0.4468333125114441,0.4468333125114441,0.4468333125114441
13097,0.4464089870452881,0.4464089870452881,0.4464089870452881
13098,0.4465112090110779,0.4465112090110779,0.4465112090110779
13099,0.44633498787879944,0.44633498787879944,0.44633498787879944
13101,0.4458463191986084,0.4458463191986084,0.4458463191986084
13102,0.44498953223228455,0.44498953223228455,0.44498953223228455
13105,0.4447728991508484,0.4447728991508484,0.4447728991508484
13107,0.4457191228866577,0.4457191228866577,0.4457191228866577
13109,0.4465859830379486,0.4465859830379486,0.4465859830379486
13110,0.446882426738739,0.446882426738739,0.446882426738739
13111,0.44660305976867676,0.44660305976867676,0.44660305976867676
13112,0.4459731876850128,0.4459731876850128,0.4459731876850128
13114,0.446268767118454,0.446268767118454,0.446268767118454
13116,0.44566646218299866,0.44566646218299866,0.44566646218299866
13117,0.44563356041908264,0.44563356041908264,0.44563356041908264
13121,0.44310763478279114,0.44310763478279114,0.44310763478279114
13128,0.44405651092529297,0.44405651092529297,0.44405651092529297
13129,0.44430986046791077,0.44430986046791077,0.44430986046791077
13130,0.4438513517379761,0.4438513517379761,0.4438513517379761
13132,0.4429340660572052,0.4429340660572052,0.4429340660572052
13135,0.44228944182395935,0.44228944182395935,0.44228944182395935
13137,0.44266432523727417,0.44266432523727417,0.44266432523727417
13139,0.4423811137676239,0.4423811137676239,0.4423811137676239
13142,0.4423934817314148,0.4423934817314148,0.4423934817314148
13143,0.44210195541381836,0.44210195541381836,0.44210195541381836
13144,0.4414938688278198,0.4414938688278198,0.4414938688278198
13145,0.44104310870170593,0.44104310870170593,0.44104310870170593
13146,0.4409281611442566,0.4409281611442566,0.4409281611442566
13150,0.43955546617507935,0.43955546617507935,0.43955546617507935
13151,0.4396345019340515,0.4396345019340515,0.4396345019340515
13152,0.4397636353969574,0.4397636353969574,0.4397636353969574
13153,0.44007211923599243,0.44007211923599243,0.44007211923599243
13156,0.44131627678871155,0.44131627678871155,0.44131627678871155
13157,0.44176381826400757,0.44176381826400757,0.44176381826400757
13158,0.4420623481273651,0.4420623481273651,0.4420623481273651
13159,0.44236674904823303,0.44236674904823303,0.44236674904823303
13161,0.4417000114917755,0.4417000114917755,0.4417000114917755
13162,0.44181495904922485,0.44181495904922485,0.44181495904922485
13163,0.44146889448165894,0.44146889448165894,0.44146889448165894
13164,0.44103729724884033,0.44103729724884033,0.44103729724884033
13167,0.44102680683135986,0.44102680683135986,0.44102680683135986
13171,0.4404425024986267,0.4404425024986267,0.4404425024986267
13173,0.4401271343231201,0.4401271343231201,0.4401271343231201
13174,0.4403284788131714,0.4403284788131714,0.4403284788131714
13175,0.4400138556957245,0.4400138556957245,0.4400138556957245
13177,0.439956396818161,0.439956396818161,0.439956396818161
13178,0.4396895468235016,0.4396895468235016,0.4396895468235016
13180,0.43990272283554077,0.43990272283554077,0.43990272283554077
13182,0.4407387375831604,0.4407387375831604,0.4407387375831604
13183,0.44089439511299133,0.44089439511299133,0.44089439511299133
13185,0.4402845501899719,0.4402845501899719,0.4402845501899719
13186,0.44072943925857544,0.44072943925857544,0.44072943925857544
13187,0.44131898880004883,0.44131898880004883,0.44131898880004883
13191,0.44235309958457947,0.44235309958457947,0.44235309958457947
13193,0.44272682070732117,0.44272682070732117,0.44272682070732117
13195,0.4425012767314911,0.4425012767314911,0.4425012767314911
13199,0.44292670488357544,0.44292670488357544,0.44292670488357544
13200,0.44303467869758606,0.44303467869758606,0.44303467869758606
13201,0.44295766949653625,0.44295766949653625,0.44295766949653625
13202,0.4425758421421051,0.4425758421421051,0.4425758421421051
13203,0.44269251823425293,0.44269251823425293,0.44269251823425293
13204,0.4428826868534088,0.4428826868534088,0.4428826868534088
13205,0.4429216682910919,0.4429216682910919,0.4429216682910919
13207,0.4433075189590454,0.4433075189590454,0.4433075189590454
13209,0.44412776827812195,0.44412776827812195,0.44412776827812195
13210,0.4443517327308655,0.4443517327308655,0.4443517327308655
13212,0.44366690516471863,0.44366690516471863,0.44366690516471863
13215,0.44131800532341003,0.44131800532341003,0.44131800532341003
13216,0.44082146883010864,0.44082146883010864,0.44082146883010864
13219,0.44026973843574524,0.44026973843574524,0.44026973843574524
13223,0.44066157937049866,0.44066157937049866,0.44066157937049866
13224,0.4407413899898529,0.4407413899898529,0.4407413899898529
13225,0.44038310647010803,0.44038310647010803,0.44038310647010803
13230,0.4399663507938385,0.4399663507938385,0.4399663507938385
13232,0.4405573010444641,0.4405573010444641,0.4405573010444641
13233,0.4409891963005066,0.4409891963005066,0.4409891963005066
13237,0.4421359896659851,0.4421359896659851,0.4421359896659851
13238,0.4419987201690674,0.4419987201690674,0.4419987201690674
13239,0.4419264495372772,0.4419264495372772,0.4419264495372772
13242,0.44239458441734314,0.44239458441734314,0.44239458441734314
13245,0.4439794421195984,0.4439794421195984,0.4439794421195984
13246,0.4441412389278412,0.4441412389278412,0.4441412389278412
13248,0.4442431926727295,0.4442431926727295,0.4442431926727295
13251,0.4443213641643524,0.4443213641643524,0.4443213641643524
13253,0.4440496265888214,0.4440496265888214,0.4440496265888214
13254,0.4431687593460083,0.4431687593460083,0.4431687593460083
13258,0.4428122639656067,0.4428122639656067,0.4428122639656067
13259,0.4425455927848816,0.4425455927848816,0.4425455927848816
13261,0.44251731038093567,0.44251731038093567,0.44251731038093567
13262,0.4420185089111328,0.4420185089111328,0.4420185089111328
13264,0.4420430064201355,0.4420430064201355,0.4420430064201355
13265,0.44137173891067505,0.44137173891067505,0.44137173891067505
13266,0.4414568841457367,0.4414568841457367,0.4414568841457367
13268,0.4410344660282135,0.4410344660282135,0.4410344660282135
13269,0.4412393569946289,0.4412393569946289,0.4412393569946289
13270,0.44129589200019836,0.44129589200019836,0.44129589200019836
13274,0.4408056437969208,0.4408056437969208,0.4408056437969208
13275,0.4402047395706177,0.4402047395706177,0.4402047395706177
13278,0.4400549829006195,0.4400549829006195,0.4400549829006195
13279,0.4397621750831604,0.4397621750831604,0.4397621750831604
13281,0.439062237739563,0.439062237739563,0.439062237739563
13284,0.4386524558067322,0.4386524558067322,0.4386524558067322
13289,0.43829435110092163,0.43829435110092163,0.43829435110092163
13290,0.43791401386260986,0.43791401386260986,0.43791401386260986
13291,0.43783897161483765,0.43783897161483765,0.43783897161483765
13292,0.4379303455352783,0.4379303455352783,0.4379303455352783
13294,0.43790704011917114,0.43790704011917114,0.43790704011917114
13296,0.43728911876678467,0.43728911876678467,0.43728911876678467
13298,0.4377332627773285,0.4377332627773285,0.4377332627773285
13299,0.43753185868263245,0.43753185868263245,0.43753185868263245
13300,0.43768367171287537,0.43768367171287537,0.43768367171287537
13303,0.4385601878166199,0.4385601878166199,0.4385601878166199
13304,0.43881362676620483,0.43881362676620483,0.43881362676620483
13305,0.43922948837280273,0.43922948837280273,0.43922948837280273
13306,0.4394051730632782,0.4394051730632782,0.4394051730632782
13307,0.43947067856788635,0.43947067856788635,0.43947067856788635
13308,0.4392075538635254,0.4392075538635254,0.4392075538635254
13310,0.4395682215690613,0.4395682215690613,0.4395682215690613
13311,0.439442902803421,0.439442902803421,0.439442902803421
13312,0.43931716680526733,0.43931716680526733,0.43931716680526733
13316,0.4393782615661621,0.4393782615661621,0.4393782615661621
13318,0.4390336573123932,0.4390336573123932,0.4390336573123932
13319,0.43904057145118713,0.43904057145118713,0.43904057145118713
13321,0.43969595432281494,0.43969595432281494,0.43969595432281494
13322,0.43996110558509827,0.43996110558509827,0.43996110558509827
13324,0.4401424825191498,0.4401424825191498,0.4401424825191498
13325,0.44036993384361267,0.44036993384361267,0.44036993384361267
13327,0.44033265113830566,0.44033265113830566,0.44033265113830566
13329,0.44093719124794006,0.44093719124794006,0.44093719124794006
13331,0.44078385829925537,0.44078385829925537,0.44078385829925537
13333,0.440011590719223,0.440011590719223,0.440011590719223
13336,0.4414060115814209,0.4414060115814209,0.4414060115814209
13337,0.44166308641433716,0.44166308641433716,0.44166308641433716
13338,0.4422011375427246,0.4422011375427246,0.4422011375427246
13339,0.44271403551101685,0.44271403551101685,0.44271403551101685
13341,0.4422845244407654,0.4422845244407654,0.4422845244407654
13342,0.4418223798274994,0.4418223798274994,0.4418223798274994
13344,0.4414970278739929,0.4414970278739929,0.4414970278739929
13345,0.4412785768508911,0.4412785768508911,0.4412785768508911
13346,0.4415968358516693,0.4415968358516693,0.4415968358516693
13348,0.44143998622894287,0.44143998622894287,0.44143998622894287
13349,0.44141891598701477,0.44141891598701477,0.44141891598701477
13350,0.44125697016716003,0.44125697016716003,0.44125697016716003
13353,0.4418485760688782,0.4418485760688782,0.4418485760688782
13355,0.4412387013435364,0.4412387013435364,0.4412387013435364
13358,0.44089555740356445,0.44089555740356445,0.44089555740356445
13360,0.44095543026924133,0.44095543026924133,0.44095543026924133
13362,0.4405412971973419,0.4405412971973419,0.4405412971973419
13363,0.43983614444732666,0.43983614444732666,0.43983614444732666
13366,0.4399575889110565,0.4399575889110565,0.4399575889110565
13368,0.4408376216888428,0.4408376216888428,0.4408376216888428
13369,0.44162672758102417,0.44162672758102417,0.44162672758102417
13370,0.44199687242507935,0.44199687242507935,0.44199687242507935
13371,0.4422248601913452,0.4422248601913452,0.4422248601913452
13372,0.44275617599487305,0.44275617599487305,0.44275617599487305
13374,0.44304409623146057,0.44304409623146057,0.44304409623146057
13376,0.4430718719959259,0.4430718719959259,0.4430718719959259
13377,0.4425375163555145,0.4425375163555145,0.4425375163555145
13380,0.44181060791015625,0.44181060791015625,0.44181060791015625
13382,0.4421617090702057,0.4421617090702057,0.4421617090702057
13385,0.4426529109477997,0.4426529109477997,0.4426529109477997
13387,0.44296908378601074,0.44296908378601074,0.44296908378601074
13389,0.4427115023136139,0.4427115023136139,0.4427115023136139
13390,0.4432384967803955,0.4432384967803955,0.4432384967803955
13394,0.4435352683067322,0.4435352683067322,0.4435352683067322
13395,0.443021684885025,0.443021684885025,0.443021684885025
13399,0.4432753920555115,0.4432753920555115,0.4432753920555115
13400,0.4435519576072693,0.4435519576072693,0.4435519576072693
13401,0.4437450170516968,0.4437450170516968,0.4437450170516968
13403,0.44364526867866516,0.44364526867866516,0.44364526867866516
13406,0.4435952603816986,0.4435952603816986,0.4435952603816986
13411,0.4443022906780243,0.4443022906780243,0.4443022906780243
13418,0.4435690939426422,0.4435690939426422,0.4435690939426422
13420,0.44375213980674744,0.44375213980674744,0.44375213980674744
13422,0.4437549114227295,0.4437549114227295,0.4437549114227295
13423,0.4438245892524719,0.4438245892524719,0.4438245892524719
13426,0.4444434642791748,0.4444434642791748,0.4444434642791748
13430,0.44277873635292053,0.44277873635292053,0.44277873635292053
13434,0.4423484802246094,0.4423484802246094,0.4423484802246094
13435,0.4422548711299896,0.4422548711299896,0.4422548711299896
13438,0.44344455003738403,0.44344455003738403,0.44344455003738403
13439,0.44351646304130554,0.44351646304130554,0.44351646304130554
13440,0.44359147548675537,0.44359147548675537,0.44359147548675537
13441,0.443440318107605,0.443440318107605,0.443440318107605
13444,0.44149306416511536,0.44149306416511536,0.44149306416511536
13445,0.44193074107170105,0.44193074107170105,0.44193074107170105
13447,0.4423600137233734,0.4423600137233734,0.4423600137233734
13449,0.4421756863594055,0.4421756863594055,0.4421756863594055
13453,0.4429074227809906,0.4429074227809906,0.4429074227809906
13454,0.44347110390663147,0.44347110390663147,0.44347110390663147
13456,0.442423015832901,0.442423015832901,0.442423015832901
13457,0.44195571541786194,0.44195571541786194,0.44195571541786194
13459,0.44196805357933044,0.44196805357933044,0.44196805357933044
13460,0.4420726001262665,0.4420726001262665,0.4420726001262665
13462,0.44215571880340576,0.44215571880340576,0.44215571880340576
13463,0.4416483938694,0.4416483938694,0.4416483938694
13464,0.4410543143749237,0.4410543143749237,0.4410543143749237
13466,0.44142234325408936,0.44142234325408936,0.44142234325408936
13468,0.44186362624168396,0.44186362624168396,0.44186362624168396
13469,0.4420146942138672,0.4420146942138672,0.4420146942138672
13470,0.44213351607322693,0.44213351607322693,0.44213351607322693
13473,0.4423404335975647,0.4423404335975647,0.4423404335975647
13474,0.4415200650691986,0.4415200650691986,0.4415200650691986
13476,0.4404897689819336,0.4404897689819336,0.4404897689819336
13477,0.4404117465019226,0.4404117465019226,0.4404117465019226
13478,0.44070929288864136,0.44070929288864136,0.44070929288864136
13480,0.44079700112342834,0.44079700112342834,0.44079700112342834
13481,0.4403798282146454,0.4403798282146454,0.4403798282146454
13482,0.4398520588874817,0.4398520588874817,0.4398520588874817
13484,0.43969929218292236,0.43969929218292236,0.43969929218292236
13486,0.43979308009147644,0.43979308009147644,0.43979308009147644
13488,0.439920037984848,0.439920037984848,0.439920037984848
13489,0.4397197961807251,0.4397197961807251,0.4397197961807251
13490,0.4395037293434143,0.4395037293434143,0.4395037293434143
13491,0.4395833909511566,0.4395833909511566,0.4395833909511566
13494,0.4394163489341736,0.4394163489341736,0.4394163489341736
13497,0.4382553994655609,0.4382553994655609,0.4382553994655609
13499,0.4380851686000824,0.4380851686000824,0.4380851686000824
13501,0.4379183351993561,0.4379183351993561,0.4379183351993561
13502,0.4380831718444824,0.4380831718444824,0.4380831718444824
13505,0.4388733506202698,0.4388733506202698,0.4388733506202698
13507,0.4389711022377014,0.4389711022377014,0.4389711022377014
13508,0.4390990436077118,0.4390990436077118,0.4390990436077118
13511,0.4390471875667572,0.4390471875667572,0.4390471875667572
13512,0.43877747654914856,0.43877747654914856,0.43877747654914856
13513,0.4390798509120941,0.4390798509120941,0.4390798509120941
13514,0.4395119249820709,0.4395119249820709,0.4395119249820709
13515,0.439081072807312,0.439081072807312,0.439081072807312
13517,0.4398186504840851,0.4398186504840851,0.4398186504840851
13518,0.44039398431777954,0.44039398431777954,0.44039398431777954
13519,0.44043615460395813,0.44043615460395813,0.44043615460395813
13520,0.4409089982509613,0.4409089982509613,0.4409089982509613
13523,0.4418809711933136,0.4418809711933136,0.4418809711933136
13526,0.4421940743923187,0.4421940743923187,0.4421940743923187
13527,0.4424390196800232,0.4424390196800232,0.4424390196800232
13529,0.4429163932800293,0.4429163932800293,0.4429163932800293
13532,0.4427894055843353,0.4427894055843353,0.4427894055843353
13533,0.44262537360191345,0.44262537360191345,0.44262537360191345
13537,0.44166406989097595,0.44166406989097595,0.44166406989097595
13538,0.4416986107826233,0.4416986107826233,0.4416986107826233
13539,0.44197967648506165,0.44197967648506165,0.44197967648506165
13540,0.44258028268814087,0.44258028268814087,0.44258028268814087
13543,0.4420265257358551,0.4420265257358551,0.4420265257358551
13545,0.4417917728424072,0.4417917728424072,0.4417917728424072
13547,0.44206517934799194,0.44206517934799194,0.44206517934799194
13548,0.4423464238643646,0.4423464238643646,0.4423464238643646
13551,0.4440631866455078,0.4440631866455078,0.4440631866455078
13552,0.444175660610199,0.444175660610199,0.444175660610199
13553,0.44439274072647095,0.44439274072647095,0.44439274072647095
13554,0.4441503882408142,0.4441503882408142,0.4441503882408142
13555,0.4438309371471405,0.4438309371471405,0.4438309371471405
13557,0.44393453001976013,0.44393453001976013,0.44393453001976013
13558,0.44459497928619385,0.44459497928619385,0.44459497928619385
13559,0.4449492394924164,0.4449492394924164,0.4449492394924164
13560,0.4450094997882843,0.4450094997882843,0.4450094997882843
13561,0.4448068141937256,0.4448068141937256,0.4448068141937256
13563,0.4443052113056183,0.4443052113056183,0.4443052113056183
13564,0.44487980008125305,0.44487980008125305,0.44487980008125305
13565,0.44577333331108093,0.44577333331108093,0.44577333331108093
13567,0.4466686248779297,0.4466686248779297,0.4466686248779297
13569,0.4467719495296478,0.4467719495296478,0.4467719495296478
13570,0.44656452536582947,0.44656452536582947,0.44656452536582947
13571,0.4463309049606323,0.4463309049606323,0.4463309049606323
13574,0.4457094967365265,0.4457094967365265,0.4457094967365265
13575,0.44476673007011414,0.44476673007011414,0.44476673007011414
13576,0.4444188177585602,0.4444188177585602,0.4444188177585602
13577,0.44455742835998535,0.44455742835998535,0.44455742835998535
13578,0.44510790705680847,0.44510790705680847,0.44510790705680847
13580,0.4457542896270752,0.4457542896270752,0.4457542896270752
13582,0.44657397270202637,0.44657397270202637,0.44657397270202637
13587,0.44790518283843994,0.44790518283843994,0.44790518283843994
13588,0.4472111463546753,0.4472111463546753,0.4472111463546753
13589,0.4465063214302063,0.4465063214302063,0.4465063214302063
13590,0.44628623127937317,0.44628623127937317,0.44628623127937317
13591,0.4457395374774933,0.4457395374774933,0.4457395374774933
13594,0.4456388056278229,0.4456388056278229,0.4456388056278229
13597,0.44520843029022217,0.44520843029022217,0.44520843029022217
13598,0.4456811249256134,0.4456811249256134,0.4456811249256134
13600,0.44585469365119934,0.44585469365119934,0.44585469365119934
13604,0.44541242718696594,0.44541242718696594,0.44541242718696594
13605,0.4454040825366974,0.4454040825366974,0.4454040825366974
13607,0.4452184736728668,0.4452184736728668,0.4452184736728668
13609,0.44456180930137634,0.44456180930137634,0.44456180930137634
13610,0.444135844707489,0.444135844707489,0.444135844707489
13611,0.4438460171222687,0.4438460171222687,0.4438460171222687
13615,0.4447498023509979,0.4447498023509979,0.4447498023509979
13617,0.44515857100486755,0.44515857100486755,0.44515857100486755
13618,0.4450991451740265,0.4450991451740265,0.4450991451740265
13619,0.4453800320625305,0.4453800320625305,0.4453800320625305
13620,0.44541704654693604,0.44541704654693604,0.44541704654693604
13621,0.44458848237991333,0.44458848237991333,0.44458848237991333
13624,0.44484904408454895,0.44484904408454895,0.44484904408454895
13625,0.44498831033706665,0.44498831033706665,0.44498831033706665
13627,0.44466546177864075,0.44466546177864075,0.44466546177864075
13628,0.4448389708995819,0.4448389708995819,0.4448389708995819
13629,0.4448738992214203,0.4448738992214203,0.4448738992214203
13630,0.4452454745769501,0.4452454745769501,0.4452454745769501
13631,0.44508644938468933,0.44508644938468933,0.44508644938468933
13632,0.44410595297813416,0.44410595297813416,0.44410595297813416
13635,0.44373971223831177,0.44373971223831177,0.44373971223831177
13636,0.44425615668296814,0.44425615668296814,0.44425615668296814
13637,0.4440915286540985,0.4440915286540985,0.4440915286540985
13638,0.4439687132835388,0.4439687132835388,0.4439687132835388
13640,0.44316941499710083,0.44316941499710083,0.44316941499710083
13644,0.4428670406341553,0.4428670406341553,0.4428670406341553
13647,0.4416412115097046,0.4416412115097046,0.4416412115097046
13648,0.4412662386894226,0.4412662386894226,0.4412662386894226
13651,0.44138088822364807,0.44138088822364807,0.44138088822364807
13652,0.440620094537735,0.440620094537735,0.440620094537735
13658,0.4398476779460907,0.4398476779460907,0.4398476779460907
13659,0.4395408630371094,0.4395408630371094,0.4395408630371094
13660,0.4396611154079437,0.4396611154079437,0.4396611154079437
13662,0.4390828013420105,0.4390828013420105,0.4390828013420105
13663,0.4393477439880371,0.4393477439880371,0.4393477439880371
13664,0.4397341310977936,0.4397341310977936,0.4397341310977936
13666,0.4397115409374237,0.4397115409374237,0.4397115409374237
13667,0.4401363134384155,0.4401363134384155,0.4401363134384155
13668,0.440464586019516,0.440464586019516,0.440464586019516
13670,0.4413142502307892,0.4413142502307892,0.4413142502307892
13671,0.4416482448577881,0.4416482448577881,0.4416482448577881
13673,0.44132983684539795,0.44132983684539795,0.44132983684539795
13675,0.44123923778533936,0.44123923778533936,0.44123923778533936
13676,0.44128668308258057,0.44128668308258057,0.44128668308258057
13678,0.4414425790309906,0.4414425790309906,0.4414425790309906
13681,0.44175469875335693,0.44175469875335693,0.44175469875335693
13684,0.441390722990036,0.441390722990036,0.441390722990036
13689,0.44234219193458557,0.44234219193458557,0.44234219193458557
13690,0.4426147937774658,0.4426147937774658,0.4426147937774658
13693,0.44271644949913025,0.44271644949913025,0.44271644949913025
13696,0.4433596134185791,0.4433596134185791,0.4433596134185791
13698,0.44358277320861816,0.44358277320861816,0.44358277320861816
13699,0.4439181983470917,0.4439181983470917,0.4439181983470917
13703,0.4437536299228668,0.4437536299228668,0.4437536299228668
13704,0.44368550181388855,0.44368550181388855,0.44368550181388855
13707,0.4440028667449951,0.4440028667449951,0.4440028667449951
13709,0.44506707787513733,0.44506707787513733,0.44506707787513733
13710,0.4452080726623535,0.4452080726623535,0.4452080726623535
13712,0.4451634883880615,0.4451634883880615,0.4451634883880615
13715,0.44468462467193604,0.44468462467193604,0.44468462467193604
13716,0.444623738527298,0.444623738527298,0.444623738527298
13719,0.44359081983566284,0.44359081983566284,0.44359081983566284
13727,0.4405660033226013,0.4405660033226013,0.4405660033226013
13728,0.44033166766166687,0.44033166766166687,0.44033166766166687
13729,0.4404515027999878,0.4404515027999878,0.4404515027999878
13732,0.43997666239738464,0.43997666239738464,0.43997666239738464
13733,0.4404137134552002,0.4404137134552002,0.4404137134552002
13735,0.4401988685131073,0.4401988685131073,0.4401988685131073
13736,0.4406433701515198,0.4406433701515198,0.4406433701515198
13738,0.4399917721748352,0.4399917721748352,0.4399917721748352
13739,0.4400561451911926,0.4400561451911926,0.4400561451911926
13742,0.4405573904514313,0.4405573904514313,0.4405573904514313
13743,0.4405978322029114,0.4405978322029114,0.4405978322029114
13745,0.4410134255886078,0.4410134255886078,0.4410134255886078
13747,0.4411397874355316,0.4411397874355316,0.4411397874355316
13749,0.44084495306015015,0.44084495306015015,0.44084495306015015
13755,0.44090715050697327,0.44090715050697327,0.44090715050697327
13756,0.4411173164844513,0.4411173164844513,0.4411173164844513
13757,0.44131290912628174,0.44131290912628174,0.44131290912628174
13761,0.4414401054382324,0.4414401054382324,0.4414401054382324
13763,0.44161656498908997,0.44161656498908997,0.44161656498908997
13768,0.44170528650283813,0.44170528650283813,0.44170528650283813
13776,0.442817360162735,0.442817360162735,0.442817360162735
13777,0.44255584478378296,0.44255584478378296,0.44255584478378296
13781,0.442009836435318,0.442009836435318,0.442009836435318
13783,0.44194895029067993,0.44194895029067993,0.44194895029067993
13786,0.4419327974319458,0.4419327974319458,0.4419327974319458
13790,0.4422231912612915,0.4422231912612915,0.4422231912612915
13792,0.4419490098953247,0.4419490098953247,0.4419490098953247
13801,0.4420996308326721,0.4420996308326721,0.4420996308326721
13802,0.4421261250972748,0.4421261250972748,0.4421261250972748
13803,0.44226667284965515,0.44226667284965515,0.44226667284965515
13805,0.44229334592819214,0.44229334592819214,0.44229334592819214
13806,0.4420899450778961,0.4420899450778961,0.4420899450778961
13813,0.44215989112854004,0.44215989112854004,0.44215989112854004
13814,0.44212132692337036,0.44212132692337036,0.44212132692337036
13817,0.4416055381298065,0.4416055381298065,0.4416055381298065
13822,0.4412740468978882,0.4412740468978882,0.4412740468978882
13823,0.4406962990760803,0.4406962990760803,0.4406962990760803
13824,0.4399743676185608,0.4399743676185608,0.4399743676185608
13825,0.4395117461681366,0.4395117461681366,0.4395117461681366
13826,0.4397541284561157,0.4397541284561157,0.4397541284561157
13830,0.4409637749195099,0.4409637749195099,0.4409637749195099
13832,0.44089367985725403,0.44089367985725403,0.44089367985725403
13833,0.4404394328594208,0.4404394328594208,0.4404394328594208
13835,0.4395792782306671,0.4395792782306671,0.4395792782306671
13836,0.4391932189464569,0.4391932189464569,0.4391932189464569
13837,0.4382605254650116,0.4382605254650116,0.4382605254650116
13841,0.4378800392150879,0.4378800392150879,0.4378800392150879
13842,0.43753674626350403,0.43753674626350403,0.43753674626350403
13843,0.43717584013938904,0.43717584013938904,0.43717584013938904
13844,0.4369291663169861,0.4369291663169861,0.4369291663169861
13845,0.43717485666275024,0.43717485666275024,0.43717485666275024
13846,0.4377744495868683,0.4377744495868683,0.4377744495868683
13847,0.4381195306777954,0.4381195306777954,0.4381195306777954
13849,0.43858376145362854,0.43858376145362854,0.43858376145362854
13850,0.4385899603366852,0.4385899603366852,0.4385899603366852
13851,0.43833157420158386,0.43833157420158386,0.43833157420158386
13853,0.43786370754241943,0.43786370754241943,0.43786370754241943
13854,0.43750515580177307,0.43750515580177307,0.43750515580177307
13855,0.43722060322761536,0.43722060322761536,0.43722060322761536
13856,0.4373786747455597,0.4373786747455597,0.4373786747455597
13857,0.43714815378189087,0.43714815378189087,0.43714815378189087
13861,0.43595388531684875,0.43595388531684875,0.43595388531684875
13862,0.4355284869670868,0.4355284869670868,0.4355284869670868
13865,0.43558886647224426,0.43558886647224426,0.43558886647224426
13866,0.43573370575904846,0.43573370575904846,0.43573370575904846
13867,0.4360240697860718,0.4360240697860718,0.4360240697860718
13869,0.4358256757259369,0.4358256757259369,0.4358256757259369
13875,0.43680375814437866,0.43680375814437866,0.43680375814437866
13878,0.43680134415626526,0.43680134415626526,0.43680134415626526
13879,0.43696776032447815,0.43696776032447815,0.43696776032447815
13882,0.43691781163215637,0.43691781163215637,0.43691781163215637
13885,0.43734094500541687,0.43734094500541687,0.43734094500541687
13888,0.4370242655277252,0.4370242655277252,0.4370242655277252
13889,0.43725672364234924,0.43725672364234924,0.43725672364234924
13891,0.43748852610588074,0.43748852610588074,0.43748852610588074
13893,0.4372204840183258,0.4372204840183258,0.4372204840183258
13895,0.4368319511413574,0.4368319511413574,0.4368319511413574
13897,0.4355435073375702,0.4355435073375702,0.4355435073375702
13899,0.4357447624206543,0.4357447624206543,0.4357447624206543
13901,0.4348474442958832,0.4348474442958832,0.4348474442958832
13902,0.4343990683555603,0.4343990683555603,0.4343990683555603
13905,0.43395864963531494,0.43395864963531494,0.43395864963531494
13909,0.43435582518577576,0.43435582518577576,0.43435582518577576
13912,0.4347497820854187,0.4347497820854187,0.4347497820854187
13916,0.4352690279483795,0.4352690279483795,0.4352690279483795
13922,0.43452000617980957,0.43452000617980957,0.43452000617980957
13923,0.43431180715560913,0.43431180715560913,0.43431180715560913
13928,0.43353620171546936,0.43353620171546936,0.43353620171546936
13933,0.4320073127746582,0.4320073127746582,0.4320073127746582
13935,0.4310723841190338,0.4310723841190338,0.4310723841190338
13937,0.4310082495212555,0.4310082495212555,0.4310082495212555
13940,0.43120256066322327,0.43120256066322327,0.43120256066322327
13944,0.43224090337753296,0.43224090337753296,0.43224090337753296
13945,0.43205389380455017,0.43205389380455017,0.43205389380455017
13946,0.4319077730178833,0.4319077730178833,0.4319077730178833
13947,0.4315914809703827,0.4315914809703827,0.4315914809703827
13948,0.431389182806015,0.431389182806015,0.431389182806015
13949,0.43161532282829285,0.43161532282829285,0.43161532282829285
13950,0.4319581389427185,0.4319581389427185,0.4319581389427185
13952,0.43311044573783875,0.43311044573783875,0.43311044573783875
13955,0.43419837951660156,0.43419837951660156,0.43419837951660156
13957,0.43376004695892334,0.43376004695892334,0.43376004695892334
13958,0.4333186447620392,0.4333186447620392,0.4333186447620392
13960,0.43348777294158936,0.43348777294158936,0.43348777294158936
13962,0.4341827630996704,0.4341827630996704,0.4341827630996704
13963,0.4344169497489929,0.4344169497489929,0.4344169497489929
13969,0.4340474009513855,0.4340474009513855,0.4340474009513855
13972,0.4329320192337036,0.4329320192337036,0.4329320192337036
13973,0.43262672424316406,0.43262672424316406,0.43262672424316406
13975,0.43239089846611023,0.43239089846611023,0.43239089846611023
13977,0.43263348937034607,0.43263348937034607,0.43263348937034607
13978,0.4331175982952118,0.4331175982952118,0.4331175982952118
13980,0.43252885341644287,0.43252885341644287,0.43252885341644287
13983,0.43266168236732483,0.43266168236732483,0.43266168236732483
13984,0.4327884316444397,0.4327884316444397,0.4327884316444397
13985,0.43259096145629883,0.43259096145629883,0.43259096145629883
13986,0.4327116012573242,0.4327116012573242,0.4327116012573242
13991,0.4345448613166809,0.4345448613166809,0.4345448613166809
13994,0.4339127838611603,0.4339127838611603,0.4339127838611603
13996,0.43375691771507263,0.43375691771507263,0.43375691771507263
13999,0.4333229064941406,0.4333229064941406,0.4333229064941406
14000,0.43349894881248474,0.43349894881248474,0.43349894881248474
14001,0.43340978026390076,0.43340978026390076,0.43340978026390076
14002,0.43348702788352966,0.43348702788352966,0.43348702788352966
14007,0.43235987424850464,0.43235987424850464,0.43235987424850464
14008,0.43206986784935,0.43206986784935,0.43206986784935
14009,0.43166789412498474,0.43166789412498474,0.43166789412498474
14010,0.43137601017951965,0.43137601017951965,0.43137601017951965
14017,0.4328167140483856,0.4328167140483856,0.4328167140483856
14018,0.43277475237846375,0.43277475237846375,0.43277475237846375
14019,0.43288692831993103,0.43288692831993103,0.43288692831993103
14022,0.43241727352142334,0.43241727352142334,0.43241727352142334
14026,0.4319806396961212,0.4319806396961212,0.4319806396961212
14027,0.43192312121391296,0.43192312121391296,0.43192312121391296
14029,0.4327802062034607,0.4327802062034607,0.4327802062034607
14030,0.4328383207321167,0.4328383207321167,0.4328383207321167
14034,0.43332913517951965,0.43332913517951965,0.43332913517951965
14035,0.43322038650512695,0.43322038650512695,0.43322038650512695
14037,0.43272846937179565,0.43272846937179565,0.43272846937179565
14042,0.43271443247795105,0.43271443247795105,0.43271443247795105
14043,0.4326647222042084,0.4326647222042084,0.4326647222042084
14044,0.4331733286380768,0.4331733286380768,0.4331733286380768
14045,0.4337655305862427,0.4337655305862427,0.4337655305862427
14048,0.4347064197063446,0.4347064197063446,0.4347064197063446
14050,0.4339281916618347,0.4339281916618347,0.4339281916618347
14051,0.43367093801498413,0.43367093801498413,0.43367093801498413
14053,0.4341219961643219,0.4341219961643219,0.4341219961643219
14054,0.43472668528556824,0.43472668528556824,0.43472668528556824
14055,0.4350292682647705,0.4350292682647705,0.4350292682647705
14059,0.4330192804336548,0.4330192804336548,0.4330192804336548
14063,0.43213048577308655,0.43213048577308655,0.43213048577308655
14065,0.4327162206172943,0.4327162206172943,0.4327162206172943
14066,0.4325116276741028,0.4325116276741028,0.4325116276741028
14067,0.4323962926864624,0.4323962926864624,0.4323962926864624
14068,0.432596892118454,0.432596892118454,0.432596892118454
14069,0.43254554271698,0.43254554271698,0.43254554271698
14075,0.434506893157959,0.434506893157959,0.434506893157959
14076,0.4343405067920685,0.4343405067920685,0.4343405067920685
14078,0.4339929521083832,0.4339929521083832,0.4339929521083832
14079,0.4338036775588989,0.4338036775588989,0.4338036775588989
14080,0.43318450450897217,0.43318450450897217,0.43318450450897217
14081,0.4328950047492981,0.4328950047492981,0.4328950047492981
14083,0.43259215354919434,0.43259215354919434,0.43259215354919434
14086,0.4335247576236725,0.4335247576236725,0.4335247576236725
14087,0.433662086725235,0.433662086725235,0.433662086725235
14088,0.43369168043136597,0.43369168043136597,0.43369168043136597
14090,0.4340350031852722,0.4340350031852722,0.4340350031852722
14091,0.4340469539165497,0.4340469539165497,0.4340469539165497
14092,0.4340023696422577,0.4340023696422577,0.4340023696422577
14093,0.4337846040725708,0.4337846040725708,0.4337846040725708
14094,0.43359264731407166,0.43359264731407166,0.43359264731407166
14095,0.43347588181495667,0.43347588181495667,0.43347588181495667
14097,0.43393149971961975,0.43393149971961975,0.43393149971961975
14100,0.4351643919944763,0.4351643919944763,0.4351643919944763
14102,0.43487098813056946,0.43487098813056946,0.43487098813056946
14106,0.43354037404060364,0.43354037404060364,0.43354037404060364
14112,0.4319857656955719,0.4319857656955719,0.4319857656955719
14113,0.4323202669620514,0.4323202669620514,0.4323202669620514
14114,0.4323415756225586,0.4323415756225586,0.4323415756225586
14115,0.4322223961353302,0.4322223961353302,0.4322223961353302
14116,0.43225163221359253,0.43225163221359253,0.43225163221359253
14117,0.432077020406723,0.432077020406723,0.432077020406723
14120,0.4315444827079773,0.4315444827079773,0.4315444827079773
14122,0.43109872937202454,0.43109872937202454,0.43109872937202454
14123,0.4312466084957123,0.4312466084957123,0.4312466084957123
14125,0.4310091733932495,0.4310091733932495,0.4310091733932495
14130,0.43031778931617737,0.43031778931617737,0.43031778931617737
14131,0.430755615234375,0.430755615234375,0.430755615234375
14133,0.4307406544685364,0.4307406544685364,0.4307406544685364
14134,0.43054434657096863,0.43054434657096863,0.43054434657096863
14137,0.43097367882728577,0.43097367882728577,0.43097367882728577
14138,0.43095049262046814,0.43095049262046814,0.43095049262046814
14139,0.43090230226516724,0.43090230226516724,0.43090230226516724
14141,0.4323097765445709,0.4323097765445709,0.4323097765445709
14142,0.43203580379486084,0.43203580379486084,0.43203580379486084
14144,0.43124663829803467,0.43124663829803467,0.43124663829803467
14146,0.4313012957572937,0.4313012957572937,0.4313012957572937
14149,0.4305536150932312,0.4305536150932312,0.4305536150932312
14151,0.4314066767692566,0.4314066767692566,0.4314066767692566
14153,0.4317437708377838,0.4317437708377838,0.4317437708377838
14154,0.4323994219303131,0.4323994219303131,0.4323994219303131
14155,0.4329005181789398,0.4329005181789398,0.4329005181789398
14158,0.43321141600608826,0.43321141600608826,0.43321141600608826
14162,0.43271180987358093,0.43271180987358093,0.43271180987358093
14163,0.4321936070919037,0.4321936070919037,0.4321936070919037
14168,0.43178629875183105,0.43178629875183105,0.43178629875183105
14170,0.4317968785762787,0.4317968785762787,0.4317968785762787
14171,0.4322795867919922,0.4322795867919922,0.4322795867919922
14175,0.432918906211853,0.432918906211853,0.432918906211853
14176,0.4333203434944153,0.4333203434944153,0.4333203434944153
14178,0.4332584738731384,0.4332584738731384,0.4332584738731384
14182,0.4318041503429413,0.4318041503429413,0.4318041503429413
14183,0.4315374493598938,0.4315374493598938,0.4315374493598938
14186,0.4309639632701874,0.4309639632701874,0.4309639632701874
14187,0.43154001235961914,0.43154001235961914,0.43154001235961914
14192,0.4324004054069519,0.4324004054069519,0.4324004054069519
14193,0.4314819872379303,0.4314819872379303,0.4314819872379303
14194,0.43120014667510986,0.43120014667510986,0.43120014667510986
14195,0.43096229434013367,0.43096229434013367,0.43096229434013367
14202,0.43264904618263245,0.43264904618263245,0.43264904618263245
14203,0.43288618326187134,0.43288618326187134,0.43288618326187134
14206,0.4332250654697418,0.4332250654697418,0.4332250654697418
14207,0.433269202709198,0.433269202709198,0.433269202709198
14208,0.43344324827194214,0.43344324827194214,0.43344324827194214
14210,0.4330538213253021,0.4330538213253021,0.4330538213253021
14214,0.4328804016113281,0.4328804016113281,0.4328804016113281
14215,0.4325219690799713,0.4325219690799713,0.4325219690799713
14217,0.4327709972858429,0.4327709972858429,0.4327709972858429
14220,0.4333491921424866,0.4333491921424866,0.4333491921424866
14223,0.4343048334121704,0.4343048334121704,0.4343048334121704
14226,0.43395236134529114,0.43395236134529114,0.43395236134529114
14227,0.43398454785346985,0.43398454785346985,0.43398454785346985
14228,0.43455496430397034,0.43455496430397034,0.43455496430397034
14230,0.4348979592323303,0.4348979592323303,0.4348979592323303
14232,0.43516334891319275,0.43516334891319275,0.43516334891319275
14233,0.43507859110832214,0.43507859110832214,0.43507859110832214
14236,0.43355774879455566,0.43355774879455566,0.43355774879455566
14237,0.43335825204849243,0.43335825204849243,0.43335825204849243
14238,0.43351542949676514,0.43351542949676514,0.43351542949676514
14243,0.43243131041526794,0.43243131041526794,0.43243131041526794
14244,0.4326622188091278,0.4326622188091278,0.4326622188091278
14246,0.4327329993247986,0.4327329993247986,0.4327329993247986
14247,0.43271324038505554,0.43271324038505554,0.43271324038505554
14251,0.43317246437072754,0.43317246437072754,0.43317246437072754
14253,0.43241214752197266,0.43241214752197266,0.43241214752197266
14254,0.43271589279174805,0.43271589279174805,0.43271589279174805
14256,0.4331459403038025,0.4331459403038025,0.4331459403038025
14257,0.4329715669155121,0.4329715669155121,0.4329715669155121
14261,0.4323500096797943,0.4323500096797943,0.4323500096797943
14263,0.43124622106552124,0.43124622106552124,0.43124622106552124
14266,0.4316672682762146,0.4316672682762146,0.4316672682762146
14267,0.432161808013916,0.432161808013916,0.432161808013916
14269,0.4327501952648163,0.4327501952648163,0.4327501952648163
14270,0.43288347125053406,0.43288347125053406,0.43288347125053406
14276,0.4337591826915741,0.4337591826915741,0.4337591826915741
14277,0.43346458673477173,0.43346458673477173,0.43346458673477173
14278,0.43339917063713074,0.43339917063713074,0.43339917063713074
14279,0.4336191713809967,0.4336191713809967,0.4336191713809967
14280,0.43344545364379883,0.43344545364379883,0.43344545364379883
14281,0.43326571583747864,0.43326571583747864,0.43326571583747864
14282,0.4336104989051819,0.4336104989051819,0.4336104989051819
14283,0.4339422285556793,0.4339422285556793,0.4339422285556793
14287,0.4351586699485779,0.4351586699485779,0.4351586699485779
14291,0.4345330595970154,0.4345330595970154,0.4345330595970154
14292,0.4343201816082001,0.4343201816082001,0.4343201816082001
14293,0.43441951274871826,0.43441951274871826,0.43441951274871826
14295,0.43511056900024414,0.43511056900024414,0.43511056900024414
14297,0.43476876616477966,0.43476876616477966,0.43476876616477966
14298,0.43465134501457214,0.43465134501457214,0.43465134501457214
14299,0.43483448028564453,0.43483448028564453,0.43483448028564453
14301,0.43546217679977417,0.43546217679977417,0.43546217679977417
14303,0.4364473819732666,0.4364473819732666,0.4364473819732666
14305,0.43672293424606323,0.43672293424606323,0.43672293424606323
14306,0.43645966053009033,0.43645966053009033,0.43645966053009033
14307,0.4364399313926697,0.4364399313926697,0.4364399313926697
14310,0.4359607994556427,0.4359607994556427,0.4359607994556427
14318,0.4351780414581299,0.4351780414581299,0.4351780414581299
14319,0.4353671371936798,0.4353671371936798,0.4353671371936798
14320,0.4356996417045593,0.4356996417045593,0.4356996417045593
14322,0.43543004989624023,0.43543004989624023,0.43543004989624023
14327,0.4356302320957184,0.4356302320957184,0.4356302320957184
14331,0.4355514347553253,0.4355514347553253,0.4355514347553253
14332,0.4357989430427551,0.4357989430427551,0.4357989430427551
14337,0.4335744380950928,0.4335744380950928,0.4335744380950928
14338,0.4333224296569824,0.4333224296569824,0.4333224296569824
14340,0.4338696300983429,0.4338696300983429,0.4338696300983429
14342,0.4337009787559509,0.4337009787559509,0.4337009787559509
14343,0.4342510402202606,0.4342510402202606,0.4342510402202606
14344,0.43422356247901917,0.43422356247901917,0.43422356247901917
14345,0.43355703353881836,0.43355703353881836,0.43355703353881836
14347,0.4323727488517761,0.4323727488517761,0.4323727488517761
14348,0.43249645829200745,0.43249645829200745,0.43249645829200745
14349,0.4324948191642761,0.4324948191642761,0.4324948191642761
14356,0.4339148998260498,0.4339148998260498,0.4339148998260498
14359,0.4345000088214874,0.4345000088214874,0.4345000088214874
14360,0.4343828856945038,0.4343828856945038,0.4343828856945038
14367,0.4352158308029175,0.4352158308029175,0.4352158308029175
14369,0.43459269404411316,0.43459269404411316,0.43459269404411316
14370,0.4347843825817108,0.4347843825817108,0.4347843825817108
14371,0.43444693088531494,0.43444693088531494,0.43444693088531494
14375,0.4310421943664551,0.4310421943664551,0.4310421943664551
14378,0.4314468801021576,0.4314468801021576,0.4314468801021576
14380,0.43161508440971375,0.43161508440971375,0.43161508440971375
14381,0.4320313036441803,0.4320313036441803,0.4320313036441803
14383,0.43276286125183105,0.43276286125183105,0.43276286125183105
14384,0.43255680799484253,0.43255680799484253,0.43255680799484253
14385,0.433011919260025,0.433011919260025,0.433011919260025
14388,0.43499329686164856,0.43499329686164856,0.43499329686164856
14390,0.43523871898651123,0.43523871898651123,0.43523871898651123
14392,0.4350685179233551,0.4350685179233551,0.4350685179233551
14395,0.4341467022895813,0.4341467022895813,0.4341467022895813
14399,0.43454986810684204,0.43454986810684204,0.43454986810684204
14400,0.43431195616722107,0.43431195616722107,0.43431195616722107
14402,0.4342944324016571,0.4342944324016571,0.4342944324016571
14403,0.4340229332447052,0.4340229332447052,0.4340229332447052
14405,0.4344783425331116,0.4344783425331116,0.4344783425331116
14406,0.4346546530723572,0.4346546530723572,0.4346546530723572
14408,0.4343869388103485,0.4343869388103485,0.4343869388103485
14412,0.43369242548942566,0.43369242548942566,0.43369242548942566
14415,0.43353813886642456,0.43353813886642456,0.43353813886642456
14419,0.4333963394165039,0.4333963394165039,0.4333963394165039
14423,0.4336605668067932,0.4336605668067932,0.4336605668067932
14425,0.43326646089553833,0.43326646089553833,0.43326646089553833
14430,0.43261250853538513,0.43261250853538513,0.43261250853538513
14432,0.43142738938331604,0.43142738938331604,0.43142738938331604
14437,0.43119338154792786,0.43119338154792786,0.43119338154792786
14438,0.4316368103027344,0.4316368103027344,0.4316368103027344
14440,0.4327804744243622,0.4327804744243622,0.4327804744243622
14442,0.433522492647171,0.433522492647171,0.433522492647171
14443,0.43318450450897217,0.43318450450897217,0.43318450450897217
14446,0.43310996890068054,0.43310996890068054,0.43310996890068054
14447,0.4329719841480255,0.4329719841480255,0.4329719841480255
14448,0.43269380927085876,0.43269380927085876,0.43269380927085876
14449,0.43182530999183655,0.43182530999183655,0.43182530999183655
14450,0.43164119124412537,0.43164119124412537,0.43164119124412537
14452,0.43073999881744385,0.43073999881744385,0.43073999881744385
14455,0.42990684509277344,0.42990684509277344,0.42990684509277344
14457,0.42909279465675354,0.42909279465675354,0.42909279465675354
14458,0.4288859963417053,0.4288859963417053,0.4288859963417053
14461,0.4288349449634552,0.4288349449634552,0.4288349449634552
14462,0.42844024300575256,0.42844024300575256,0.42844024300575256
14463,0.428427517414093,0.428427517414093,0.428427517414093
14464,0.4283658266067505,0.4283658266067505,0.4283658266067505
14470,0.42751479148864746,0.42751479148864746,0.42751479148864746
14471,0.4273955225944519,0.4273955225944519,0.4273955225944519
14472,0.4272865951061249,0.4272865951061249,0.4272865951061249
14474,0.4264862537384033,0.4264862537384033,0.4264862537384033
14477,0.4261780381202698,0.4261780381202698,0.4261780381202698
14478,0.42606666684150696,0.42606666684150696,0.42606666684150696
14479,0.42584192752838135,0.42584192752838135,0.42584192752838135
14480,0.42584145069122314,0.42584145069122314,0.42584145069122314
14482,0.4263392984867096,0.4263392984867096,0.4263392984867096
14483,0.4267566502094269,0.4267566502094269,0.4267566502094269
14484,0.4264473617076874,0.4264473617076874,0.4264473617076874
14485,0.4263675808906555,0.4263675808906555,0.4263675808906555
14486,0.42615851759910583,0.42615851759910583,0.42615851759910583
14487,0.42604559659957886,0.42604559659957886,0.42604559659957886
14488,0.42647242546081543,0.42647242546081543,0.42647242546081543
14489,0.42693039774894714,0.42693039774894714,0.42693039774894714
14495,0.4272504150867462,0.4272504150867462,0.4272504150867462
14496,0.42720291018486023,0.42720291018486023,0.42720291018486023
14498,0.4274187684059143,0.4274187684059143,0.4274187684059143
14503,0.4273937940597534,0.4273937940597534,0.4273937940597534
14505,0.42834922671318054,0.42834922671318054,0.42834922671318054
14506,0.42833176255226135,0.42833176255226135,0.42833176255226135
14508,0.42871934175491333,0.42871934175491333,0.42871934175491333
14509,0.428862065076828,0.428862065076828,0.428862065076828
14510,0.4287859797477722,0.4287859797477722,0.4287859797477722
14512,0.4288061857223511,0.4288061857223511,0.4288061857223511
14513,0.4285517632961273,0.4285517632961273,0.4285517632961273
14516,0.4289775490760803,0.4289775490760803,0.4289775490760803
14517,0.42876312136650085,0.42876312136650085,0.42876312136650085
14518,0.4291553199291229,0.4291553199291229,0.4291553199291229
14520,0.42923298478126526,0.42923298478126526,0.42923298478126526
14521,0.4291805028915405,0.4291805028915405,0.4291805028915405
14526,0.428363561630249,0.428363561630249,0.428363561630249
14527,0.4286612272262573,0.4286612272262573,0.4286612272262573
14528,0.42895931005477905,0.42895931005477905,0.42895931005477905
14530,0.4297937750816345,0.4297937750816345,0.4297937750816345
14538,0.4288862645626068,0.4288862645626068,0.4288862645626068
14540,0.4286136329174042,0.4286136329174042,0.4286136329174042
14541,0.42827168107032776,0.42827168107032776,0.42827168107032776
14543,0.4283774495124817,0.4283774495124817,0.4283774495124817
14546,0.42829814553260803,0.42829814553260803,0.42829814553260803
14547,0.4280071258544922,0.4280071258544922,0.4280071258544922
14548,0.42771583795547485,0.42771583795547485,0.42771583795547485
14552,0.42885515093803406,0.42885515093803406,0.42885515093803406
14553,0.42891114950180054,0.42891114950180054,0.42891114950180054
14556,0.4278360605239868,0.4278360605239868,0.4278360605239868
14557,0.4276614785194397,0.4276614785194397,0.4276614785194397
14559,0.4277646541595459,0.4277646541595459,0.4277646541595459
14561,0.42686229944229126,0.42686229944229126,0.42686229944229126
14563,0.42507845163345337,0.42507845163345337,0.42507845163345337
14566,0.42639681696891785,0.42639681696891785,0.42639681696891785
14567,0.4267616868019104,0.4267616868019104,0.4267616868019104
14568,0.4268243610858917,0.4268243610858917,0.4268243610858917
14569,0.4266965091228485,0.4266965091228485,0.4266965091228485
14571,0.4266517460346222,0.4266517460346222,0.4266517460346222
14573,0.4273754358291626,0.4273754358291626,0.4273754358291626
14574,0.42765483260154724,0.42765483260154724,0.42765483260154724
14575,0.42785564064979553,0.42785564064979553,0.42785564064979553
14576,0.42845287919044495,0.42845287919044495,0.42845287919044495
14577,0.4282570779323578,0.4282570779323578,0.4282570779323578
14580,0.42768776416778564,0.42768776416778564,0.42768776416778564
14581,0.4274643659591675,0.4274643659591675,0.4274643659591675
14583,0.42754945158958435,0.42754945158958435,0.42754945158958435
14587,0.42797356843948364,0.42797356843948364,0.42797356843948364
14589,0.42864546179771423,0.42864546179771423,0.42864546179771423
14590,0.428922176361084,0.428922176361084,0.428922176361084
14592,0.4288206398487091,0.4288206398487091,0.4288206398487091
14593,0.428489625453949,0.428489625453949,0.428489625453949
14594,0.4284614324569702,0.4284614324569702,0.4284614324569702
14596,0.42782333493232727,0.42782333493232727,0.42782333493232727
14597,0.427578866481781,0.427578866481781,0.427578866481781
14600,0.42793387174606323,0.42793387174606323,0.42793387174606323
14607,0.4290601909160614,0.4290601909160614,0.4290601909160614
14611,0.42914122343063354,0.42914122343063354,0.42914122343063354
14612,0.4296388626098633,0.4296388626098633,0.4296388626098633
14613,0.4301416873931885,0.4301416873931885,0.4301416873931885
14616,0.43082195520401,0.43082195520401,0.43082195520401
14617,0.4309559464454651,0.4309559464454651,0.4309559464454651
14619,0.43130573630332947,0.43130573630332947,0.43130573630332947
14623,0.43171632289886475,0.43171632289886475,0.43171632289886475
14624,0.431384801864624,0.431384801864624,0.431384801864624
14625,0.4310065507888794,0.4310065507888794,0.4310065507888794
14627,0.4308958947658539,0.4308958947658539,0.4308958947658539
14630,0.43017905950546265,0.43017905950546265,0.43017905950546265
14631,0.43033871054649353,0.43033871054649353,0.43033871054649353
14632,0.4301120340824127,0.4301120340824127,0.4301120340824127
14635,0.42970001697540283,0.42970001697540283,0.42970001697540283
14637,0.43015775084495544,0.43015775084495544,0.43015775084495544
14639,0.43077966570854187,0.43077966570854187,0.43077966570854187
14640,0.43149423599243164,0.43149423599243164,0.43149423599243164
14641,0.431728720664978,0.431728720664978,0.431728720664978
14643,0.4320410192012787,0.4320410192012787,0.4320410192012787
14646,0.43254199624061584,0.43254199624061584,0.43254199624061584
14647,0.43234989047050476,0.43234989047050476,0.43234989047050476
14653,0.43377453088760376,0.43377453088760376,0.43377453088760376
14654,0.43367835879325867,0.43367835879325867,0.43367835879325867
14655,0.43393829464912415,0.43393829464912415,0.43393829464912415
14656,0.4342704713344574,0.4342704713344574,0.4342704713344574
14661,0.4349839389324188,0.4349839389324188,0.4349839389324188
14664,0.4344654381275177,0.4344654381275177,0.4344654381275177
14666,0.4348442852497101,0.4348442852497101,0.4348442852497101
14668,0.4345143437385559,0.4345143437385559,0.4345143437385559
14671,0.43452513217926025,0.43452513217926025,0.43452513217926025
14672,0.43449169397354126,0.43449169397354126,0.43449169397354126
14673,0.4343051612377167,0.4343051612377167,0.4343051612377167
14676,0.43445155024528503,0.43445155024528503,0.43445155024528503
14678,0.43452876806259155,0.43452876806259155,0.43452876806259155
14679,0.43469977378845215,0.43469977378845215,0.43469977378845215
14681,0.4352819621562958,0.4352819621562958,0.4352819621562958
14683,0.43564268946647644,0.43564268946647644,0.43564268946647644
14685,0.43521663546562195,0.43521663546562195,0.43521663546562195
14686,0.4352829158306122,0.4352829158306122,0.4352829158306122
14688,0.4356876611709595,0.4356876611709595,0.4356876611709595
14689,0.4360940456390381,0.4360940456390381,0.4360940456390381
14690,0.43624821305274963,0.43624821305274963,0.43624821305274963
14691,0.4360765516757965,0.4360765516757965,0.4360765516757965
14693,0.4357902705669403,0.4357902705669403,0.4357902705669403
14694,0.4356045424938202,0.4356045424938202,0.4356045424938202
14696,0.4354010224342346,0.4354010224342346,0.4354010224342346
14697,0.43574121594429016,0.43574121594429016,0.43574121594429016
14698,0.43612608313560486,0.43612608313560486,0.43612608313560486
14699,0.4364606440067291,0.4364606440067291,0.4364606440067291
14700,0.4363754093647003,0.4363754093647003,0.4363754093647003
14706,0.4349249005317688,0.4349249005317688,0.4349249005317688
14709,0.43460455536842346,0.43460455536842346,0.43460455536842346
14710,0.4348379671573639,0.4348379671573639,0.4348379671573639
14711,0.43473953008651733,0.43473953008651733,0.43473953008651733
14714,0.4347459673881531,0.4347459673881531,0.4347459673881531
14716,0.43501052260398865,0.43501052260398865,0.43501052260398865
14718,0.4347248077392578,0.4347248077392578,0.4347248077392578
14719,0.43375352025032043,0.43375352025032043,0.43375352025032043
14721,0.4331212341785431,0.4331212341785431,0.4331212341785431
14722,0.43381205201148987,0.43381205201148987,0.43381205201148987
14723,0.4341256618499756,0.4341256618499756,0.4341256618499756
14724,0.43424564599990845,0.43424564599990845,0.43424564599990845
14725,0.4340502619743347,0.4340502619743347,0.4340502619743347
14727,0.43270760774612427,0.43270760774612427,0.43270760774612427
14728,0.43243905901908875,0.43243905901908875,0.43243905901908875
14734,0.4304673373699188,0.4304673373699188,0.4304673373699188
14736,0.42991772294044495,0.42991772294044495,0.42991772294044495
14737,0.4299134612083435,0.4299134612083435,0.4299134612083435
14738,0.43024739623069763,0.43024739623069763,0.43024739623069763
14741,0.4300594925880432,0.4300594925880432,0.4300594925880432
14743,0.42990121245384216,0.42990121245384216,0.42990121245384216
14744,0.4295831620693207,0.4295831620693207,0.4295831620693207
14746,0.42841020226478577,0.42841020226478577,0.42841020226478577
14747,0.42828527092933655,0.42828527092933655,0.42828527092933655
14748,0.42824915051460266,0.42824915051460266,0.42824915051460266
14750,0.4268190860748291,0.4268190860748291,0.4268190860748291
14753,0.42703977227211,0.42703977227211,0.42703977227211
14754,0.4276264011859894,0.4276264011859894,0.4276264011859894
14757,0.42934104800224304,0.42934104800224304,0.42934104800224304
14758,0.4298820495605469,0.4298820495605469,0.4298820495605469
14759,0.4299582839012146,0.4299582839012146,0.4299582839012146
14761,0.43069392442703247,0.43069392442703247,0.43069392442703247
14763,0.4304824769496918,0.4304824769496918,0.4304824769496918
14764,0.42985284328460693,0.42985284328460693,0.42985284328460693
14765,0.42956167459487915,0.42956167459487915,0.42956167459487915
14771,0.42737022042274475,0.42737022042274475,0.42737022042274475
14772,0.4266229569911957,0.4266229569911957,0.4266229569911957
14775,0.4254778027534485,0.4254778027534485,0.4254778027534485
14776,0.42556291818618774,0.42556291818618774,0.42556291818618774
14777,0.42610546946525574,0.42610546946525574,0.42610546946525574
14778,0.4262593984603882,0.4262593984603882,0.4262593984603882
14779,0.425875723361969,0.425875723361969,0.425875723361969
14781,0.4260295033454895,0.4260295033454895,0.4260295033454895
14782,0.4260350167751312,0.4260350167751312,0.4260350167751312
14783,0.4264035224914551,0.4264035224914551,0.4264035224914551
14785,0.4264023005962372,0.4264023005962372,0.4264023005962372
14787,0.4267793595790863,0.4267793595790863,0.4267793595790863
14788,0.42719578742980957,0.42719578742980957,0.42719578742980957
14789,0.4278341233730316,0.4278341233730316,0.4278341233730316
14793,0.4275337755680084,0.4275337755680084,0.4275337755680084
14798,0.42824214696884155,0.42824214696884155,0.42824214696884155
14799,0.4284789264202118,0.4284789264202118,0.4284789264202118
14801,0.4281150698661804,0.4281150698661804,0.4281150698661804
14805,0.4282158613204956,0.4282158613204956,0.4282158613204956
14806,0.4278710186481476,0.4278710186481476,0.4278710186481476
14809,0.4280374348163605,0.4280374348163605,0.4280374348163605
14810,0.42831987142562866,0.42831987142562866,0.42831987142562866
14815,0.42857420444488525,0.42857420444488525,0.42857420444488525
14817,0.4285997450351715,0.4285997450351715,0.4285997450351715
14818,0.42828312516212463,0.42828312516212463,0.42828312516212463
14822,0.4290454089641571,0.4290454089641571,0.4290454089641571
14823,0.42965462803840637,0.42965462803840637,0.42965462803840637
14826,0.43023574352264404,0.43023574352264404,0.43023574352264404
14827,0.430381178855896,0.430381178855896,0.430381178855896
14828,0.43041670322418213,0.43041670322418213,0.43041670322418213
14831,0.43171557784080505,0.43171557784080505,0.43171557784080505
14832,0.4316750168800354,0.4316750168800354,0.4316750168800354
14841,0.4301352798938751,0.4301352798938751,0.4301352798938751
14842,0.4295812249183655,0.4295812249183655,0.4295812249183655
14843,0.42969393730163574,0.42969393730163574,0.42969393730163574
14844,0.4297262132167816,0.4297262132167816,0.4297262132167816
14845,0.42974433302879333,0.42974433302879333,0.42974433302879333
14849,0.42898109555244446,0.42898109555244446,0.42898109555244446
14850,0.42815059423446655,0.42815059423446655,0.42815059423446655
14852,0.4281490445137024,0.4281490445137024,0.4281490445137024
14862,0.428456574678421,0.428456574678421,0.428456574678421
14864,0.4288700222969055,0.4288700222969055,0.4288700222969055
14867,0.4289502501487732,0.4289502501487732,0.4289502501487732
14868,0.42857012152671814,0.42857012152671814,0.42857012152671814
14870,0.4282861351966858,0.4282861351966858,0.4282861351966858
14871,0.4281436800956726,0.4281436800956726,0.4281436800956726
14872,0.42809298634529114,0.42809298634529114,0.42809298634529114
14873,0.4282873868942261,0.4282873868942261,0.4282873868942261
14874,0.42855823040008545,0.42855823040008545,0.42855823040008545
14875,0.4285827875137329,0.4285827875137329,0.4285827875137329
14876,0.4289146959781647,0.4289146959781647,0.4289146959781647
14877,0.42978978157043457,0.42978978157043457,0.42978978157043457
14879,0.4308091104030609,0.4308091104030609,0.4308091104030609
14881,0.430642694234848,0.430642694234848,0.430642694234848
14884,0.42949727177619934,0.42949727177619934,0.42949727177619934
14885,0.4297769069671631,0.4297769069671631,0.4297769069671631
14887,0.42984867095947266,0.42984867095947266,0.42984867095947266
14889,0.430402547121048,0.430402547121048,0.430402547121048
14892,0.42960917949676514,0.42960917949676514,0.42960917949676514
14894,0.42922019958496094,0.42922019958496094,0.42922019958496094
14895,0.42903029918670654,0.42903029918670654,0.42903029918670654
14896,0.42857903242111206,0.42857903242111206,0.42857903242111206
14898,0.42922261357307434,0.42922261357307434,0.42922261357307434
14899,0.4290385842323303,0.4290385842323303,0.4290385842323303
14900,0.4292319416999817,0.4292319416999817,0.4292319416999817
14903,0.4286143183708191,0.4286143183708191,0.4286143183708191
14904,0.4280434846878052,0.4280434846878052,0.4280434846878052
14905,0.4275898039340973,0.4275898039340973,0.4275898039340973
14906,0.42772963643074036,0.42772963643074036,0.42772963643074036
14907,0.42827582359313965,0.42827582359313965,0.42827582359313965
14908,0.42849111557006836,0.42849111557006836,0.42849111557006836
14909,0.4285782277584076,0.4285782277584076,0.4285782277584076
14910,0.4283197224140167,0.4283197224140167,0.4283197224140167
14912,0.42853742837905884,0.42853742837905884,0.42853742837905884
14915,0.42838865518569946,0.42838865518569946,0.42838865518569946
14917,0.42771050333976746,0.42771050333976746,0.42771050333976746
14919,0.42780348658561707,0.42780348658561707,0.42780348658561707
14922,0.4274369478225708,0.4274369478225708,0.4274369478225708
14925,0.4273877739906311,0.4273877739906311,0.4273877739906311
14928,0.42747989296913147,0.42747989296913147,0.42747989296913147
14929,0.42749226093292236,0.42749226093292236,0.42749226093292236
14932,0.4283568859100342,0.4283568859100342,0.4283568859100342
14933,0.42900389432907104,0.42900389432907104,0.42900389432907104
14935,0.429314523935318,0.429314523935318,0.429314523935318
14938,0.42915958166122437,0.42915958166122437,0.42915958166122437
14940,0.429075688123703,0.429075688123703,0.429075688123703
14942,0.4282546937465668,0.4282546937465668,0.4282546937465668
14945,0.4285983443260193,0.4285983443260193,0.4285983443260193
14949,0.42939502000808716,0.42939502000808716,0.42939502000808716
14954,0.42882001399993896,0.42882001399993896,0.42882001399993896
14955,0.42904967069625854,0.42904967069625854,0.42904967069625854
14956,0.4294370710849762,0.4294370710849762,0.4294370710849762
14957,0.4297454357147217,0.4297454357147217,0.4297454357147217
14959,0.43048375844955444,0.43048375844955444,0.43048375844955444
14960,0.43102943897247314,0.43102943897247314,0.43102943897247314
14963,0.4310273826122284,0.4310273826122284,0.4310273826122284
14968,0.43193361163139343,0.43193361163139343,0.43193361163139343
14969,0.43230703473091125,0.43230703473091125,0.43230703473091125
14974,0.43195173144340515,0.43195173144340515,0.43195173144340515
14976,0.43176838755607605,0.43176838755607605,0.43176838755607605
14978,0.4315634071826935,0.4315634071826935,0.4315634071826935
14981,0.43184417486190796,0.43184417486190796,0.43184417486190796
14983,0.43227773904800415,0.43227773904800415,0.43227773904800415
14984,0.43221646547317505,0.43221646547317505,0.43221646547317505
14985,0.43214699625968933,0.43214699625968933,0.43214699625968933
14986,0.43197280168533325,0.43197280168533325,0.43197280168533325
14987,0.43202781677246094,0.43202781677246094,0.43202781677246094
14989,0.43172121047973633,0.43172121047973633,0.43172121047973633
14991,0.43211060762405396,0.43211060762405396,0.43211060762405396
14992,0.43254807591438293,0.43254807591438293,0.43254807591438293
14993,0.4327155351638794,0.4327155351638794,0.4327155351638794
14996,0.43387362360954285,0.43387362360954285,0.43387362360954285
14997,0.43333640694618225,0.43333640694618225,0.43333640694618225
14998,0.43286561965942383,0.43286561965942383,0.43286561965942383
15003,0.4329405725002289,0.4329405725002289,0.4329405725002289
15004,0.43277910351753235,0.43277910351753235,0.43277910351753235
15005,0.4326828718185425,0.4326828718185425,0.4326828718185425
15007,0.43282371759414673,0.43282371759414673,0.43282371759414673
15008,0.4326539635658264,0.4326539635658264,0.4326539635658264
15012,0.4316013753414154,0.4316013753414154,0.4316013753414154
15014,0.4322637617588043,0.4322637617588043,0.4322637617588043
15016,0.4332803189754486,0.4332803189754486,0.4332803189754486
15017,0.43343204259872437,0.43343204259872437,0.43343204259872437
15020,0.43394583463668823,0.43394583463668823,0.43394583463668823
15021,0.43364572525024414,0.43364572525024414,0.43364572525024414
15026,0.43300336599349976,0.43300336599349976,0.43300336599349976
15027,0.43308305740356445,0.43308305740356445,0.43308305740356445
15028,0.43371859192848206,0.43371859192848206,0.43371859192848206
15029,0.4341982305049896,0.4341982305049896,0.4341982305049896
15030,0.43474769592285156,0.43474769592285156,0.43474769592285156
15031,0.4347338378429413,0.4347338378429413,0.4347338378429413
15033,0.43409252166748047,0.43409252166748047,0.43409252166748047
15034,0.43432071805000305,0.43432071805000305,0.43432071805000305
15036,0.43366724252700806,0.43366724252700806,0.43366724252700806
15037,0.433708518743515,0.433708518743515,0.433708518743515
15041,0.43132129311561584,0.43132129311561584,0.43132129311561584
15042,0.4312342703342438,0.4312342703342438,0.4312342703342438
15043,0.4309592843055725,0.4309592843055725,0.4309592843055725
15044,0.43073806166648865,0.43073806166648865,0.43073806166648865
15048,0.4314160645008087,0.4314160645008087,0.4314160645008087
15051,0.4315227270126343,0.4315227270126343,0.4315227270126343
15055,0.43158042430877686,0.43158042430877686,0.43158042430877686
15056,0.4315139353275299,0.4315139353275299,0.4315139353275299
15060,0.4318823218345642,0.4318823218345642,0.4318823218345642
15064,0.43265244364738464,0.43265244364738464,0.43265244364738464
15065,0.43177881836891174,0.43177881836891174,0.43177881836891174
15066,0.43207454681396484,0.43207454681396484,0.43207454681396484
15071,0.4314908981323242,0.4314908981323242,0.4314908981323242
15072,0.4310976266860962,0.4310976266860962,0.4310976266860962
15075,0.4322057068347931,0.4322057068347931,0.4322057068347931
15077,0.43194544315338135,0.43194544315338135,0.43194544315338135
15078,0.4314728081226349,0.4314728081226349,0.4314728081226349
15084,0.43073615431785583,0.43073615431785583,0.43073615431785583
15086,0.4311310052871704,0.4311310052871704,0.4311310052871704
15088,0.431365430355072,0.431365430355072,0.431365430355072
15089,0.431661993265152,0.431661993265152,0.431661993265152
15091,0.43213367462158203,0.43213367462158203,0.43213367462158203
15092,0.4325060546398163,0.4325060546398163,0.4325060546398163
15094,0.431756854057312,0.431756854057312,0.431756854057312
15097,0.4298482835292816,0.4298482835292816,0.4298482835292816
15098,0.4296253025531769,0.4296253025531769,0.4296253025531769
15099,0.42969614267349243,0.42969614267349243,0.42969614267349243
15100,0.42946624755859375,0.42946624755859375,0.42946624755859375
15101,0.4294292628765106,0.4294292628765106,0.4294292628765106
15104,0.4290468096733093,0.4290468096733093,0.4290468096733093
15105,0.4297816753387451,0.4297816753387451,0.4297816753387451
15108,0.43021753430366516,0.43021753430366516,0.43021753430366516
15110,0.43026408553123474,0.43026408553123474,0.43026408553123474
15111,0.4302908182144165,0.4302908182144165,0.4302908182144165
15114,0.4301699995994568,0.4301699995994568,0.4301699995994568
15118,0.4316551089286804,0.4316551089286804,0.4316551089286804
15120,0.4321765601634979,0.4321765601634979,0.4321765601634979
15123,0.4310706853866577,0.4310706853866577,0.4310706853866577
15124,0.43093085289001465,0.43093085289001465,0.43093085289001465
15128,0.43133682012557983,0.43133682012557983,0.43133682012557983
15130,0.43098846077919006,0.43098846077919006,0.43098846077919006
15132,0.43050864338874817,0.43050864338874817,0.43050864338874817
15137,0.43085354566574097,0.43085354566574097,0.43085354566574097
15138,0.4315776824951172,0.4315776824951172,0.4315776824951172
15140,0.4314832389354706,0.4314832389354706,0.4314832389354706
15142,0.4314313232898712,0.4314313232898712,0.4314313232898712
15146,0.4300626516342163,0.4300626516342163,0.4300626516342163
15147,0.42969420552253723,0.42969420552253723,0.42969420552253723
15149,0.430646687746048,0.430646687746048,0.430646687746048
15150,0.4312625527381897,0.4312625527381897,0.4312625527381897
15151,0.43132105469703674,0.43132105469703674,0.43132105469703674
15152,0.4309249222278595,0.4309249222278595,0.4309249222278595
15154,0.4305180013179779,0.4305180013179779,0.4305180013179779
15155,0.4301324486732483,0.4301324486732483,0.4301324486732483
15157,0.43011903762817383,0.43011903762817383,0.43011903762817383
15158,0.42979636788368225,0.42979636788368225,0.42979636788368225
15159,0.42970484495162964,0.42970484495162964,0.42970484495162964
15160,0.43016111850738525,0.43016111850738525,0.43016111850738525
15162,0.42987117171287537,0.42987117171287537,0.42987117171287537
15164,0.42967960238456726,0.42967960238456726,0.42967960238456726
15165,0.42978715896606445,0.42978715896606445,0.42978715896606445
15166,0.4302148222923279,0.4302148222923279,0.4302148222923279
15169,0.4307359755039215,0.4307359755039215,0.4307359755039215
15171,0.43071913719177246,0.43071913719177246,0.43071913719177246
15172,0.4312019646167755,0.4312019646167755,0.4312019646167755
15173,0.4312399625778198,0.4312399625778198,0.4312399625778198
15175,0.43069446086883545,0.43069446086883545,0.43069446086883545
15176,0.430681049823761,0.430681049823761,0.430681049823761
15177,0.430632621049881,0.430632621049881,0.430632621049881
15178,0.4309206008911133,0.4309206008911133,0.4309206008911133
15179,0.43120476603507996,0.43120476603507996,0.43120476603507996
15182,0.43031230568885803,0.43031230568885803,0.43031230568885803
15183,0.4299352169036865,0.4299352169036865,0.4299352169036865
15184,0.4292861819267273,0.4292861819267273,0.4292861819267273
15186,0.4300020933151245,0.4300020933151245,0.4300020933151245
15187,0.4305572509765625,0.4305572509765625,0.4305572509765625
15188,0.4308435320854187,0.4308435320854187,0.4308435320854187
15189,0.43110519647598267,0.43110519647598267,0.43110519647598267
15190,0.4315355718135834,0.4315355718135834,0.4315355718135834
15192,0.43165889382362366,0.43165889382362366,0.43165889382362366
15195,0.43082699179649353,0.43082699179649353,0.43082699179649353
15198,0.4309720993041992,0.4309720993041992,0.4309720993041992
15199,0.43094152212142944,0.43094152212142944,0.43094152212142944
15206,0.4320094883441925,0.4320094883441925,0.4320094883441925
15207,0.43113505840301514,0.43113505840301514,0.43113505840301514
15208,0.43076881766319275,0.43076881766319275,0.43076881766319275
15209,0.4306403696537018,0.4306403696537018,0.4306403696537018
15210,0.4309236705303192,0.4309236705303192,0.4309236705303192
15219,0.43141621351242065,0.43141621351242065,0.43141621351242065
15223,0.43144112825393677,0.43144112825393677,0.43144112825393677
15224,0.4316861033439636,0.4316861033439636,0.4316861033439636
15226,0.4312463104724884,0.4312463104724884,0.4312463104724884
15227,0.4312482476234436,0.4312482476234436,0.4312482476234436
15228,0.4316279888153076,0.4316279888153076,0.4316279888153076
15230,0.43192657828330994,0.43192657828330994,0.43192657828330994
15232,0.4326697885990143,0.4326697885990143,0.4326697885990143
15233,0.4330069124698639,0.4330069124698639,0.4330069124698639
15234,0.4330933392047882,0.4330933392047882,0.4330933392047882
15235,0.4328000247478485,0.4328000247478485,0.4328000247478485
15236,0.4320042133331299,0.4320042133331299,0.4320042133331299
15239,0.4317137598991394,0.4317137598991394,0.4317137598991394
15240,0.43135738372802734,0.43135738372802734,0.43135738372802734
15241,0.4310958981513977,0.4310958981513977,0.4310958981513977
15243,0.4305393397808075,0.4305393397808075,0.4305393397808075
15245,0.43078577518463135,0.43078577518463135,0.43078577518463135
15249,0.43164533376693726,0.43164533376693726,0.43164533376693726
15252,0.4308081567287445,0.4308081567287445,0.4308081567287445
15253,0.4304063320159912,0.4304063320159912,0.4304063320159912
15261,0.4286138117313385,0.4286138117313385,0.4286138117313385
15268,0.42775869369506836,0.42775869369506836,0.42775869369506836
15269,0.42792224884033203,0.42792224884033203,0.42792224884033203
15275,0.42789381742477417,0.42789381742477417,0.42789381742477417
15281,0.4267479181289673,0.4267479181289673,0.4267479181289673
15283,0.4270717203617096,0.4270717203617096,0.4270717203617096
15285,0.42766299843788147,0.42766299843788147,0.42766299843788147
15286,0.42787864804267883,0.42787864804267883,0.42787864804267883
15290,0.4278129041194916,0.4278129041194916,0.4278129041194916
15294,0.42799100279808044,0.42799100279808044,0.42799100279808044
15296,0.4282681941986084,0.4282681941986084,0.4282681941986084
15297,0.4289993643760681,0.4289993643760681,0.4289993643760681
15298,0.42913296818733215,0.42913296818733215,0.42913296818733215
15303,0.4272502064704895,0.4272502064704895,0.4272502064704895
15304,0.4266064167022705,0.4266064167022705,0.4266064167022705
15307,0.426757276058197,0.426757276058197,0.426757276058197
15308,0.42703694105148315,0.42703694105148315,0.42703694105148315
15310,0.4269983172416687,0.4269983172416687,0.4269983172416687
15311,0.42709967494010925,0.42709967494010925,0.42709967494010925
15314,0.4274204969406128,0.4274204969406128,0.4274204969406128
15316,0.4272186756134033,0.4272186756134033,0.4272186756134033
15317,0.42699021100997925,0.42699021100997925,0.42699021100997925
15318,0.4272410571575165,0.4272410571575165,0.4272410571575165
15320,0.4261363446712494,0.4261363446712494,0.4261363446712494
15321,0.42602312564849854,0.42602312564849854,0.42602312564849854
15323,0.4268503785133362,0.4268503785133362,0.4268503785133362
15324,0.4271816909313202,0.4271816909313202,0.4271816909313202
15326,0.4272080659866333,0.4272080659866333,0.4272080659866333
15327,0.42732053995132446,0.42732053995132446,0.42732053995132446
15328,0.42734766006469727,0.42734766006469727,0.42734766006469727
15329,0.4271995425224304,0.4271995425224304,0.4271995425224304
15330,0.4267938733100891,0.4267938733100891,0.4267938733100891
15333,0.427295982837677,0.427295982837677,0.427295982837677
15335,0.4267120361328125,0.4267120361328125,0.4267120361328125
15336,0.427030086517334,0.427030086517334,0.427030086517334
15339,0.4268553555011749,0.4268553555011749,0.4268553555011749
15342,0.4259765148162842,0.4259765148162842,0.4259765148162842
15343,0.42576926946640015,0.42576926946640015,0.42576926946640015
15346,0.42521753907203674,0.42521753907203674,0.42521753907203674
15347,0.42500415444374084,0.42500415444374084,0.42500415444374084
15348,0.42499402165412903,0.42499402165412903,0.42499402165412903
15350,0.42520618438720703,0.42520618438720703,0.42520618438720703
15351,0.4250814616680145,0.4250814616680145,0.4250814616680145
15352,0.4252995252609253,0.4252995252609253,0.4252995252609253
15354,0.4259076416492462,0.4259076416492462,0.4259076416492462
15355,0.42600104212760925,0.42600104212760925,0.42600104212760925
15358,0.42505425214767456,0.42505425214767456,0.42505425214767456
15363,0.4261627197265625,0.4261627197265625,0.4261627197265625
15366,0.42635300755500793,0.42635300755500793,0.42635300755500793
15367,0.4259844422340393,0.4259844422340393,0.4259844422340393
15370,0.426606148481369,0.426606148481369,0.426606148481369
15371,0.4265151619911194,0.4265151619911194,0.4265151619911194
15374,0.4269716441631317,0.4269716441631317,0.4269716441631317
15376,0.4273808002471924,0.4273808002471924,0.4273808002471924
15378,0.4276132583618164,0.4276132583618164,0.4276132583618164
15379,0.42733195424079895,0.42733195424079895,0.42733195424079895
15382,0.42771947383880615,0.42771947383880615,0.42771947383880615
15384,0.4278128743171692,0.4278128743171692,0.4278128743171692
15385,0.42732712626457214,0.42732712626457214,0.42732712626457214
15386,0.42722466588020325,0.42722466588020325,0.42722466588020325
15387,0.4268512725830078,0.4268512725830078,0.4268512725830078
15390,0.4253704249858856,0.4253704249858856,0.4253704249858856
15393,0.42534512281417847,0.42534512281417847,0.42534512281417847
15400,0.4248538613319397,0.4248538613319397,0.4248538613319397
15401,0.42476385831832886,0.42476385831832886,0.42476385831832886
15402,0.4246317744255066,0.4246317744255066,0.4246317744255066
15404,0.4256327450275421,0.4256327450275421,0.4256327450275421
15405,0.4256746768951416,0.4256746768951416,0.4256746768951416
15407,0.42572879791259766,0.42572879791259766,0.42572879791259766
15408,0.4257631301879883,0.4257631301879883,0.4257631301879883
15410,0.4256274700164795,0.4256274700164795,0.4256274700164795
15411,0.4257887899875641,0.4257887899875641,0.4257887899875641
15417,0.4244450330734253,0.4244450330734253,0.4244450330734253
15418,0.4243572950363159,0.4243572950363159,0.4243572950363159
15422,0.42458876967430115,0.42458876967430115,0.42458876967430115
15423,0.4243306815624237,0.4243306815624237,0.4243306815624237
15424,0.42432963848114014,0.42432963848114014,0.42432963848114014
15426,0.4246539771556854,0.4246539771556854,0.4246539771556854
15429,0.4252253770828247,0.4252253770828247,0.4252253770828247
15431,0.4256685674190521,0.4256685674190521,0.4256685674190521
15432,0.4252573251724243,0.4252573251724243,0.4252573251724243
15433,0.42483633756637573,0.42483633756637573,0.42483633756637573
15434,0.4250352680683136,0.4250352680683136,0.4250352680683136
15435,0.42536237835884094,0.42536237835884094,0.42536237835884094
15439,0.4249744117259979,0.4249744117259979,0.4249744117259979
15441,0.42432165145874023,0.42432165145874023,0.42432165145874023
15442,0.4244861602783203,0.4244861602783203,0.4244861602783203
15444,0.42405563592910767,0.42405563592910767,0.42405563592910767
15445,0.42298200726509094,0.42298200726509094,0.42298200726509094
15446,0.4226858913898468,0.4226858913898468,0.4226858913898468
15447,0.4226456880569458,0.4226456880569458,0.4226456880569458
15449,0.42157191038131714,0.42157191038131714,0.42157191038131714
15451,0.42131689190864563,0.42131689190864563,0.42131689190864563
15452,0.4210357069969177,0.4210357069969177,0.4210357069969177
15454,0.4206996560096741,0.4206996560096741,0.4206996560096741
15455,0.42067375779151917,0.42067375779151917,0.42067375779151917
15456,0.4205613434314728,0.4205613434314728,0.4205613434314728
15459,0.42147397994995117,0.42147397994995117,0.42147397994995117
15460,0.4213859438896179,0.4213859438896179,0.4213859438896179
15461,0.4216139018535614,0.4216139018535614,0.4216139018535614
15463,0.4215306043624878,0.4215306043624878,0.4215306043624878
15465,0.421249657869339,0.421249657869339,0.421249657869339
15468,0.42115169763565063,0.42115169763565063,0.42115169763565063
15469,0.42073801159858704,0.42073801159858704,0.42073801159858704
15470,0.420582115650177,0.420582115650177,0.420582115650177
15472,0.4214743375778198,0.4214743375778198,0.4214743375778198
15473,0.4209197461605072,0.4209197461605072,0.4209197461605072
15475,0.4208228886127472,0.4208228886127472,0.4208228886127472
15476,0.4209197461605072,0.4209197461605072,0.4209197461605072
15477,0.4208635687828064,0.4208635687828064,0.4208635687828064
15479,0.42158013582229614,0.42158013582229614,0.42158013582229614
15481,0.4211960732936859,0.4211960732936859,0.4211960732936859
15482,0.42038896679878235,0.42038896679878235,0.42038896679878235
15487,0.4194188416004181,0.4194188416004181,0.4194188416004181
15488,0.41911783814430237,0.41911783814430237,0.41911783814430237
15491,0.4191237688064575,0.4191237688064575,0.4191237688064575
15492,0.4191516935825348,0.4191516935825348,0.4191516935825348
15493,0.4188005328178406,0.4188005328178406,0.4188005328178406
15498,0.41834136843681335,0.41834136843681335,0.41834136843681335
15499,0.41824278235435486,0.41824278235435486,0.41824278235435486
15503,0.41865432262420654,0.41865432262420654,0.41865432262420654
15505,0.417789101600647,0.417789101600647,0.417789101600647
15507,0.4184247851371765,0.4184247851371765,0.4184247851371765
15509,0.41852179169654846,0.41852179169654846,0.41852179169654846
15511,0.4179342985153198,0.4179342985153198,0.4179342985153198
15512,0.4173160791397095,0.4173160791397095,0.4173160791397095
15513,0.4170604348182678,0.4170604348182678,0.4170604348182678
15517,0.4156576693058014,0.4156576693058014,0.4156576693058014
15519,0.415728896856308,0.415728896856308,0.415728896856308
15521,0.41566407680511475,0.41566407680511475,0.41566407680511475
15522,0.41545218229293823,0.41545218229293823,0.41545218229293823
15524,0.4146433174610138,0.4146433174610138,0.4146433174610138
15526,0.4138975143432617,0.4138975143432617,0.4138975143432617
15528,0.41331011056900024,0.41331011056900024,0.41331011056900024
15531,0.4135301113128662,0.4135301113128662,0.4135301113128662
15536,0.4150184988975525,0.4150184988975525,0.4150184988975525
15537,0.41494980454444885,0.41494980454444885,0.41494980454444885
15538,0.41463297605514526,0.41463297605514526,0.41463297605514526
15546,0.41278865933418274,0.41278865933418274,0.41278865933418274
15547,0.41303685307502747,0.41303685307502747,0.41303685307502747
15548,0.41313573718070984,0.41313573718070984,0.41313573718070984
15550,0.4129607081413269,0.4129607081413269,0.4129607081413269
15551,0.4132176339626312,0.4132176339626312,0.4132176339626312
15552,0.41326627135276794,0.41326627135276794,0.41326627135276794
15553,0.41349759697914124,0.41349759697914124,0.41349759697914124
15557,0.41364964842796326,0.41364964842796326,0.41364964842796326
15559,0.41334113478660583,0.41334113478660583,0.41334113478660583
15560,0.41271862387657166,0.41271862387657166,0.41271862387657166
15562,0.41208183765411377,0.41208183765411377,0.41208183765411377
15564,0.41161981225013733,0.41161981225013733,0.41161981225013733
15565,0.4116632640361786,0.4116632640361786,0.4116632640361786
15567,0.41255566477775574,0.41255566477775574,0.41255566477775574
15568,0.41289567947387695,0.41289567947387695,0.41289567947387695
15571,0.4139133393764496,0.4139133393764496,0.4139133393764496
15572,0.41385161876678467,0.41385161876678467,0.41385161876678467
15574,0.41385573148727417,0.41385573148727417,0.41385573148727417
15577,0.4132130742073059,0.4132130742073059,0.4132130742073059
15578,0.4134494364261627,0.4134494364261627,0.4134494364261627
15582,0.41317877173423767,0.41317877173423767,0.41317877173423767
15583,0.41335079073905945,0.41335079073905945,0.41335079073905945
15584,0.41354042291641235,0.41354042291641235,0.41354042291641235
15586,0.41375216841697693,0.41375216841697693,0.41375216841697693
15587,0.4139646291732788,0.4139646291732788,0.4139646291732788
15590,0.4146338999271393,0.4146338999271393,0.4146338999271393
15592,0.4150065779685974,0.4150065779685974,0.4150065779685974
15594,0.4153341054916382,0.4153341054916382,0.4153341054916382
15595,0.4153532385826111,0.4153532385826111,0.4153532385826111
15597,0.41507044434547424,0.41507044434547424,0.41507044434547424
15598,0.41544264554977417,0.41544264554977417,0.41544264554977417
15600,0.41598474979400635,0.41598474979400635,0.41598474979400635
15605,0.4175480008125305,0.4175480008125305,0.4175480008125305
15606,0.41717180609703064,0.41717180609703064,0.41717180609703064
15607,0.4170191287994385,0.4170191287994385,0.4170191287994385
15609,0.4164843261241913,0.4164843261241913,0.4164843261241913
15613,0.416020929813385,0.416020929813385,0.416020929813385
15614,0.4160770773887634,0.4160770773887634,0.4160770773887634
15616,0.41641804575920105,0.41641804575920105,0.41641804575920105
15618,0.41722115874290466,0.41722115874290466,0.41722115874290466
15620,0.41812756657600403,0.41812756657600403,0.41812756657600403
15621,0.4178466498851776,0.4178466498851776,0.4178466498851776
15622,0.4180789291858673,0.4180789291858673,0.4180789291858673
15629,0.41659075021743774,0.41659075021743774,0.41659075021743774
15631,0.41728127002716064,0.41728127002716064,0.41728127002716064
15637,0.4175329804420471,0.4175329804420471,0.4175329804420471
15639,0.4177340567111969,0.4177340567111969,0.4177340567111969
15641,0.4183139503002167,0.4183139503002167,0.4183139503002167
15643,0.4193322956562042,0.4193322956562042,0.4193322956562042
15644,0.4197413921356201,0.4197413921356201,0.4197413921356201
15645,0.4199253022670746,0.4199253022670746,0.4199253022670746
15646,0.4204850196838379,0.4204850196838379,0.4204850196838379
15647,0.4210125803947449,0.4210125803947449,0.4210125803947449
15654,0.42346474528312683,0.42346474528312683,0.42346474528312683
15656,0.42304059863090515,0.42304059863090515,0.42304059863090515
15657,0.42277321219444275,0.42277321219444275,0.42277321219444275
15658,0.42236220836639404,0.42236220836639404,0.42236220836639404
15661,0.4213588833808899,0.4213588833808899,0.4213588833808899
15662,0.42121389508247375,0.42121389508247375,0.42121389508247375
15663,0.42158427834510803,0.42158427834510803,0.42158427834510803
15664,0.42183616757392883,0.42183616757392883,0.42183616757392883
15665,0.4218418002128601,0.4218418002128601,0.4218418002128601
15666,0.42185458540916443,0.42185458540916443,0.42185458540916443
15667,0.42203933000564575,0.42203933000564575,0.42203933000564575
15668,0.4223209321498871,0.4223209321498871,0.4223209321498871
15670,0.4222638010978699,0.4222638010978699,0.4222638010978699
15672,0.42254266142845154,0.42254266142845154,0.42254266142845154
15673,0.4223926067352295,0.4223926067352295,0.4223926067352295
15674,0.4223184287548065,0.4223184287548065,0.4223184287548065
15675,0.4225270748138428,0.4225270748138428,0.4225270748138428
15677,0.42174023389816284,0.42174023389816284,0.42174023389816284
15681,0.42222657799720764,0.42222657799720764,0.42222657799720764
15682,0.42216894030570984,0.42216894030570984,0.42216894030570984
15684,0.42203396558761597,0.42203396558761597,0.42203396558761597
15685,0.42220795154571533,0.42220795154571533,0.42220795154571533
15687,0.42347273230552673,0.42347273230552673,0.42347273230552673
15688,0.42421677708625793,0.42421677708625793,0.42421677708625793
15690,0.4245542287826538,0.4245542287826538,0.4245542287826538
15692,0.4242972731590271,0.4242972731590271,0.4242972731590271
15693,0.4246794879436493,0.4246794879436493,0.4246794879436493
15696,0.42459428310394287,0.42459428310394287,0.42459428310394287
15697,0.424534410238266,0.424534410238266,0.424534410238266
15698,0.42479562759399414,0.42479562759399414,0.42479562759399414
15700,0.4251182973384857,0.4251182973384857,0.4251182973384857
15701,0.4252018630504608,0.4252018630504608,0.4252018630504608
15702,0.4255340099334717,0.4255340099334717,0.4255340099334717
15704,0.42507824301719666,0.42507824301719666,0.42507824301719666
15707,0.42492029070854187,0.42492029070854187,0.42492029070854187
15708,0.42465940117836,0.42465940117836,0.42465940117836
15711,0.42384451627731323,0.42384451627731323,0.42384451627731323
15712,0.42402148246765137,0.42402148246765137,0.42402148246765137
15713,0.42479050159454346,0.42479050159454346,0.42479050159454346
15714,0.4252604842185974,0.4252604842185974,0.4252604842185974
15715,0.424858033657074,0.424858033657074,0.424858033657074
15716,0.42423635721206665,0.42423635721206665,0.42423635721206665
15717,0.42370593547821045,0.42370593547821045,0.42370593547821045
15721,0.42303192615509033,0.42303192615509033,0.42303192615509033
15724,0.42363202571868896,0.42363202571868896,0.42363202571868896
15727,0.4224805235862732,0.4224805235862732,0.4224805235862732
15728,0.4226338565349579,0.4226338565349579,0.4226338565349579
15729,0.4229554831981659,0.4229554831981659,0.4229554831981659
15733,0.424466609954834,0.424466609954834,0.424466609954834
15734,0.42411816120147705,0.42411816120147705,0.42411816120147705
15736,0.42419612407684326,0.42419612407684326,0.42419612407684326
15738,0.42436307668685913,0.42436307668685913,0.42436307668685913
15741,0.42496275901794434,0.42496275901794434,0.42496275901794434
15742,0.42478904128074646,0.42478904128074646,0.42478904128074646
15743,0.42448580265045166,0.42448580265045166,0.42448580265045166
15744,0.4241253435611725,0.4241253435611725,0.4241253435611725
15746,0.4238628149032593,0.4238628149032593,0.4238628149032593
15747,0.42443758249282837,0.42443758249282837,0.42443758249282837
15748,0.4245191216468811,0.4245191216468811,0.4245191216468811
15749,0.4242192506790161,0.4242192506790161,0.4242192506790161
15750,0.4239702522754669,0.4239702522754669,0.4239702522754669
15751,0.4240534007549286,0.4240534007549286,0.4240534007549286
15752,0.42384424805641174,0.42384424805641174,0.42384424805641174
15757,0.42258062958717346,0.42258062958717346,0.42258062958717346
15759,0.4229319095611572,0.4229319095611572,0.4229319095611572
15760,0.4228844940662384,0.4228844940662384,0.4228844940662384
15761,0.4231134355068207,0.4231134355068207,0.4231134355068207
15762,0.4235450327396393,0.4235450327396393,0.4235450327396393
15763,0.4239256680011749,0.4239256680011749,0.4239256680011749
15764,0.42390358448028564,0.42390358448028564,0.42390358448028564
15765,0.42394936084747314,0.42394936084747314,0.42394936084747314
15766,0.423860102891922,0.423860102891922,0.423860102891922
15773,0.42385584115982056,0.42385584115982056,0.42385584115982056
15774,0.42381367087364197,0.42381367087364197,0.42381367087364197
15777,0.42512884736061096,0.42512884736061096,0.42512884736061096
15780,0.42415446043014526,0.42415446043014526,0.42415446043014526
15783,0.42429378628730774,0.42429378628730774,0.42429378628730774
15785,0.42447739839553833,0.42447739839553833,0.42447739839553833
15786,0.42420169711112976,0.42420169711112976,0.42420169711112976
15788,0.42417439818382263,0.42417439818382263,0.42417439818382263
15789,0.4242096543312073,0.4242096543312073,0.4242096543312073
15790,0.4244050681591034,0.4244050681591034,0.4244050681591034
15796,0.42363935708999634,0.42363935708999634,0.42363935708999634
15797,0.42395251989364624,0.42395251989364624,0.42395251989364624
15798,0.4238588809967041,0.4238588809967041,0.4238588809967041
15799,0.423789381980896,0.423789381980896,0.423789381980896
15800,0.42341768741607666,0.42341768741607666,0.42341768741607666
15801,0.42363521456718445,0.42363521456718445,0.42363521456718445
15803,0.42352136969566345,0.42352136969566345,0.42352136969566345
15804,0.4233160614967346,0.4233160614967346,0.4233160614967346
15805,0.4228942096233368,0.4228942096233368,0.4228942096233368
15806,0.4228369891643524,0.4228369891643524,0.4228369891643524
15807,0.42345669865608215,0.42345669865608215,0.42345669865608215
15808,0.4238292872905731,0.4238292872905731,0.4238292872905731
15811,0.42372646927833557,0.42372646927833557,0.42372646927833557
15816,0.4233050048351288,0.4233050048351288,0.4233050048351288
15817,0.42340990900993347,0.42340990900993347,0.42340990900993347
15819,0.423483282327652,0.423483282327652,0.423483282327652
15820,0.42333871126174927,0.42333871126174927,0.42333871126174927
15821,0.42357662320137024,0.42357662320137024,0.42357662320137024
15822,0.42354902625083923,0.42354902625083923,0.42354902625083923
15823,0.4234474301338196,0.4234474301338196,0.4234474301338196
15826,0.4228209853172302,0.4228209853172302,0.4228209853172302
15827,0.42205214500427246,0.42205214500427246,0.42205214500427246
15829,0.42165520787239075,0.42165520787239075,0.42165520787239075
15831,0.4207785129547119,0.4207785129547119,0.4207785129547119
15832,0.42088788747787476,0.42088788747787476,0.42088788747787476
15833,0.4212155044078827,0.4212155044078827,0.4212155044078827
15835,0.4221782088279724,0.4221782088279724,0.4221782088279724
15836,0.422248899936676,0.422248899936676,0.422248899936676
15837,0.4221822917461395,0.4221822917461395,0.4221822917461395
15838,0.4220353364944458,0.4220353364944458,0.4220353364944458
15839,0.4218937158584595,0.4218937158584595,0.4218937158584595
15840,0.4219723045825958,0.4219723045825958,0.4219723045825958
15843,0.42339834570884705,0.42339834570884705,0.42339834570884705
15845,0.4235224723815918,0.4235224723815918,0.4235224723815918
15846,0.4236803948879242,0.4236803948879242,0.4236803948879242
15847,0.42387107014656067,0.42387107014656067,0.42387107014656067
15849,0.42443177103996277,0.42443177103996277,0.42443177103996277
15850,0.42431411147117615,0.42431411147117615,0.42431411147117615
15853,0.42430412769317627,0.42430412769317627,0.42430412769317627
15854,0.4243107736110687,0.4243107736110687,0.4243107736110687
15855,0.4244443476200104,0.4244443476200104,0.4244443476200104
15857,0.4243462383747101,0.4243462383747101,0.4243462383747101
15861,0.4231800138950348,0.4231800138950348,0.4231800138950348
15863,0.4223276972770691,0.4223276972770691,0.4223276972770691
15864,0.4220081865787506,0.4220081865787506,0.4220081865787506
15866,0.4215140640735626,0.4215140640735626,0.4215140640735626
15868,0.4208945631980896,0.4208945631980896,0.4208945631980896
15870,0.4208429753780365,0.4208429753780365,0.4208429753780365
15873,0.4210996627807617,0.4210996627807617,0.4210996627807617
15876,0.42065194249153137,0.42065194249153137,0.42065194249153137
15878,0.4208507239818573,0.4208507239818573,0.4208507239818573
15879,0.4210524559020996,0.4210524559020996,0.4210524559020996
15880,0.4207925796508789,0.4207925796508789,0.4207925796508789
15882,0.41964825987815857,0.41964825987815857,0.41964825987815857
15883,0.4195292294025421,0.4195292294025421,0.4195292294025421
15888,0.42054346203804016,0.42054346203804016,0.42054346203804016
15889,0.4205390512943268,0.4205390512943268,0.4205390512943268
15890,0.4199211895465851,0.4199211895465851,0.4199211895465851
15891,0.41937294602394104,0.41937294602394104,0.41937294602394104
15898,0.41851499676704407,0.41851499676704407,0.41851499676704407
15899,0.4182325303554535,0.4182325303554535,0.4182325303554535
15900,0.41800326108932495,0.41800326108932495,0.41800326108932495
15901,0.41765034198760986,0.41765034198760986,0.41765034198760986
15903,0.4177340567111969,0.4177340567111969,0.4177340567111969
15904,0.41811344027519226,0.41811344027519226,0.41811344027519226
15905,0.4184283912181854,0.4184283912181854,0.4184283912181854
15907,0.41818997263908386,0.41818997263908386,0.41818997263908386
15912,0.41792720556259155,0.41792720556259155,0.41792720556259155
15913,0.4183541536331177,0.4183541536331177,0.4183541536331177
15914,0.4185165762901306,0.4185165762901306,0.4185165762901306
15917,0.4185056686401367,0.4185056686401367,0.4185056686401367
15919,0.4192203879356384,0.4192203879356384,0.4192203879356384
15920,0.41898465156555176,0.41898465156555176,0.41898465156555176
15921,0.418934166431427,0.418934166431427,0.418934166431427
15922,0.4190814197063446,0.4190814197063446,0.4190814197063446
15923,0.41887202858924866,0.41887202858924866,0.41887202858924866
15924,0.4188218116760254,0.4188218116760254,0.4188218116760254
15926,0.41894033551216125,0.41894033551216125,0.41894033551216125
15927,0.4184231460094452,0.4184231460094452,0.4184231460094452
15928,0.41817280650138855,0.41817280650138855,0.41817280650138855
15929,0.4181840419769287,0.4181840419769287,0.4181840419769287
15930,0.41823652386665344,0.41823652386665344,0.41823652386665344
15932,0.4183330535888672,0.4183330535888672,0.4183330535888672
15933,0.41859129071235657,0.41859129071235657,0.41859129071235657
15934,0.4188094139099121,0.4188094139099121,0.4188094139099121
15935,0.4191743731498718,0.4191743731498718,0.4191743731498718
15938,0.4198673963546753,0.4198673963546753,0.4198673963546753
15939,0.4197905957698822,0.4197905957698822,0.4197905957698822
15940,0.4199945032596588,0.4199945032596588,0.4199945032596588
15941,0.42002999782562256,0.42002999782562256,0.42002999782562256
15942,0.41956719756126404,0.41956719756126404,0.41956719756126404
15945,0.41821208596229553,0.41821208596229553,0.41821208596229553
15953,0.41933515667915344,0.41933515667915344,0.41933515667915344
15955,0.4203982353210449,0.4203982353210449,0.4203982353210449
15956,0.42071792483329773,0.42071792483329773,0.42071792483329773
15957,0.4207577407360077,0.4207577407360077,0.4207577407360077
15959,0.42026761174201965,0.42026761174201965,0.42026761174201965
15961,0.4201788604259491,0.4201788604259491,0.4201788604259491
15965,0.41972634196281433,0.41972634196281433,0.41972634196281433
15966,0.4201590120792389,0.4201590120792389,0.4201590120792389
15968,0.42134028673171997,0.42134028673171997,0.42134028673171997
15969,0.4215594530105591,0.4215594530105591,0.4215594530105591
15970,0.4213792383670807,0.4213792383670807,0.4213792383670807
15971,0.42103010416030884,0.42103010416030884,0.42103010416030884
15972,0.4206750988960266,0.4206750988960266,0.4206750988960266
15974,0.420725017786026,0.420725017786026,0.420725017786026
15976,0.42001527547836304,0.42001527547836304,0.42001527547836304
15977,0.4200507700443268,0.4200507700443268,0.4200507700443268
15978,0.4205106496810913,0.4205106496810913,0.4205106496810913
15981,0.4220396876335144,0.4220396876335144,0.4220396876335144
15987,0.4210246503353119,0.4210246503353119,0.4210246503353119
15989,0.4201270043849945,0.4201270043849945,0.4201270043849945
15991,0.4199331998825073,0.4199331998825073,0.4199331998825073
15992,0.4196673333644867,0.4196673333644867,0.4196673333644867
15997,0.42108452320098877,0.42108452320098877,0.42108452320098877
16000,0.42165324091911316,0.42165324091911316,0.42165324091911316
16001,0.4208967387676239,0.4208967387676239,0.4208967387676239
16006,0.4198194444179535,0.4198194444179535,0.4198194444179535
16008,0.420492559671402,0.420492559671402,0.420492559671402
16009,0.42026951909065247,0.42026951909065247,0.42026951909065247
16010,0.4202975630760193,0.4202975630760193,0.4202975630760193
16011,0.41991910338401794,0.41991910338401794,0.41991910338401794
16012,0.419771671295166,0.419771671295166,0.419771671295166
16013,0.4197513163089752,0.4197513163089752,0.4197513163089752
16016,0.4201625883579254,0.4201625883579254,0.4201625883579254
16017,0.4205535650253296,0.4205535650253296,0.4205535650253296
16019,0.42098647356033325,0.42098647356033325,0.42098647356033325
16020,0.42164507508277893,0.42164507508277893,0.42164507508277893
16023,0.4222954511642456,0.4222954511642456,0.4222954511642456
16025,0.4231094419956207,0.4231094419956207,0.4231094419956207
16030,0.4249809980392456,0.4249809980392456,0.4249809980392456
16031,0.42497166991233826,0.42497166991233826,0.42497166991233826
16032,0.4250636398792267,0.4250636398792267,0.4250636398792267
16033,0.4250684976577759,0.4250684976577759,0.4250684976577759
16036,0.4254741370677948,0.4254741370677948,0.4254741370677948
16038,0.4253813922405243,0.4253813922405243,0.4253813922405243
16040,0.42570948600769043,0.42570948600769043,0.42570948600769043
16042,0.4250999391078949,0.4250999391078949,0.4250999391078949
16044,0.4252849221229553,0.4252849221229553,0.4252849221229553
16045,0.4255240261554718,0.4255240261554718,0.4255240261554718
16048,0.42518991231918335,0.42518991231918335,0.42518991231918335
16051,0.4257444739341736,0.4257444739341736,0.4257444739341736
16052,0.42597049474716187,0.42597049474716187,0.42597049474716187
16053,0.42535993456840515,0.42535993456840515,0.42535993456840515
16054,0.4250307083129883,0.4250307083129883,0.4250307083129883
16055,0.4247676134109497,0.4247676134109497,0.4247676134109497
16056,0.4245429039001465,0.4245429039001465,0.4245429039001465
16058,0.42356327176094055,0.42356327176094055,0.42356327176094055
16059,0.423132985830307,0.423132985830307,0.423132985830307
16060,0.42285236716270447,0.42285236716270447,0.42285236716270447
16062,0.42193853855133057,0.42193853855133057,0.42193853855133057
16064,0.42211198806762695,0.42211198806762695,0.42211198806762695
16068,0.42225152254104614,0.42225152254104614,0.42225152254104614
16069,0.4222913086414337,0.4222913086414337,0.4222913086414337
16070,0.4222559332847595,0.4222559332847595,0.4222559332847595
16071,0.4221686124801636,0.4221686124801636,0.4221686124801636
16074,0.4215949475765228,0.4215949475765228,0.4215949475765228
16076,0.42087000608444214,0.42087000608444214,0.42087000608444214
16078,0.42152175307273865,0.42152175307273865,0.42152175307273865
16079,0.4216063618659973,0.4216063618659973,0.4216063618659973
16081,0.4216872751712799,0.4216872751712799,0.4216872751712799
16082,0.42128023505210876,0.42128023505210876,0.42128023505210876
16084,0.42044463753700256,0.42044463753700256,0.42044463753700256
16087,0.41960611939430237,0.41960611939430237,0.41960611939430237
16088,0.4192346930503845,0.4192346930503845,0.4192346930503845
16089,0.4191224277019501,0.4191224277019501,0.4191224277019501
16092,0.4182852506637573,0.4182852506637573,0.4182852506637573
16093,0.4184678792953491,0.4184678792953491,0.4184678792953491
16096,0.4188369810581207,0.4188369810581207,0.4188369810581207
16099,0.41896188259124756,0.41896188259124756,0.41896188259124756
16101,0.4186096489429474,0.4186096489429474,0.4186096489429474
16102,0.4191838800907135,0.4191838800907135,0.4191838800907135
16104,0.4202324450016022,0.4202324450016022,0.4202324450016022
16110,0.42179468274116516,0.42179468274116516,0.42179468274116516
16115,0.42046239972114563,0.42046239972114563,0.42046239972114563
16118,0.4191572070121765,0.4191572070121765,0.4191572070121765
16120,0.4191911816596985,0.4191911816596985,0.4191911816596985
16123,0.41881635785102844,0.41881635785102844,0.41881635785102844
16129,0.417275995016098,0.417275995016098,0.417275995016098
16136,0.4165697693824768,0.4165697693824768,0.4165697693824768
16137,0.416850745677948,0.416850745677948,0.416850745677948
16138,0.4172281324863434,0.4172281324863434,0.4172281324863434
16139,0.4170432686805725,0.4170432686805725,0.4170432686805725
16141,0.41788142919540405,0.41788142919540405,0.41788142919540405
16143,0.4181680977344513,0.4181680977344513,0.4181680977344513
16144,0.4181509017944336,0.4181509017944336,0.4181509017944336
16146,0.4182204604148865,0.4182204604148865,0.4182204604148865
16148,0.4194854497909546,0.4194854497909546,0.4194854497909546
16149,0.4194435179233551,0.4194435179233551,0.4194435179233551
16150,0.41935300827026367,0.41935300827026367,0.41935300827026367
16155,0.4198681712150574,0.4198681712150574,0.4198681712150574
16156,0.41998621821403503,0.41998621821403503,0.41998621821403503
16158,0.4195729196071625,0.4195729196071625,0.4195729196071625
16159,0.4197843372821808,0.4197843372821808,0.4197843372821808
16160,0.41994476318359375,0.41994476318359375,0.41994476318359375
16162,0.42070966958999634,0.42070966958999634,0.42070966958999634
16163,0.4206940531730652,0.4206940531730652,0.4206940531730652
16164,0.4205676019191742,0.4205676019191742,0.4205676019191742
16165,0.4204028844833374,0.4204028844833374,0.4204028844833374
16168,0.41919463872909546,0.41919463872909546,0.41919463872909546
16170,0.4181327521800995,0.4181327521800995,0.4181327521800995
16175,0.41943904757499695,0.41943904757499695,0.41943904757499695
16176,0.4193771183490753,0.4193771183490753,0.4193771183490753
16177,0.4190238416194916,0.4190238416194916,0.4190238416194916
16181,0.41920799016952515,0.41920799016952515,0.41920799016952515
16182,0.4188738465309143,0.4188738465309143,0.4188738465309143
16184,0.4183172285556793,0.4183172285556793,0.4183172285556793
16187,0.4184509217739105,0.4184509217739105,0.4184509217739105
16189,0.41853588819503784,0.41853588819503784,0.41853588819503784
16190,0.41838666796684265,0.41838666796684265,0.41838666796684265
16193,0.41807258129119873,0.41807258129119873,0.41807258129119873
16194,0.41762927174568176,0.41762927174568176,0.41762927174568176
16195,0.417694091796875,0.417694091796875,0.417694091796875
16198,0.4185160994529724,0.4185160994529724,0.4185160994529724
16200,0.419511616230011,0.419511616230011,0.419511616230011
16202,0.4203087389469147,0.4203087389469147,0.4203087389469147
16203,0.4203619360923767,0.4203619360923767,0.4203619360923767
16204,0.4201057553291321,0.4201057553291321,0.4201057553291321
16205,0.4202345013618469,0.4202345013618469,0.4202345013618469
16206,0.4199826121330261,0.4199826121330261,0.4199826121330261
16208,0.41958898305892944,0.41958898305892944,0.41958898305892944
16215,0.4209113121032715,0.4209113121032715,0.4209113121032715
16216,0.42098963260650635,0.42098963260650635,0.42098963260650635
16219,0.41998887062072754,0.41998887062072754,0.41998887062072754
16221,0.41959553956985474,0.41959553956985474,0.41959553956985474
16222,0.41961389780044556,0.41961389780044556,0.41961389780044556
16223,0.41989392042160034,0.41989392042160034,0.41989392042160034
16224,0.4198395311832428,0.4198395311832428,0.4198395311832428
16226,0.41934695839881897,0.41934695839881897,0.41934695839881897
16230,0.4206770360469818,0.4206770360469818,0.4206770360469818
16234,0.4218246042728424,0.4218246042728424,0.4218246042728424
16237,0.4221787452697754,0.4221787452697754,0.4221787452697754
16239,0.4217751622200012,0.4217751622200012,0.4217751622200012
16240,0.4222005009651184,0.4222005009651184,0.4222005009651184
16241,0.4222499132156372,0.4222499132156372,0.4222499132156372
16243,0.42304670810699463,0.42304670810699463,0.42304670810699463
16244,0.4233328104019165,0.4233328104019165,0.4233328104019165
16247,0.4242025911808014,0.4242025911808014,0.4242025911808014
16250,0.4249837100505829,0.4249837100505829,0.4249837100505829
16252,0.42406460642814636,0.42406460642814636,0.42406460642814636
16255,0.42426347732543945,0.42426347732543945,0.42426347732543945
16257,0.4246629774570465,0.4246629774570465,0.4246629774570465
16258,0.424527108669281,0.424527108669281,0.424527108669281
16261,0.42553263902664185,0.42553263902664185,0.42553263902664185
16263,0.4255959391593933,0.4255959391593933,0.4255959391593933
16264,0.425522118806839,0.425522118806839,0.425522118806839
16265,0.4254189729690552,0.4254189729690552,0.4254189729690552
16266,0.4253620505332947,0.4253620505332947,0.4253620505332947
16268,0.4246172308921814,0.4246172308921814,0.4246172308921814
16269,0.42476385831832886,0.42476385831832886,0.42476385831832886
16272,0.4255061149597168,0.4255061149597168,0.4255061149597168
16273,0.4260494112968445,0.4260494112968445,0.4260494112968445
16274,0.42640313506126404,0.42640313506126404,0.42640313506126404
16275,0.42694091796875,0.42694091796875,0.42694091796875
16279,0.4272041618824005,0.4272041618824005,0.4272041618824005
16281,0.42702916264533997,0.42702916264533997,0.42702916264533997
16282,0.4274219274520874,0.4274219274520874,0.4274219274520874
16283,0.42712125182151794,0.42712125182151794,0.42712125182151794
16285,0.4261842370033264,0.4261842370033264,0.4261842370033264
16288,0.4253998100757599,0.4253998100757599,0.4253998100757599
16291,0.42394474148750305,0.42394474148750305,0.42394474148750305
16292,0.4242408573627472,0.4242408573627472,0.4242408573627472
16295,0.4241783916950226,0.4241783916950226,0.4241783916950226
16296,0.4240068197250366,0.4240068197250366,0.4240068197250366
16299,0.4234766662120819,0.4234766662120819,0.4234766662120819
16300,0.42348381876945496,0.42348381876945496,0.42348381876945496
16304,0.42365995049476624,0.42365995049476624,0.42365995049476624
16307,0.4242730140686035,0.4242730140686035,0.4242730140686035
16309,0.42453718185424805,0.42453718185424805,0.42453718185424805
16313,0.42279985547065735,0.42279985547065735,0.42279985547065735
16314,0.4222167432308197,0.4222167432308197,0.4222167432308197
16315,0.42210087180137634,0.42210087180137634,0.42210087180137634
16317,0.42293721437454224,0.42293721437454224,0.42293721437454224
16319,0.4235228896141052,0.4235228896141052,0.4235228896141052
16320,0.42385393381118774,0.42385393381118774,0.42385393381118774
16324,0.4238027334213257,0.4238027334213257,0.4238027334213257
16326,0.4239561855792999,0.4239561855792999,0.4239561855792999
16329,0.4249020218849182,0.4249020218849182,0.4249020218849182
16330,0.42520686984062195,0.42520686984062195,0.42520686984062195
16331,0.42496970295906067,0.42496970295906067,0.42496970295906067
16334,0.42475786805152893,0.42475786805152893,0.42475786805152893
16336,0.4252130389213562,0.4252130389213562,0.4252130389213562
16337,0.42490696907043457,0.42490696907043457,0.42490696907043457
16340,0.42496827244758606,0.42496827244758606,0.42496827244758606
16342,0.4240155816078186,0.4240155816078186,0.4240155816078186
16343,0.4241185784339905,0.4241185784339905,0.4241185784339905
16348,0.42147529125213623,0.42147529125213623,0.42147529125213623
16349,0.42085978388786316,0.42085978388786316,0.42085978388786316
16351,0.4208231568336487,0.4208231568336487,0.4208231568336487
16353,0.4212692975997925,0.4212692975997925,0.4212692975997925
16354,0.4217049181461334,0.4217049181461334,0.4217049181461334
16356,0.4222414493560791,0.4222414493560791,0.4222414493560791
16357,0.4225088059902191,0.4225088059902191,0.4225088059902191
16358,0.42233413457870483,0.42233413457870483,0.42233413457870483
16363,0.4219886064529419,0.4219886064529419,0.4219886064529419
16364,0.4220396876335144,0.4220396876335144,0.4220396876335144
16365,0.42210668325424194,0.42210668325424194,0.42210668325424194
16366,0.4221828877925873,0.4221828877925873,0.4221828877925873
16369,0.42207685112953186,0.42207685112953186,0.42207685112953186
16370,0.42245322465896606,0.42245322465896606,0.42245322465896606
16374,0.42283618450164795,0.42283618450164795,0.42283618450164795
16376,0.4229206144809723,0.4229206144809723,0.4229206144809723
16378,0.42201223969459534,0.42201223969459534,0.42201223969459534
16382,0.42223241925239563,0.42223241925239563,0.42223241925239563
16390,0.42185553908348083,0.42185553908348083,0.42185553908348083
16391,0.4219050109386444,0.4219050109386444,0.4219050109386444
16392,0.42201870679855347,0.42201870679855347,0.42201870679855347
16396,0.42206209897994995,0.42206209897994995,0.42206209897994995
16398,0.42226749658584595,0.42226749658584595,0.42226749658584595
16399,0.4219018816947937,0.4219018816947937,0.4219018816947937
16400,0.4221309423446655,0.4221309423446655,0.4221309423446655
16401,0.42220833897590637,0.42220833897590637,0.42220833897590637
16402,0.42195919156074524,0.42195919156074524,0.42195919156074524
16403,0.4219024181365967,0.4219024181365967,0.4219024181365967
16408,0.42293381690979004,0.42293381690979004,0.42293381690979004
16411,0.4236850440502167,0.4236850440502167,0.4236850440502167
16412,0.42360496520996094,0.42360496520996094,0.42360496520996094
16414,0.4239158034324646,0.4239158034324646,0.4239158034324646
16416,0.422934353351593,0.422934353351593,0.422934353351593
16425,0.42036449909210205,0.42036449909210205,0.42036449909210205
16426,0.4204500913619995,0.4204500913619995,0.4204500913619995
16427,0.42023855447769165,0.42023855447769165,0.42023855447769165
16429,0.4197557270526886,0.4197557270526886,0.4197557270526886
16430,0.42003539204597473,0.42003539204597473,0.42003539204597473
16431,0.4201366603374481,0.4201366603374481,0.4201366603374481
16432,0.41987597942352295,0.41987597942352295,0.41987597942352295
16433,0.419863760471344,0.419863760471344,0.419863760471344
16435,0.419980525970459,0.419980525970459,0.419980525970459
16436,0.4193120002746582,0.4193120002746582,0.4193120002746582
16438,0.4185110926628113,0.4185110926628113,0.4185110926628113
16441,0.4179433584213257,0.4179433584213257,0.4179433584213257
16443,0.41763266921043396,0.41763266921043396,0.41763266921043396
16444,0.4173873960971832,0.4173873960971832,0.4173873960971832
16445,0.41745245456695557,0.41745245456695557,0.41745245456695557
16446,0.41754817962646484,0.41754817962646484,0.41754817962646484
16447,0.4173790514469147,0.4173790514469147,0.4173790514469147
16451,0.41813087463378906,0.41813087463378906,0.41813087463378906
16453,0.41845718026161194,0.41845718026161194,0.41845718026161194
16454,0.4189091622829437,0.4189091622829437,0.4189091622829437
16455,0.41912171244621277,0.41912171244621277,0.41912171244621277
16456,0.41911232471466064,0.41911232471466064,0.41911232471466064
16458,0.41956478357315063,0.41956478357315063,0.41956478357315063
16459,0.4194537401199341,0.4194537401199341,0.4194537401199341
16462,0.41903066635131836,0.41903066635131836,0.41903066635131836
16463,0.41919001936912537,0.41919001936912537,0.41919001936912537
16467,0.4207988977432251,0.4207988977432251,0.4207988977432251
16470,0.41995325684547424,0.41995325684547424,0.41995325684547424
16473,0.41884827613830566,0.41884827613830566,0.41884827613830566
16474,0.41856101155281067,0.41856101155281067,0.41856101155281067
16477,0.4186384379863739,0.4186384379863739,0.4186384379863739
16478,0.41865888237953186,0.41865888237953186,0.41865888237953186
16484,0.41899046301841736,0.41899046301841736,0.41899046301841736
16486,0.4187881350517273,0.4187881350517273,0.4187881350517273
16488,0.4186835289001465,0.4186835289001465,0.4186835289001465
16489,0.41914719343185425,0.41914719343185425,0.41914719343185425
16490,0.41966986656188965,0.41966986656188965,0.41966986656188965
16491,0.41963818669319153,0.41963818669319153,0.41963818669319153
16492,0.4195149838924408,0.4195149838924408,0.4195149838924408
16496,0.4197351932525635,0.4197351932525635,0.4197351932525635
16498,0.4210531711578369,0.4210531711578369,0.4210531711578369
16502,0.4214996099472046,0.4214996099472046,0.4214996099472046
16503,0.4219581186771393,0.4219581186771393,0.4219581186771393
16506,0.4236905574798584,0.4236905574798584,0.4236905574798584
16507,0.42437830567359924,0.42437830567359924,0.42437830567359924
16511,0.42435547709465027,0.42435547709465027,0.42435547709465027
16515,0.4228110611438751,0.4228110611438751,0.4228110611438751
16517,0.423687219619751,0.423687219619751,0.423687219619751
16519,0.4241628646850586,0.4241628646850586,0.4241628646850586
16523,0.42339059710502625,0.42339059710502625,0.42339059710502625
16528,0.4233793616294861,0.4233793616294861,0.4233793616294861
16530,0.42313820123672485,0.42313820123672485,0.42313820123672485
16531,0.4226570129394531,0.4226570129394531,0.4226570129394531
16532,0.4225638806819916,0.4225638806819916,0.4225638806819916
16535,0.42346805334091187,0.42346805334091187,0.42346805334091187
16538,0.4241289794445038,0.4241289794445038,0.4241289794445038
16541,0.42379817366600037,0.42379817366600037,0.42379817366600037
16542,0.42374977469444275,0.42374977469444275,0.42374977469444275
16544,0.42342862486839294,0.42342862486839294,0.42342862486839294
16545,0.42317649722099304,0.42317649722099304,0.42317649722099304
16548,0.42165231704711914,0.42165231704711914,0.42165231704711914
16549,0.4212184548377991,0.4212184548377991,0.4212184548377991
16554,0.41877296566963196,0.41877296566963196,0.41877296566963196
16555,0.4181455373764038,0.4181455373764038,0.4181455373764038
16557,0.41770172119140625,0.41770172119140625,0.41770172119140625
16558,0.41723302006721497,0.41723302006721497,0.41723302006721497
16559,0.4169454574584961,0.4169454574584961,0.4169454574584961
16560,0.41670113801956177,0.41670113801956177,0.41670113801956177
16564,0.4172669053077698,0.4172669053077698,0.4172669053077698
16568,0.4175911843776703,0.4175911843776703,0.4175911843776703
16570,0.41737568378448486,0.41737568378448486,0.41737568378448486
16571,0.41733288764953613,0.41733288764953613,0.41733288764953613
16572,0.4173488914966583,0.4173488914966583,0.4173488914966583
16575,0.4176748991012573,0.4176748991012573,0.4176748991012573
16576,0.4178277254104614,0.4178277254104614,0.4178277254104614
16578,0.4171782433986664,0.4171782433986664,0.4171782433986664
16582,0.41735145449638367,0.41735145449638367,0.41735145449638367
16583,0.41673222184181213,0.41673222184181213,0.41673222184181213
16585,0.41631650924682617,0.41631650924682617,0.41631650924682617
16586,0.4162302315235138,0.4162302315235138,0.4162302315235138
16587,0.41630569100379944,0.41630569100379944,0.41630569100379944
16588,0.41585537791252136,0.41585537791252136,0.41585537791252136
16589,0.41560834646224976,0.41560834646224976,0.41560834646224976
16594,0.4159111976623535,0.4159111976623535,0.4159111976623535
16595,0.4161670506000519,0.4161670506000519,0.4161670506000519
16597,0.4166621267795563,0.4166621267795563,0.4166621267795563
16599,0.4163440763950348,0.4163440763950348,0.4163440763950348
16604,0.416490375995636,0.416490375995636,0.416490375995636
16605,0.4164406657218933,0.4164406657218933,0.4164406657218933
16610,0.4159351885318756,0.4159351885318756,0.4159351885318756
16611,0.4160377085208893,0.4160377085208893,0.4160377085208893
16613,0.416140615940094,0.416140615940094,0.416140615940094
16614,0.4160774350166321,0.4160774350166321,0.4160774350166321
16615,0.41622066497802734,0.41622066497802734,0.41622066497802734
16616,0.41616156697273254,0.41616156697273254,0.41616156697273254
16617,0.41589975357055664,0.41589975357055664,0.41589975357055664
16618,0.4153577983379364,0.4153577983379364,0.4153577983379364
16622,0.4161931574344635,0.4161931574344635,0.4161931574344635
16623,0.416500985622406,0.416500985622406,0.416500985622406
16624,0.4160613417625427,0.4160613417625427,0.4160613417625427
16626,0.4157158136367798,0.4157158136367798,0.4157158136367798
16629,0.4157939553260803,0.4157939553260803,0.4157939553260803
16631,0.4161001443862915,0.4161001443862915,0.4161001443862915
16632,0.41597622632980347,0.41597622632980347,0.41597622632980347
16635,0.41578108072280884,0.41578108072280884,0.41578108072280884
16637,0.4152512550354004,0.4152512550354004,0.4152512550354004
16638,0.41528841853141785,0.41528841853141785,0.41528841853141785
16640,0.416742742061615,0.416742742061615,0.416742742061615
16642,0.4166089594364166,0.4166089594364166,0.4166089594364166
16644,0.41645196080207825,0.41645196080207825,0.41645196080207825
16645,0.41672924160957336,0.41672924160957336,0.41672924160957336
16647,0.41631296277046204,0.41631296277046204,0.41631296277046204
16648,0.41598621010780334,0.41598621010780334,0.41598621010780334
16649,0.4160096347332001,0.4160096347332001,0.4160096347332001
16650,0.41599392890930176,0.41599392890930176,0.41599392890930176
16655,0.4152703881263733,0.4152703881263733,0.4152703881263733
16656,0.4146982729434967,0.4146982729434967,0.4146982729434967
16657,0.4147022068500519,0.4147022068500519,0.4147022068500519
16660,0.414691299200058,0.414691299200058,0.414691299200058
16662,0.41444435715675354,0.41444435715675354,0.41444435715675354
16667,0.41373300552368164,0.41373300552368164,0.41373300552368164
16671,0.41346511244773865,0.41346511244773865,0.41346511244773865
16672,0.4136519432067871,0.4136519432067871,0.4136519432067871
16673,0.4131954610347748,0.4131954610347748,0.4131954610347748
16674,0.4129922091960907,0.4129922091960907,0.4129922091960907
16675,0.41261395812034607,0.41261395812034607,0.41261395812034607
16676,0.41265425086021423,0.41265425086021423,0.41265425086021423
16678,0.4125276505947113,0.4125276505947113,0.4125276505947113
16686,0.41410166025161743,0.41410166025161743,0.41410166025161743
16687,0.4140505790710449,0.4140505790710449,0.4140505790710449
16690,0.4150407910346985,0.4150407910346985,0.4150407910346985
16692,0.41567540168762207,0.41567540168762207,0.41567540168762207
16693,0.4159647226333618,0.4159647226333618,0.4159647226333618
16694,0.4161716401576996,0.4161716401576996,0.4161716401576996
16696,0.41600683331489563,0.41600683331489563,0.41600683331489563
16697,0.41635578870773315,0.41635578870773315,0.41635578870773315
16698,0.41645288467407227,0.41645288467407227,0.41645288467407227
16699,0.4158450663089752,0.4158450663089752,0.4158450663089752
16700,0.41578948497772217,0.41578948497772217,0.41578948497772217
16702,0.41662800312042236,0.41662800312042236,0.41662800312042236
16705,0.41648972034454346,0.41648972034454346,0.41648972034454346
16706,0.41634300351142883,0.41634300351142883,0.41634300351142883
16707,0.4165152907371521,0.4165152907371521,0.4165152907371521
16708,0.41674432158470154,0.41674432158470154,0.41674432158470154
16712,0.41680100560188293,0.41680100560188293,0.41680100560188293
16718,0.41714492440223694,0.41714492440223694,0.41714492440223694
16719,0.41680532693862915,0.41680532693862915,0.41680532693862915
16720,0.41675063967704773,0.41675063967704773,0.41675063967704773
16722,0.4165247678756714,0.4165247678756714,0.4165247678756714
16725,0.4165872037410736,0.4165872037410736,0.4165872037410736
16726,0.4169114828109741,0.4169114828109741,0.4169114828109741
16729,0.41651520133018494,0.41651520133018494,0.41651520133018494
16732,0.4168705940246582,0.4168705940246582,0.4168705940246582
16733,0.4163764417171478,0.4163764417171478,0.4163764417171478
16734,0.41600891947746277,0.41600891947746277,0.41600891947746277
16735,0.41605067253112793,0.41605067253112793,0.41605067253112793
16736,0.41621068120002747,0.41621068120002747,0.41621068120002747
16737,0.41621866822242737,0.41621866822242737,0.41621866822242737
16740,0.4172787666320801,0.4172787666320801,0.4172787666320801
16741,0.4178558588027954,0.4178558588027954,0.4178558588027954
16743,0.417904794216156,0.417904794216156,0.417904794216156
16745,0.41777870059013367,0.41777870059013367,0.41777870059013367
16746,0.41791868209838867,0.41791868209838867,0.41791868209838867
16748,0.41792532801628113,0.41792532801628113,0.41792532801628113
16749,0.41823333501815796,0.41823333501815796,0.41823333501815796
16753,0.41714105010032654,0.41714105010032654,0.41714105010032654
16754,0.4171101152896881,0.4171101152896881,0.4171101152896881
16759,0.41677847504615784,0.41677847504615784,0.41677847504615784
16760,0.4169921576976776,0.4169921576976776,0.4169921576976776
16761,0.41731759905815125,0.41731759905815125,0.41731759905815125
16763,0.4171968102455139,0.4171968102455139,0.4171968102455139
16764,0.41724780201911926,0.41724780201911926,0.41724780201911926
16765,0.4170219302177429,0.4170219302177429,0.4170219302177429
16768,0.4165533781051636,0.4165533781051636,0.4165533781051636
16770,0.41620808839797974,0.41620808839797974,0.41620808839797974
16775,0.41624459624290466,0.41624459624290466,0.41624459624290466
16777,0.4167100489139557,0.4167100489139557,0.4167100489139557
16778,0.4166736602783203,0.4166736602783203,0.4166736602783203
16779,0.4161212742328644,0.4161212742328644,0.4161212742328644
16780,0.41624975204467773,0.41624975204467773,0.41624975204467773
16781,0.41603368520736694,0.41603368520736694,0.41603368520736694
16782,0.41572898626327515,0.41572898626327515,0.41572898626327515
16784,0.41615167260169983,0.41615167260169983,0.41615167260169983
16785,0.41698789596557617,0.41698789596557617,0.41698789596557617
16786,0.417192280292511,0.417192280292511,0.417192280292511
16787,0.41690823435783386,0.41690823435783386,0.41690823435783386
16788,0.41639840602874756,0.41639840602874756,0.41639840602874756
16789,0.41604676842689514,0.41604676842689514,0.41604676842689514
16790,0.41630932688713074,0.41630932688713074,0.41630932688713074
16793,0.41686153411865234,0.41686153411865234,0.41686153411865234
16795,0.4154437482357025,0.4154437482357025,0.4154437482357025
16796,0.4153154194355011,0.4153154194355011,0.4153154194355011
16799,0.41380876302719116,0.41380876302719116,0.41380876302719116
16801,0.41362741589546204,0.41362741589546204,0.41362741589546204
16802,0.41336768865585327,0.41336768865585327,0.41336768865585327
16805,0.4126429259777069,0.4126429259777069,0.4126429259777069
16806,0.4126633405685425,0.4126633405685425,0.4126633405685425
16809,0.41335076093673706,0.41335076093673706,0.41335076093673706
16812,0.41373351216316223,0.41373351216316223,0.41373351216316223
16815,0.4133149981498718,0.4133149981498718,0.4133149981498718
16817,0.41311025619506836,0.41311025619506836,0.41311025619506836
16818,0.413276731967926,0.413276731967926,0.413276731967926
16819,0.41348496079444885,0.41348496079444885,0.41348496079444885
16820,0.41369205713272095,0.41369205713272095,0.41369205713272095
16821,0.41403481364250183,0.41403481364250183,0.41403481364250183
16823,0.414382666349411,0.414382666349411,0.414382666349411
16824,0.4145483374595642,0.4145483374595642,0.4145483374595642
16826,0.4149862229824066,0.4149862229824066,0.4149862229824066
16827,0.414911150932312,0.414911150932312,0.414911150932312
16828,0.414901465177536,0.414901465177536,0.414901465177536
16830,0.4153028726577759,0.4153028726577759,0.4153028726577759
16832,0.41589105129241943,0.41589105129241943,0.41589105129241943
16833,0.41580262780189514,0.41580262780189514,0.41580262780189514
16835,0.415802001953125,0.415802001953125,0.415802001953125
16836,0.41584813594818115,0.41584813594818115,0.41584813594818115
16837,0.41565248370170593,0.41565248370170593,0.41565248370170593
16839,0.4153413772583008,0.4153413772583008,0.4153413772583008
16846,0.4173310101032257,0.4173310101032257,0.4173310101032257
16848,0.41774630546569824,0.41774630546569824,0.41774630546569824
16849,0.417969286441803,0.417969286441803,0.417969286441803
16854,0.4194139540195465,0.4194139540195465,0.4194139540195465
16857,0.4203062355518341,0.4203062355518341,0.4203062355518341
16858,0.4209774434566498,0.4209774434566498,0.4209774434566498
16859,0.42132169008255005,0.42132169008255005,0.42132169008255005
16860,0.42147111892700195,0.42147111892700195,0.42147111892700195
16861,0.4213205575942993,0.4213205575942993,0.4213205575942993
16862,0.42116260528564453,0.42116260528564453,0.42116260528564453
16863,0.4209945499897003,0.4209945499897003,0.4209945499897003
16864,0.42077577114105225,0.42077577114105225,0.42077577114105225
16865,0.4213295578956604,0.4213295578956604,0.4213295578956604
16867,0.4214150607585907,0.4214150607585907,0.4214150607585907
16870,0.4219995439052582,0.4219995439052582,0.4219995439052582
16872,0.4222434163093567,0.4222434163093567,0.4222434163093567
16873,0.422091543674469,0.422091543674469,0.422091543674469
16874,0.42131340503692627,0.42131340503692627,0.42131340503692627
16876,0.42068272829055786,0.42068272829055786,0.42068272829055786
16877,0.420575886964798,0.420575886964798,0.420575886964798
16878,0.4203561544418335,0.4203561544418335,0.4203561544418335
16879,0.4197922646999359,0.4197922646999359,0.4197922646999359
16880,0.41957682371139526,0.41957682371139526,0.41957682371139526
16881,0.4198395013809204,0.4198395013809204,0.4198395013809204
16882,0.42009028792381287,0.42009028792381287,0.42009028792381287
16883,0.42041200399398804,0.42041200399398804,0.42041200399398804
16884,0.42076611518859863,0.42076611518859863,0.42076611518859863
16885,0.4207395315170288,0.4207395315170288,0.4207395315170288
16886,0.4206863045692444,0.4206863045692444,0.4206863045692444
16892,0.42084720730781555,0.42084720730781555,0.42084720730781555
16893,0.4206165373325348,0.4206165373325348,0.4206165373325348
16894,0.4207404851913452,0.4207404851913452,0.4207404851913452
16896,0.42095714807510376,0.42095714807510376,0.42095714807510376
16900,0.42175328731536865,0.42175328731536865,0.42175328731536865
16902,0.4220176935195923,0.4220176935195923,0.4220176935195923
16905,0.42176514863967896,0.42176514863967896,0.42176514863967896
16906,0.42125868797302246,0.42125868797302246,0.42125868797302246
16907,0.421000212430954,0.421000212430954,0.421000212430954
16909,0.4213189482688904,0.4213189482688904,0.4213189482688904
16914,0.42274877429008484,0.42274877429008484,0.42274877429008484
16916,0.42292118072509766,0.42292118072509766,0.42292118072509766
16917,0.42320889234542847,0.42320889234542847,0.42320889234542847
16919,0.42350447177886963,0.42350447177886963,0.42350447177886963
16921,0.4236506223678589,0.4236506223678589,0.4236506223678589
16923,0.42270106077194214,0.42270106077194214,0.42270106077194214
16924,0.42351505160331726,0.42351505160331726,0.42351505160331726
16925,0.42398348450660706,0.42398348450660706,0.42398348450660706
16928,0.42519375681877136,0.42519375681877136,0.42519375681877136
16932,0.4236332178115845,0.4236332178115845,0.4236332178115845
16933,0.42367592453956604,0.42367592453956604,0.42367592453956604
16935,0.4230857789516449,0.4230857789516449,0.4230857789516449
16936,0.422755628824234,0.422755628824234,0.422755628824234
16937,0.4222498834133148,0.4222498834133148,0.4222498834133148
16939,0.4202865660190582,0.4202865660190582,0.4202865660190582
16940,0.42005228996276855,0.42005228996276855,0.42005228996276855
16941,0.4198383390903473,0.4198383390903473,0.4198383390903473
16944,0.4201413691043854,0.4201413691043854,0.4201413691043854
16945,0.42067810893058777,0.42067810893058777,0.42067810893058777
16946,0.4208197295665741,0.4208197295665741,0.4208197295665741
16948,0.4192175269126892,0.4192175269126892,0.4192175269126892
16949,0.4185910224914551,0.4185910224914551,0.4185910224914551
16952,0.4188135862350464,0.4188135862350464,0.4188135862350464
16955,0.42010071873664856,0.42010071873664856,0.42010071873664856
16959,0.4189436137676239,0.4189436137676239,0.4189436137676239
16960,0.418637752532959,0.418637752532959,0.418637752532959
16966,0.4188634157180786,0.4188634157180786,0.4188634157180786
16971,0.41960409283638,0.41960409283638,0.41960409283638
16973,0.42037463188171387,0.42037463188171387,0.42037463188171387
16974,0.4202560782432556,0.4202560782432556,0.4202560782432556
16977,0.4204329550266266,0.4204329550266266,0.4204329550266266
16981,0.4196028709411621,0.4196028709411621,0.4196028709411621
16982,0.419950395822525,0.419950395822525,0.419950395822525
16983,0.4195186495780945,0.4195186495780945,0.4195186495780945
16984,0.4192764163017273,0.4192764163017273,0.4192764163017273
16985,0.4192798137664795,0.4192798137664795,0.4192798137664795
16987,0.41889190673828125,0.41889190673828125,0.41889190673828125
16988,0.4187086820602417,0.4187086820602417,0.4187086820602417
16990,0.4184008836746216,0.4184008836746216,0.4184008836746216
16991,0.4183240234851837,0.4183240234851837,0.4183240234851837
16992,0.4181603193283081,0.4181603193283081,0.4181603193283081
16993,0.4183434844017029,0.4183434844017029,0.4183434844017029
16994,0.418599396944046,0.418599396944046,0.418599396944046
16997,0.4180479943752289,0.4180479943752289,0.4180479943752289
16999,0.4187547266483307,0.4187547266483307,0.4187547266483307
17001,0.41869667172431946,0.41869667172431946,0.41869667172431946
17002,0.4189155399799347,0.4189155399799347,0.4189155399799347
17003,0.41915249824523926,0.41915249824523926,0.41915249824523926
17005,0.41940411925315857,0.41940411925315857,0.41940411925315857
17007,0.41937005519866943,0.41937005519866943,0.41937005519866943
17008,0.41991791129112244,0.41991791129112244,0.41991791129112244
17010,0.4195193946361542,0.4195193946361542,0.4195193946361542
17013,0.41956883668899536,0.41956883668899536,0.41956883668899536
17014,0.41979241371154785,0.41979241371154785,0.41979241371154785
17016,0.42025724053382874,0.42025724053382874,0.42025724053382874
17020,0.41936811804771423,0.41936811804771423,0.41936811804771423
17023,0.41805389523506165,0.41805389523506165,0.41805389523506165
17024,0.41794341802597046,0.41794341802597046,0.41794341802597046
17025,0.4179622530937195,0.4179622530937195,0.4179622530937195
17026,0.41833722591400146,0.41833722591400146,0.41833722591400146
17029,0.4179873764514923,0.4179873764514923,0.4179873764514923
17030,0.41797930002212524,0.41797930002212524,0.41797930002212524
17031,0.418254554271698,0.418254554271698,0.418254554271698
17032,0.4196699261665344,0.4196699261665344,0.4196699261665344
17033,0.4200252592563629,0.4200252592563629,0.4200252592563629
17034,0.4200398325920105,0.4200398325920105,0.4200398325920105
17035,0.41987287998199463,0.41987287998199463,0.41987287998199463
17036,0.4200761020183563,0.4200761020183563,0.4200761020183563
17038,0.4202090799808502,0.4202090799808502,0.4202090799808502
17042,0.42031946778297424,0.42031946778297424,0.42031946778297424
17043,0.4206696152687073,0.4206696152687073,0.4206696152687073
17044,0.4207196533679962,0.4207196533679962,0.4207196533679962
17046,0.4208869934082031,0.4208869934082031,0.4208869934082031
17050,0.4203248918056488,0.4203248918056488,0.4203248918056488
17051,0.4201362133026123,0.4201362133026123,0.4201362133026123
17053,0.4201834499835968,0.4201834499835968,0.4201834499835968
17054,0.4197520315647125,0.4197520315647125,0.4197520315647125
17055,0.41875720024108887,0.41875720024108887,0.41875720024108887
17057,0.41805920004844666,0.41805920004844666,0.41805920004844666
17063,0.41728875041007996,0.41728875041007996,0.41728875041007996
17064,0.4169032871723175,0.4169032871723175,0.4169032871723175
17065,0.4167003333568573,0.4167003333568573,0.4167003333568573
17068,0.41737356781959534,0.41737356781959534,0.41737356781959534
17069,0.4175136685371399,0.4175136685371399,0.4175136685371399
17070,0.41795188188552856,0.41795188188552856,0.41795188188552856
17072,0.4172709286212921,0.4172709286212921,0.4172709286212921
17078,0.41671621799468994,0.41671621799468994,0.41671621799468994
17083,0.4176998734474182,0.4176998734474182,0.4176998734474182
17084,0.4180913269519806,0.4180913269519806,0.4180913269519806
17085,0.41799432039260864,0.41799432039260864,0.41799432039260864
17086,0.4177868068218231,0.4177868068218231,0.4177868068218231
17090,0.4187096357345581,0.4187096357345581,0.4187096357345581
17099,0.41795605421066284,0.41795605421066284,0.41795605421066284
17100,0.4177619218826294,0.4177619218826294,0.4177619218826294
17102,0.4178696274757385,0.4178696274757385,0.4178696274757385
17104,0.4180762469768524,0.4180762469768524,0.4180762469768524
17107,0.41803810000419617,0.41803810000419617,0.41803810000419617
17109,0.4180315136909485,0.4180315136909485,0.4180315136909485
17111,0.41911113262176514,0.41911113262176514,0.41911113262176514
17112,0.4199802279472351,0.4199802279472351,0.4199802279472351
17113,0.4206891655921936,0.4206891655921936,0.4206891655921936
17114,0.420955628156662,0.420955628156662,0.420955628156662
17115,0.42066672444343567,0.42066672444343567,0.42066672444343567
17117,0.42015039920806885,0.42015039920806885,0.42015039920806885
17120,0.4203732907772064,0.4203732907772064,0.4203732907772064
17121,0.420549213886261,0.420549213886261,0.420549213886261
17122,0.42121949791908264,0.42121949791908264,0.42121949791908264
17124,0.4217444956302643,0.4217444956302643,0.4217444956302643
17126,0.4215700328350067,0.4215700328350067,0.4215700328350067
17127,0.421654611825943,0.421654611825943,0.421654611825943
17131,0.42083680629730225,0.42083680629730225,0.42083680629730225
17133,0.42034098505973816,0.42034098505973816,0.42034098505973816
17135,0.41888636350631714,0.41888636350631714,0.41888636350631714
17137,0.41854870319366455,0.41854870319366455,0.41854870319366455
17138,0.41844138503074646,0.41844138503074646,0.41844138503074646
17140,0.41681987047195435,0.41681987047195435,0.41681987047195435
17143,0.4165255129337311,0.4165255129337311,0.4165255129337311
17146,0.4157413840293884,0.4157413840293884,0.4157413840293884
17147,0.4158049523830414,0.4158049523830414,0.4158049523830414
17149,0.41528066992759705,0.41528066992759705,0.41528066992759705
17151,0.41407138109207153,0.41407138109207153,0.41407138109207153
17154,0.4135361313819885,0.4135361313819885,0.4135361313819885
17157,0.4130299687385559,0.4130299687385559,0.4130299687385559
17158,0.4129628837108612,0.4129628837108612,0.4129628837108612
17160,0.41309407353401184,0.41309407353401184,0.41309407353401184
17161,0.4131665527820587,0.4131665527820587,0.4131665527820587
17162,0.4134953022003174,0.4134953022003174,0.4134953022003174
17163,0.4135364890098572,0.4135364890098572,0.4135364890098572
17164,0.4131259322166443,0.4131259322166443,0.4131259322166443
17165,0.4126836955547333,0.4126836955547333,0.4126836955547333
17166,0.412509948015213,0.412509948015213,0.412509948015213
17169,0.41397514939308167,0.41397514939308167,0.41397514939308167
17175,0.4135226905345917,0.4135226905345917,0.4135226905345917
17177,0.4145154654979706,0.4145154654979706,0.4145154654979706
17178,0.41471177339553833,0.41471177339553833,0.41471177339553833
17179,0.414547860622406,0.414547860622406,0.414547860622406
17182,0.4148043394088745,0.4148043394088745,0.4148043394088745
17183,0.41460832953453064,0.41460832953453064,0.41460832953453064
17191,0.4149343967437744,0.4149343967437744,0.4149343967437744
17192,0.41501033306121826,0.41501033306121826,0.41501033306121826
17193,0.4148273468017578,0.4148273468017578,0.4148273468017578
17194,0.4144434928894043,0.4144434928894043,0.4144434928894043
17195,0.41431906819343567,0.41431906819343567,0.41431906819343567
17197,0.41497302055358887,0.41497302055358887,0.41497302055358887
17199,0.415484219789505,0.415484219789505,0.415484219789505
17202,0.41654449701309204,0.41654449701309204,0.41654449701309204
17206,0.416595995426178,0.416595995426178,0.416595995426178
17207,0.4170793890953064,0.4170793890953064,0.4170793890953064
17213,0.4161389172077179,0.4161389172077179,0.4161389172077179
17215,0.41634422540664673,0.41634422540664673,0.41634422540664673
17219,0.4158375859260559,0.4158375859260559,0.4158375859260559
17224,0.41684046387672424,0.41684046387672424,0.41684046387672424
17226,0.4171561598777771,0.4171561598777771,0.4171561598777771
17227,0.41719916462898254,0.41719916462898254,0.41719916462898254
17229,0.4171378016471863,0.4171378016471863,0.4171378016471863
17230,0.4168648421764374,0.4168648421764374,0.4168648421764374
17233,0.41679903864860535,0.41679903864860535,0.41679903864860535
17234,0.41689348220825195,0.41689348220825195,0.41689348220825195
17235,0.4168500006198883,0.4168500006198883,0.4168500006198883
17236,0.4168301522731781,0.4168301522731781,0.4168301522731781
17242,0.41599753499031067,0.41599753499031067,0.41599753499031067
17245,0.4169714152812958,0.4169714152812958,0.4169714152812958
17246,0.4175276756286621,0.4175276756286621,0.4175276756286621
17247,0.4176884889602661,0.4176884889602661,0.4176884889602661
17248,0.41725999116897583,0.41725999116897583,0.41725999116897583
17249,0.41704949736595154,0.41704949736595154,0.41704949736595154
17252,0.41712486743927,0.41712486743927,0.41712486743927
17254,0.41743767261505127,0.41743767261505127,0.41743767261505127
17256,0.417924702167511,0.417924702167511,0.417924702167511
17257,0.4175991714000702,0.4175991714000702,0.4175991714000702
17258,0.4175335168838501,0.4175335168838501,0.4175335168838501
17259,0.4179287552833557,0.4179287552833557,0.4179287552833557
17260,0.41841191053390503,0.41841191053390503,0.41841191053390503
17261,0.41864442825317383,0.41864442825317383,0.41864442825317383
17262,0.4188362956047058,0.4188362956047058,0.4188362956047058
17268,0.41835010051727295,0.41835010051727295,0.41835010051727295
17269,0.41827112436294556,0.41827112436294556,0.41827112436294556
17271,0.41820552945137024,0.41820552945137024,0.41820552945137024
17272,0.4184933602809906,0.4184933602809906,0.4184933602809906
17274,0.420168399810791,0.420168399810791,0.420168399810791
17275,0.42066502571105957,0.42066502571105957,0.42066502571105957
17276,0.4208820164203644,0.4208820164203644,0.4208820164203644
17277,0.42068803310394287,0.42068803310394287,0.42068803310394287
17279,0.4197685420513153,0.4197685420513153,0.4197685420513153
17281,0.4190244972705841,0.4190244972705841,0.4190244972705841
17283,0.419659286737442,0.419659286737442,0.419659286737442
17284,0.4199701249599457,0.4199701249599457,0.4199701249599457
17286,0.419818252325058,0.419818252325058,0.419818252325058
17290,0.4197917878627777,0.4197917878627777,0.4197917878627777
17292,0.41909894347190857,0.41909894347190857,0.41909894347190857
17295,0.41895827651023865,0.41895827651023865,0.41895827651023865
17296,0.4188627004623413,0.4188627004623413,0.4188627004623413
17299,0.4189216196537018,0.4189216196537018,0.4189216196537018
17301,0.41824060678482056,0.41824060678482056,0.41824060678482056
17302,0.4182496666908264,0.4182496666908264,0.4182496666908264
17307,0.4167087972164154,0.4167087972164154,0.4167087972164154
17309,0.4171333611011505,0.4171333611011505,0.4171333611011505
17310,0.41715970635414124,0.41715970635414124,0.41715970635414124
17313,0.41664230823516846,0.41664230823516846,0.41664230823516846
17314,0.416473388671875,0.416473388671875,0.416473388671875
17315,0.41669759154319763,0.41669759154319763,0.41669759154319763
17316,0.41656407713890076,0.41656407713890076,0.41656407713890076
17317,0.41691121459007263,0.41691121459007263,0.41691121459007263
17319,0.41733747720718384,0.41733747720718384,0.41733747720718384
17320,0.41775819659233093,0.41775819659233093,0.41775819659233093
17323,0.41877028346061707,0.41877028346061707,0.41877028346061707
17324,0.41843104362487793,0.41843104362487793,0.41843104362487793
17326,0.4184175431728363,0.4184175431728363,0.4184175431728363
17329,0.4183278977870941,0.4183278977870941,0.4183278977870941
17332,0.4191923141479492,0.4191923141479492,0.4191923141479492
17335,0.4187510907649994,0.4187510907649994,0.4187510907649994
17337,0.4186626076698303,0.4186626076698303,0.4186626076698303
17340,0.41973838210105896,0.41973838210105896,0.41973838210105896
17341,0.41994550824165344,0.41994550824165344,0.41994550824165344
17342,0.42026275396347046,0.42026275396347046,0.42026275396347046
17345,0.4208763837814331,0.4208763837814331,0.4208763837814331
17346,0.421044260263443,0.421044260263443,0.421044260263443
17348,0.42156532406806946,0.42156532406806946,0.42156532406806946
17349,0.42160895466804504,0.42160895466804504,0.42160895466804504
17350,0.42131704092025757,0.42131704092025757,0.42131704092025757
17354,0.420426607131958,0.420426607131958,0.420426607131958
17357,0.4216214716434479,0.4216214716434479,0.4216214716434479
17358,0.4217444658279419,0.4217444658279419,0.4217444658279419
17361,0.42132115364074707,0.42132115364074707,0.42132115364074707
17362,0.4220970571041107,0.4220970571041107,0.4220970571041107
17363,0.42268136143684387,0.42268136143684387,0.42268136143684387
17364,0.4228487014770508,0.4228487014770508,0.4228487014770508
17366,0.42151230573654175,0.42151230573654175,0.42151230573654175
17369,0.41986778378486633,0.41986778378486633,0.41986778378486633
17370,0.4199787378311157,0.4199787378311157,0.4199787378311157
17372,0.4204428791999817,0.4204428791999817,0.4204428791999817
17373,0.41986486315727234,0.41986486315727234,0.41986486315727234
17374,0.4187292158603668,0.4187292158603668,0.4187292158603668
17375,0.4185713231563568,0.4185713231563568,0.4185713231563568
17376,0.41825830936431885,0.41825830936431885,0.41825830936431885
17377,0.4177819490432739,0.4177819490432739,0.4177819490432739
17379,0.4172542691230774,0.4172542691230774,0.4172542691230774
17382,0.417245090007782,0.417245090007782,0.417245090007782
17384,0.4166523814201355,0.4166523814201355,0.4166523814201355
17387,0.41605496406555176,0.41605496406555176,0.41605496406555176
17388,0.41637933254241943,0.41637933254241943,0.41637933254241943
17390,0.4163380265235901,0.4163380265235901,0.4163380265235901
17393,0.41625913977622986,0.41625913977622986,0.41625913977622986
17396,0.41648659110069275,0.41648659110069275,0.41648659110069275
17400,0.4170215129852295,0.4170215129852295,0.4170215129852295
17404,0.417227566242218,0.417227566242218,0.417227566242218
17405,0.417414128780365,0.417414128780365,0.417414128780365
17406,0.41776740550994873,0.41776740550994873,0.41776740550994873
17407,0.4179093539714813,0.4179093539714813,0.4179093539714813
17409,0.4180777370929718,0.4180777370929718,0.4180777370929718
17410,0.4181058406829834,0.4181058406829834,0.4181058406829834
17411,0.41780799627304077,0.41780799627304077,0.41780799627304077
17412,0.41775816679000854,0.41775816679000854,0.41775816679000854
17416,0.41765296459198,0.41765296459198,0.41765296459198
17418,0.417401522397995,0.417401522397995,0.417401522397995
17419,0.4176846742630005,0.4176846742630005,0.4176846742630005
17422,0.41785576939582825,0.41785576939582825,0.41785576939582825
17424,0.41873884201049805,0.41873884201049805,0.41873884201049805
17425,0.4188331663608551,0.4188331663608551,0.4188331663608551
17428,0.4185548424720764,0.4185548424720764,0.4185548424720764
17429,0.41874369978904724,0.41874369978904724,0.41874369978904724
17431,0.419643372297287,0.419643372297287,0.419643372297287
17434,0.42055726051330566,0.42055726051330566,0.42055726051330566
17435,0.42062097787857056,0.42062097787857056,0.42062097787857056
17437,0.4201691746711731,0.4201691746711731,0.4201691746711731
17438,0.4202985465526581,0.4202985465526581,0.4202985465526581
17441,0.42167216539382935,0.42167216539382935,0.42167216539382935
17442,0.42153114080429077,0.42153114080429077,0.42153114080429077
17444,0.42146673798561096,0.42146673798561096,0.42146673798561096
17445,0.42150115966796875,0.42150115966796875,0.42150115966796875
17446,0.421142041683197,0.421142041683197,0.421142041683197
17447,0.420695036649704,0.420695036649704,0.420695036649704
17449,0.4201714098453522,0.4201714098453522,0.4201714098453522
17450,0.41993045806884766,0.41993045806884766,0.41993045806884766
17451,0.4200896620750427,0.4200896620750427,0.4200896620750427
17452,0.4204159677028656,0.4204159677028656,0.4204159677028656
17453,0.4203309714794159,0.4203309714794159,0.4203309714794159
17454,0.41982734203338623,0.41982734203338623,0.41982734203338623
17455,0.4192942678928375,0.4192942678928375,0.4192942678928375
17457,0.4198715090751648,0.4198715090751648,0.4198715090751648
17459,0.42050641775131226,0.42050641775131226,0.42050641775131226
17462,0.4208357632160187,0.4208357632160187,0.4208357632160187
17464,0.421471506357193,0.421471506357193,0.421471506357193
17465,0.42145296931266785,0.42145296931266785,0.42145296931266785
17466,0.4212573170661926,0.4212573170661926,0.4212573170661926
17467,0.42101621627807617,0.42101621627807617,0.42101621627807617
17469,0.42032143473625183,0.42032143473625183,0.42032143473625183
17472,0.419992059469223,0.419992059469223,0.419992059469223
17473,0.42040976881980896,0.42040976881980896,0.42040976881980896
17475,0.4207167327404022,0.4207167327404022,0.4207167327404022
17480,0.4208424687385559,0.4208424687385559,0.4208424687385559
17482,0.42051029205322266,0.42051029205322266,0.42051029205322266
17483,0.4203595817089081,0.4203595817089081,0.4203595817089081
17485,0.419949471950531,0.419949471950531,0.419949471950531
17486,0.41926997900009155,0.41926997900009155,0.41926997900009155
17489,0.4201053977012634,0.4201053977012634,0.4201053977012634
17490,0.419549822807312,0.419549822807312,0.419549822807312
17493,0.41828998923301697,0.41828998923301697,0.41828998923301697
17499,0.4173062741756439,0.4173062741756439,0.4173062741756439
17500,0.4175632894039154,0.4175632894039154,0.4175632894039154
17501,0.41741904616355896,0.41741904616355896,0.41741904616355896
17502,0.41737741231918335,0.41737741231918335,0.41737741231918335
17503,0.41725292801856995,0.41725292801856995,0.41725292801856995
17504,0.41747334599494934,0.41747334599494934,0.41747334599494934
17512,0.4169115126132965,0.4169115126132965,0.4169115126132965
17513,0.4167404770851135,0.4167404770851135,0.4167404770851135
17515,0.41639444231987,0.41639444231987,0.41639444231987
17516,0.41647109389305115,0.41647109389305115,0.41647109389305115
17518,0.41564255952835083,0.41564255952835083,0.41564255952835083
17522,0.41631418466567993,0.41631418466567993,0.41631418466567993
17523,0.41639745235443115,0.41639745235443115,0.41639745235443115
17525,0.41663414239883423,0.41663414239883423,0.41663414239883423
17526,0.41731560230255127,0.41731560230255127,0.41731560230255127
17528,0.4170512855052948,0.4170512855052948,0.4170512855052948
17529,0.41643276810646057,0.41643276810646057,0.41643276810646057
17535,0.4156009256839752,0.4156009256839752,0.4156009256839752
17536,0.4159702956676483,0.4159702956676483,0.4159702956676483
17541,0.4164857268333435,0.4164857268333435,0.4164857268333435
17542,0.41697293519973755,0.41697293519973755,0.41697293519973755
17543,0.41751372814178467,0.41751372814178467,0.41751372814178467
17544,0.4171624183654785,0.4171624183654785,0.4171624183654785
17545,0.41658341884613037,0.41658341884613037,0.41658341884613037
17546,0.4163372814655304,0.4163372814655304,0.4163372814655304
17548,0.4154885411262512,0.4154885411262512,0.4154885411262512
17549,0.41500774025917053,0.41500774025917053,0.41500774025917053
17550,0.41456305980682373,0.41456305980682373,0.41456305980682373
17551,0.41447553038597107,0.41447553038597107,0.41447553038597107
17553,0.4141501784324646,0.4141501784324646,0.4141501784324646
17554,0.4139489531517029,0.4139489531517029,0.4139489531517029
17557,0.4138856530189514,0.4138856530189514,0.4138856530189514
17561,0.41382527351379395,0.41382527351379395,0.41382527351379395
17563,0.4132130742073059,0.4132130742073059,0.4132130742073059
17565,0.4130043387413025,0.4130043387413025,0.4130043387413025
17566,0.413271427154541,0.413271427154541,0.413271427154541
17568,0.4138134717941284,0.4138134717941284,0.4138134717941284
17569,0.4141905903816223,0.4141905903816223,0.4141905903816223
17571,0.41459208726882935,0.41459208726882935,0.41459208726882935
17572,0.41465872526168823,0.41465872526168823,0.41465872526168823
17579,0.4151071608066559,0.4151071608066559,0.4151071608066559
17580,0.414734423160553,0.414734423160553,0.414734423160553
17582,0.4142961800098419,0.4142961800098419,0.4142961800098419
17584,0.4151265621185303,0.4151265621185303,0.4151265621185303
17585,0.41466382145881653,0.41466382145881653,0.41466382145881653
17587,0.41368797421455383,0.41368797421455383,0.41368797421455383
17588,0.4138176441192627,0.4138176441192627,0.4138176441192627
17595,0.41553592681884766,0.41553592681884766,0.41553592681884766
17597,0.41580474376678467,0.41580474376678467,0.41580474376678467
17599,0.41589242219924927,0.41589242219924927,0.41589242219924927
17600,0.41582244634628296,0.41582244634628296,0.41582244634628296
17601,0.41575607657432556,0.41575607657432556,0.41575607657432556
17605,0.4161688983440399,0.4161688983440399,0.4161688983440399
17607,0.4159630537033081,0.4159630537033081,0.4159630537033081
17609,0.4159322679042816,0.4159322679042816,0.4159322679042816
17611,0.4166272282600403,0.4166272282600403,0.4166272282600403
17615,0.4164575934410095,0.4164575934410095,0.4164575934410095
17617,0.41658610105514526,0.41658610105514526,0.41658610105514526
17618,0.41687262058258057,0.41687262058258057,0.41687262058258057
17619,0.416831374168396,0.416831374168396,0.416831374168396
17620,0.4169798195362091,0.4169798195362091,0.4169798195362091
17621,0.4168005585670471,0.4168005585670471,0.4168005585670471
17622,0.4167454242706299,0.4167454242706299,0.4167454242706299
17623,0.4170691967010498,0.4170691967010498,0.4170691967010498
17624,0.41752657294273376,0.41752657294273376,0.41752657294273376
17626,0.417789489030838,0.417789489030838,0.417789489030838
17628,0.41734710335731506,0.41734710335731506,0.41734710335731506
17630,0.417699933052063,0.417699933052063,0.417699933052063
17631,0.4175781011581421,0.4175781011581421,0.4175781011581421
17634,0.41658222675323486,0.41658222675323486,0.41658222675323486
17635,0.41665565967559814,0.41665565967559814,0.41665565967559814
17637,0.4165843427181244,0.4165843427181244,0.4165843427181244
17639,0.41615575551986694,0.41615575551986694,0.41615575551986694
17640,0.41683968901634216,0.41683968901634216,0.41683968901634216
17643,0.4173583388328552,0.4173583388328552,0.4173583388328552
17645,0.41726070642471313,0.41726070642471313,0.41726070642471313
17647,0.41631367802619934,0.41631367802619934,0.41631367802619934
17650,0.415791779756546,0.415791779756546,0.415791779756546
17652,0.41587433218955994,0.41587433218955994,0.41587433218955994
17654,0.4160591959953308,0.4160591959953308,0.4160591959953308
17658,0.41603749990463257,0.41603749990463257,0.41603749990463257
17659,0.41616684198379517,0.41616684198379517,0.41616684198379517
17660,0.4158470034599304,0.4158470034599304,0.4158470034599304
17662,0.41618019342422485,0.41618019342422485,0.41618019342422485
17663,0.4163014590740204,0.4163014590740204,0.4163014590740204
17665,0.4171161651611328,0.4171161651611328,0.4171161651611328
17666,0.4175006151199341,0.4175006151199341,0.4175006151199341
17668,0.4172847270965576,0.4172847270965576,0.4172847270965576
17670,0.41778719425201416,0.41778719425201416,0.41778719425201416
17671,0.41779249906539917,0.41779249906539917,0.41779249906539917
17672,0.4178674519062042,0.4178674519062042,0.4178674519062042
17673,0.41779643297195435,0.41779643297195435,0.41779643297195435
17674,0.41754284501075745,0.41754284501075745,0.41754284501075745
17675,0.41719967126846313,0.41719967126846313,0.41719967126846313
17677,0.4175662398338318,0.4175662398338318,0.4175662398338318
17678,0.4183911085128784,0.4183911085128784,0.4183911085128784
17679,0.41854771971702576,0.41854771971702576,0.41854771971702576
17681,0.41836294531822205,0.41836294531822205,0.41836294531822205
17683,0.41846901178359985,0.41846901178359985,0.41846901178359985
17685,0.41881150007247925,0.41881150007247925,0.41881150007247925
17688,0.41838276386260986,0.41838276386260986,0.41838276386260986
17689,0.41784223914146423,0.41784223914146423,0.41784223914146423
17690,0.4168640673160553,0.4168640673160553,0.4168640673160553
17691,0.41629722714424133,0.41629722714424133,0.41629722714424133
17693,0.4156644344329834,0.4156644344329834,0.4156644344329834
17695,0.4150508642196655,0.4150508642196655,0.4150508642196655
17699,0.4158118665218353,0.4158118665218353,0.4158118665218353
17700,0.4162886142730713,0.4162886142730713,0.4162886142730713
17702,0.41663235425949097,0.41663235425949097,0.41663235425949097
17703,0.41682127118110657,0.41682127118110657,0.41682127118110657
17704,0.416681170463562,0.416681170463562,0.416681170463562
17707,0.41693413257598877,0.41693413257598877,0.41693413257598877
17712,0.4173755943775177,0.4173755943775177,0.4173755943775177
17713,0.4171881079673767,0.4171881079673767,0.4171881079673767
17715,0.41713494062423706,0.41713494062423706,0.41713494062423706
17717,0.4163223206996918,0.4163223206996918,0.4163223206996918
17719,0.41670677065849304,0.41670677065849304,0.41670677065849304
17722,0.4165704548358917,0.4165704548358917,0.4165704548358917
17724,0.4171925187110901,0.4171925187110901,0.4171925187110901
17727,0.41749095916748047,0.41749095916748047,0.41749095916748047
17734,0.4171842038631439,0.4171842038631439,0.4171842038631439
17735,0.4181170165538788,0.4181170165538788,0.4181170165538788
17738,0.41893380880355835,0.41893380880355835,0.41893380880355835
17739,0.41851067543029785,0.41851067543029785,0.41851067543029785
17742,0.4192577004432678,0.4192577004432678,0.4192577004432678
17744,0.4200792610645294,0.4200792610645294,0.4200792610645294
17746,0.42023491859436035,0.42023491859436035,0.42023491859436035
17747,0.420553594827652,0.420553594827652,0.420553594827652
17748,0.4203019440174103,0.4203019440174103,0.4203019440174103
17749,0.41977497935295105,0.41977497935295105,0.41977497935295105
17750,0.4200294017791748,0.4200294017791748,0.4200294017791748
17754,0.42031630873680115,0.42031630873680115,0.42031630873680115
17756,0.4198524057865143,0.4198524057865143,0.4198524057865143
17757,0.41957780718803406,0.41957780718803406,0.41957780718803406
17759,0.4192220866680145,0.4192220866680145,0.4192220866680145
17761,0.4195094704627991,0.4195094704627991,0.4195094704627991
17763,0.41983383893966675,0.41983383893966675,0.41983383893966675
17765,0.41999173164367676,0.41999173164367676,0.41999173164367676
17766,0.4205024838447571,0.4205024838447571,0.4205024838447571
17768,0.420412540435791,0.420412540435791,0.420412540435791
17769,0.4203692078590393,0.4203692078590393,0.4203692078590393
17770,0.4202621579170227,0.4202621579170227,0.4202621579170227
17773,0.41942164301872253,0.41942164301872253,0.41942164301872253
17776,0.4177372455596924,0.4177372455596924,0.4177372455596924
17777,0.41774070262908936,0.41774070262908936,0.41774070262908936
17779,0.41834065318107605,0.41834065318107605,0.41834065318107605
17780,0.4185027778148651,0.4185027778148651,0.4185027778148651
17781,0.41837674379348755,0.41837674379348755,0.41837674379348755
17782,0.41843095421791077,0.41843095421791077,0.41843095421791077
17783,0.4186750650405884,0.4186750650405884,0.4186750650405884
17785,0.4185013175010681,0.4185013175010681,0.4185013175010681
17786,0.41829225420951843,0.41829225420951843,0.41829225420951843
17790,0.418327271938324,0.418327271938324,0.418327271938324
17792,0.4178929328918457,0.4178929328918457,0.4178929328918457
17794,0.4177500903606415,0.4177500903606415,0.4177500903606415
17796,0.4175545871257782,0.4175545871257782,0.4175545871257782
17798,0.41688284277915955,0.41688284277915955,0.41688284277915955
17799,0.4171622693538666,0.4171622693538666,0.4171622693538666
17800,0.4178147315979004,0.4178147315979004,0.4178147315979004
17806,0.4180467128753662,0.4180467128753662,0.4180467128753662
17807,0.4179547429084778,0.4179547429084778,0.4179547429084778
17809,0.41844502091407776,0.41844502091407776,0.41844502091407776
17810,0.4181939363479614,0.4181939363479614,0.4181939363479614
17812,0.41822800040245056,0.41822800040245056,0.41822800040245056
17813,0.41823285818099976,0.41823285818099976,0.41823285818099976
17820,0.41659054160118103,0.41659054160118103,0.41659054160118103
17821,0.41631588339805603,0.41631588339805603,0.41631588339805603
17822,0.41614478826522827,0.41614478826522827,0.41614478826522827
17824,0.41604748368263245,0.41604748368263245,0.41604748368263245
17825,0.4161473512649536,0.4161473512649536,0.4161473512649536
17834,0.41491737961769104,0.41491737961769104,0.41491737961769104
17836,0.4142002463340759,0.4142002463340759,0.4142002463340759
17838,0.41422903537750244,0.41422903537750244,0.41422903537750244
17839,0.41416797041893005,0.41416797041893005,0.41416797041893005
17841,0.4133321940898895,0.4133321940898895,0.4133321940898895
17844,0.41252437233924866,0.41252437233924866,0.41252437233924866
17845,0.41238343715667725,0.41238343715667725,0.41238343715667725
17848,0.4118978679180145,0.4118978679180145,0.4118978679180145
17850,0.41234683990478516,0.41234683990478516,0.41234683990478516
17851,0.41228148341178894,0.41228148341178894,0.41228148341178894
17853,0.41190215945243835,0.41190215945243835,0.41190215945243835
17855,0.4120539724826813,0.4120539724826813,0.4120539724826813
17858,0.41247105598449707,0.41247105598449707,0.41247105598449707
17859,0.4125479459762573,0.4125479459762573,0.4125479459762573
17861,0.4132603704929352,0.4132603704929352,0.4132603704929352
17862,0.4128988981246948,0.4128988981246948,0.4128988981246948
17864,0.41213852167129517,0.41213852167129517,0.41213852167129517
17866,0.4116398096084595,0.4116398096084595,0.4116398096084595
17867,0.4115907549858093,0.4115907549858093,0.4115907549858093
17869,0.41250890493392944,0.41250890493392944,0.41250890493392944
17870,0.41269227862358093,0.41269227862358093,0.41269227862358093
17871,0.4129052460193634,0.4129052460193634,0.4129052460193634
17872,0.41312238574028015,0.41312238574028015,0.41312238574028015
17873,0.4131527245044708,0.4131527245044708,0.4131527245044708
17874,0.4130592346191406,0.4130592346191406,0.4130592346191406
17878,0.4132634103298187,0.4132634103298187,0.4132634103298187
17880,0.4132811725139618,0.4132811725139618,0.4132811725139618
17881,0.41301286220550537,0.41301286220550537,0.41301286220550537
17883,0.41221100091934204,0.41221100091934204,0.41221100091934204
17884,0.41224610805511475,0.41224610805511475,0.41224610805511475
17888,0.4119448959827423,0.4119448959827423,0.4119448959827423
17898,0.41017991304397583,0.41017991304397583,0.41017991304397583
17899,0.41007789969444275,0.41007789969444275,0.41007789969444275
17900,0.40939128398895264,0.40939128398895264,0.40939128398895264
17902,0.4088627099990845,0.4088627099990845,0.4088627099990845
17904,0.40780484676361084,0.40780484676361084,0.40780484676361084
17907,0.4074402451515198,0.4074402451515198,0.4074402451515198
17909,0.4078482389450073,0.4078482389450073,0.4078482389450073
17910,0.4073297381401062,0.4073297381401062,0.4073297381401062
17913,0.4064365327358246,0.4064365327358246,0.4064365327358246
17916,0.406592458486557,0.406592458486557,0.406592458486557
17919,0.4074958264827728,0.4074958264827728,0.4074958264827728
17921,0.4082883298397064,0.4082883298397064,0.4082883298397064
17923,0.40773993730545044,0.40773993730545044,0.40773993730545044
17926,0.40767234563827515,0.40767234563827515,0.40767234563827515
17929,0.4068099856376648,0.4068099856376648,0.4068099856376648
17933,0.40795549750328064,0.40795549750328064,0.40795549750328064
17934,0.4084666669368744,0.4084666669368744,0.4084666669368744
17936,0.4085577726364136,0.4085577726364136,0.4085577726364136
17937,0.4086792767047882,0.4086792767047882,0.4086792767047882
17941,0.4088670611381531,0.4088670611381531,0.4088670611381531
17943,0.4073061943054199,0.4073061943054199,0.4073061943054199
17945,0.407716304063797,0.407716304063797,0.407716304063797
17950,0.4090697169303894,0.4090697169303894,0.4090697169303894
17951,0.40944692492485046,0.40944692492485046,0.40944692492485046
17953,0.4097002446651459,0.4097002446651459,0.4097002446651459
17954,0.40957629680633545,0.40957629680633545,0.40957629680633545
17960,0.41091254353523254,0.41091254353523254,0.41091254353523254
17962,0.4111211597919464,0.4111211597919464,0.4111211597919464
17963,0.4104990065097809,0.4104990065097809,0.4104990065097809
17964,0.40920183062553406,0.40920183062553406,0.40920183062553406
17965,0.4091760814189911,0.4091760814189911,0.4091760814189911
17966,0.4091307520866394,0.4091307520866394,0.4091307520866394
17968,0.408056378364563,0.408056378364563,0.408056378364563
17971,0.40798452496528625,0.40798452496528625,0.40798452496528625
17975,0.40899935364723206,0.40899935364723206,0.40899935364723206
17976,0.4094209372997284,0.4094209372997284,0.4094209372997284
17977,0.4096110761165619,0.4096110761165619,0.4096110761165619
17978,0.4095602035522461,0.4095602035522461,0.4095602035522461
17982,0.4087185561656952,0.4087185561656952,0.4087185561656952
17984,0.4091114103794098,0.4091114103794098,0.4091114103794098
17986,0.4098091423511505,0.4098091423511505,0.4098091423511505
17988,0.4106146991252899,0.4106146991252899,0.4106146991252899
17990,0.41124677658081055,0.41124677658081055,0.41124677658081055
17991,0.4112302362918854,0.4112302362918854,0.4112302362918854
17994,0.4110361933708191,0.4110361933708191,0.4110361933708191
17995,0.41091281175613403,0.41091281175613403,0.41091281175613403
17996,0.41062474250793457,0.41062474250793457,0.41062474250793457
17998,0.4107080101966858,0.4107080101966858,0.4107080101966858
17999,0.4104873239994049,0.4104873239994049,0.4104873239994049
18001,0.41096317768096924,0.41096317768096924,0.41096317768096924
18004,0.4113253355026245,0.4113253355026245,0.4113253355026245
18007,0.41173359751701355,0.41173359751701355,0.41173359751701355
18008,0.4118379056453705,0.4118379056453705,0.4118379056453705
18013,0.4114963114261627,0.4114963114261627,0.4114963114261627
18017,0.41283079981803894,0.41283079981803894,0.41283079981803894
18023,0.41197726130485535,0.41197726130485535,0.41197726130485535
18025,0.41196510195732117,0.41196510195732117,0.41196510195732117
18026,0.4117622971534729,0.4117622971534729,0.4117622971534729
18027,0.41157886385917664,0.41157886385917664,0.41157886385917664
18031,0.4104978144168854,0.4104978144168854,0.4104978144168854
18032,0.41053205728530884,0.41053205728530884,0.41053205728530884
18034,0.4104650318622589,0.4104650318622589,0.4104650318622589
18037,0.4103755056858063,0.4103755056858063,0.4103755056858063
18038,0.41018548607826233,0.41018548607826233,0.41018548607826233
18039,0.41041579842567444,0.41041579842567444,0.41041579842567444
18041,0.409946084022522,0.409946084022522,0.409946084022522
18046,0.41073834896087646,0.41073834896087646,0.41073834896087646
18048,0.41053828597068787,0.41053828597068787,0.41053828597068787
18051,0.40987077355384827,0.40987077355384827,0.40987077355384827
18053,0.4099692702293396,0.4099692702293396,0.4099692702293396
18054,0.41022130846977234,0.41022130846977234,0.41022130846977234
18055,0.41036394238471985,0.41036394238471985,0.41036394238471985
18058,0.4101070463657379,0.4101070463657379,0.4101070463657379
18060,0.41083991527557373,0.41083991527557373,0.41083991527557373
18062,0.41151830554008484,0.41151830554008484,0.41151830554008484
18068,0.41199755668640137,0.41199755668640137,0.41199755668640137
18069,0.41233202815055847,0.41233202815055847,0.41233202815055847
18071,0.41249221563339233,0.41249221563339233,0.41249221563339233
18076,0.41183313727378845,0.41183313727378845,0.41183313727378845
18078,0.4114747941493988,0.4114747941493988,0.4114747941493988
18079,0.4114943742752075,0.4114943742752075,0.4114943742752075
18080,0.4117737114429474,0.4117737114429474,0.4117737114429474
18081,0.41243481636047363,0.41243481636047363,0.41243481636047363
18085,0.41352349519729614,0.41352349519729614,0.41352349519729614
18086,0.4141445755958557,0.4141445755958557,0.4141445755958557
18087,0.4144131541252136,0.4144131541252136,0.4144131541252136
18091,0.41538554430007935,0.41538554430007935,0.41538554430007935
18092,0.41529780626296997,0.41529780626296997,0.41529780626296997
18094,0.41542956233024597,0.41542956233024597,0.41542956233024597
18096,0.4146750867366791,0.4146750867366791,0.4146750867366791
18102,0.41421034932136536,0.41421034932136536,0.41421034932136536
18103,0.4138030409812927,0.4138030409812927,0.4138030409812927
18105,0.4136909246444702,0.4136909246444702,0.4136909246444702
18107,0.4136591851711273,0.4136591851711273,0.4136591851711273
18108,0.4135243892669678,0.4135243892669678,0.4135243892669678
18109,0.41328027844429016,0.41328027844429016,0.41328027844429016
18112,0.412880539894104,0.412880539894104,0.412880539894104
18115,0.41313469409942627,0.41313469409942627,0.41313469409942627
18117,0.4134215712547302,0.4134215712547302,0.4134215712547302
18118,0.4132685661315918,0.4132685661315918,0.4132685661315918
18119,0.4132845401763916,0.4132845401763916,0.4132845401763916
18121,0.4137238562107086,0.4137238562107086,0.4137238562107086
18122,0.41341152787208557,0.41341152787208557,0.41341152787208557
18123,0.41344043612480164,0.41344043612480164,0.41344043612480164
18124,0.4137481153011322,0.4137481153011322,0.4137481153011322
18126,0.41454073786735535,0.41454073786735535,0.41454073786735535
18129,0.41461214423179626,0.41461214423179626,0.41461214423179626
18130,0.41435399651527405,0.41435399651527405,0.41435399651527405
18131,0.4140646159648895,0.4140646159648895,0.4140646159648895
18136,0.414503276348114,0.414503276348114,0.414503276348114
18137,0.414610892534256,0.414610892534256,0.414610892534256
18138,0.41495588421821594,0.41495588421821594,0.41495588421821594
18140,0.4159690737724304,0.4159690737724304,0.4159690737724304
18141,0.4165721535682678,0.4165721535682678,0.4165721535682678
18144,0.4173380434513092,0.4173380434513092,0.4173380434513092
18145,0.4172552525997162,0.4172552525997162,0.4172552525997162
18151,0.4169473350048065,0.4169473350048065,0.4169473350048065
18153,0.4172593355178833,0.4172593355178833,0.4172593355178833
18159,0.4178745150566101,0.4178745150566101,0.4178745150566101
18160,0.4178393483161926,0.4178393483161926,0.4178393483161926
18161,0.4174440801143646,0.4174440801143646,0.4174440801143646
18162,0.41769006848335266,0.41769006848335266,0.41769006848335266
18163,0.4180230498313904,0.4180230498313904,0.4180230498313904
18166,0.41774240136146545,0.41774240136146545,0.41774240136146545
18170,0.419162780046463,0.419162780046463,0.419162780046463
18171,0.4189962148666382,0.4189962148666382,0.4189962148666382
18172,0.4192590117454529,0.4192590117454529,0.4192590117454529
18173,0.41958269476890564,0.41958269476890564,0.41958269476890564
18176,0.419611394405365,0.419611394405365,0.419611394405365
18177,0.41966965794563293,0.41966965794563293,0.41966965794563293
18181,0.41999563574790955,0.41999563574790955,0.41999563574790955
18182,0.42005038261413574,0.42005038261413574,0.42005038261413574
18185,0.4197487235069275,0.4197487235069275,0.4197487235069275
18186,0.41948533058166504,0.41948533058166504,0.41948533058166504
18190,0.4203104078769684,0.4203104078769684,0.4203104078769684
18192,0.42122119665145874,0.42122119665145874,0.42122119665145874
18193,0.4212053418159485,0.4212053418159485,0.4212053418159485
18197,0.4202654957771301,0.4202654957771301,0.4202654957771301
18201,0.42021414637565613,0.42021414637565613,0.42021414637565613
18203,0.420388787984848,0.420388787984848,0.420388787984848
18205,0.41999512910842896,0.41999512910842896,0.41999512910842896
18207,0.42020881175994873,0.42020881175994873,0.42020881175994873
18217,0.42300450801849365,0.42300450801849365,0.42300450801849365
18218,0.42291972041130066,0.42291972041130066,0.42291972041130066
18221,0.42297425866127014,0.42297425866127014,0.42297425866127014
18225,0.4232947826385498,0.4232947826385498,0.4232947826385498
18226,0.4232123792171478,0.4232123792171478,0.4232123792171478
18227,0.42297643423080444,0.42297643423080444,0.42297643423080444
18228,0.42215558886528015,0.42215558886528015,0.42215558886528015
18233,0.4235652983188629,0.4235652983188629,0.4235652983188629
18236,0.42298316955566406,0.42298316955566406,0.42298316955566406
18239,0.4229242503643036,0.4229242503643036,0.4229242503643036
18243,0.42343562841415405,0.42343562841415405,0.42343562841415405
18245,0.4235803186893463,0.4235803186893463,0.4235803186893463
18246,0.4239565432071686,0.4239565432071686,0.4239565432071686
18247,0.4244186282157898,0.4244186282157898,0.4244186282157898
18253,0.42538729310035706,0.42538729310035706,0.42538729310035706
18254,0.425214946269989,0.425214946269989,0.425214946269989
18255,0.4248584806919098,0.4248584806919098,0.4248584806919098
18256,0.42444518208503723,0.42444518208503723,0.42444518208503723
18257,0.42441079020500183,0.42441079020500183,0.42441079020500183
18260,0.4254685342311859,0.4254685342311859,0.4254685342311859
18261,0.4255473017692566,0.4255473017692566,0.4255473017692566
18262,0.42533010244369507,0.42533010244369507,0.42533010244369507
18265,0.4253198206424713,0.4253198206424713,0.4253198206424713
18266,0.42538022994995117,0.42538022994995117,0.42538022994995117
18268,0.4246203601360321,0.4246203601360321,0.4246203601360321
18273,0.4231279492378235,0.4231279492378235,0.4231279492378235
18275,0.42389339208602905,0.42389339208602905,0.42389339208602905
18277,0.42408621311187744,0.42408621311187744,0.42408621311187744
18279,0.4242641031742096,0.4242641031742096,0.4242641031742096
18280,0.42422017455101013,0.42422017455101013,0.42422017455101013
18281,0.42447182536125183,0.42447182536125183,0.42447182536125183
18284,0.4240741729736328,0.4240741729736328,0.4240741729736328
18288,0.4231574237346649,0.4231574237346649,0.4231574237346649
18289,0.4233609139919281,0.4233609139919281,0.4233609139919281
18290,0.42373189330101013,0.42373189330101013,0.42373189330101013
18291,0.4241560697555542,0.4241560697555542,0.4241560697555542
18293,0.42512089014053345,0.42512089014053345,0.42512089014053345
18294,0.42539650201797485,0.42539650201797485,0.42539650201797485
18296,0.4248950183391571,0.4248950183391571,0.4248950183391571
18298,0.4231168329715729,0.4231168329715729,0.4231168329715729
18300,0.4230267107486725,0.4230267107486725,0.4230267107486725
18301,0.4232601225376129,0.4232601225376129,0.4232601225376129
18302,0.4235818386077881,0.4235818386077881,0.4235818386077881
18304,0.42357000708580017,0.42357000708580017,0.42357000708580017
18307,0.4223251938819885,0.4223251938819885,0.4223251938819885
18308,0.4224511682987213,0.4224511682987213,0.4224511682987213
18312,0.42196062207221985,0.42196062207221985,0.42196062207221985
18313,0.4222607910633087,0.4222607910633087,0.4222607910633087
18317,0.4231530427932739,0.4231530427932739,0.4231530427932739
18319,0.4235108196735382,0.4235108196735382,0.4235108196735382
18322,0.42247772216796875,0.42247772216796875,0.42247772216796875
18323,0.42204418778419495,0.42204418778419495,0.42204418778419495
18324,0.4221806228160858,0.4221806228160858,0.4221806228160858
18325,0.42258280515670776,0.42258280515670776,0.42258280515670776
18326,0.42241424322128296,0.42241424322128296,0.42241424322128296
18328,0.42210954427719116,0.42210954427719116,0.42210954427719116
18329,0.4226764738559723,0.4226764738559723,0.4226764738559723
18330,0.4230652153491974,0.4230652153491974,0.4230652153491974
18332,0.424032598733902,0.424032598733902,0.424032598733902
18334,0.42399969696998596,0.42399969696998596,0.42399969696998596
18337,0.42405965924263,0.42405965924263,0.42405965924263
18340,0.4230896830558777,0.4230896830558777,0.4230896830558777
18347,0.4247705042362213,0.4247705042362213,0.4247705042362213
18349,0.4242795407772064,0.4242795407772064,0.4242795407772064
18350,0.4241182804107666,0.4241182804107666,0.4241182804107666
18351,0.42449355125427246,0.42449355125427246,0.42449355125427246
18355,0.4239075779914856,0.4239075779914856,0.4239075779914856
18357,0.42292216420173645,0.42292216420173645,0.42292216420173645
18363,0.42212316393852234,0.42212316393852234,0.42212316393852234
18364,0.42199164628982544,0.42199164628982544,0.42199164628982544
18365,0.4217255413532257,0.4217255413532257,0.4217255413532257
18366,0.4212106168270111,0.4212106168270111,0.4212106168270111
18369,0.4199753701686859,0.4199753701686859,0.4199753701686859
18370,0.41941171884536743,0.41941171884536743,0.41941171884536743
18372,0.4203487038612366,0.4203487038612366,0.4203487038612366
18373,0.42074155807495117,0.42074155807495117,0.42074155807495117
18374,0.42062389850616455,0.42062389850616455,0.42062389850616455
18375,0.42057961225509644,0.42057961225509644,0.42057961225509644
18379,0.41959258913993835,0.41959258913993835,0.41959258913993835
18381,0.42038464546203613,0.42038464546203613,0.42038464546203613
18383,0.4196888506412506,0.4196888506412506,0.4196888506412506
18385,0.4190848767757416,0.4190848767757416,0.4190848767757416
18386,0.41900545358657837,0.41900545358657837,0.41900545358657837
18387,0.4191245436668396,0.4191245436668396,0.4191245436668396
18388,0.41936883330345154,0.41936883330345154,0.41936883330345154
18390,0.4203386604785919,0.4203386604785919,0.4203386604785919
18391,0.4207723140716553,0.4207723140716553,0.4207723140716553
18395,0.42049309611320496,0.42049309611320496,0.42049309611320496
18396,0.42015087604522705,0.42015087604522705,0.42015087604522705
18397,0.42026010155677795,0.42026010155677795,0.42026010155677795
18398,0.42029544711112976,0.42029544711112976,0.42029544711112976
18399,0.42022931575775146,0.42022931575775146,0.42022931575775146
18405,0.4196898341178894,0.4196898341178894,0.4196898341178894
18407,0.4201608896255493,0.4201608896255493,0.4201608896255493
18409,0.4201328456401825,0.4201328456401825,0.4201328456401825
18410,0.42048880457878113,0.42048880457878113,0.42048880457878113
18411,0.4203817844390869,0.4203817844390869,0.4203817844390869
18413,0.4204257130622864,0.4204257130622864,0.4204257130622864
18415,0.4200775921344757,0.4200775921344757,0.4200775921344757
18416,0.4200515151023865,0.4200515151023865,0.4200515151023865
18417,0.41996827721595764,0.41996827721595764,0.41996827721595764
18418,0.41998839378356934,0.41998839378356934,0.41998839378356934
18420,0.4199920892715454,0.4199920892715454,0.4199920892715454
18423,0.41909852623939514,0.41909852623939514,0.41909852623939514
18426,0.41976895928382874,0.41976895928382874,0.41976895928382874
18427,0.4202408790588379,0.4202408790588379,0.4202408790588379
18429,0.42083442211151123,0.42083442211151123,0.42083442211151123
18430,0.420777291059494,0.420777291059494,0.420777291059494
18431,0.4204554855823517,0.4204554855823517,0.4204554855823517
18432,0.4205205738544464,0.4205205738544464,0.4205205738544464
18436,0.4210774004459381,0.4210774004459381,0.4210774004459381
18437,0.4215615689754486,0.4215615689754486,0.4215615689754486
18438,0.42157983779907227,0.42157983779907227,0.42157983779907227
18440,0.4215644598007202,0.4215644598007202,0.4215644598007202
18441,0.4216981530189514,0.4216981530189514,0.4216981530189514
18442,0.4220426082611084,0.4220426082611084,0.4220426082611084
18447,0.4203711152076721,0.4203711152076721,0.4203711152076721
18449,0.4204126000404358,0.4204126000404358,0.4204126000404358
18450,0.4205437898635864,0.4205437898635864,0.4205437898635864
18451,0.42025041580200195,0.42025041580200195,0.42025041580200195
18452,0.4199680685997009,0.4199680685997009,0.4199680685997009
18453,0.4196864366531372,0.4196864366531372,0.4196864366531372
18454,0.4196736812591553,0.4196736812591553,0.4196736812591553
18456,0.41970452666282654,0.41970452666282654,0.41970452666282654
18458,0.41891929507255554,0.41891929507255554,0.41891929507255554
18459,0.4187834858894348,0.4187834858894348,0.4187834858894348
18465,0.42029857635498047,0.42029857635498047,0.42029857635498047
18466,0.42016902565956116,0.42016902565956116,0.42016902565956116
18467,0.419997900724411,0.419997900724411,0.419997900724411
18469,0.4197061359882355,0.4197061359882355,0.4197061359882355
18470,0.41954493522644043,0.41954493522644043,0.41954493522644043
18471,0.4193715751171112,0.4193715751171112,0.4193715751171112
18474,0.4190387427806854,0.4190387427806854,0.4190387427806854
18476,0.41909316182136536,0.41909316182136536,0.41909316182136536
18477,0.4185287356376648,0.4185287356376648,0.4185287356376648
18479,0.4183988869190216,0.4183988869190216,0.4183988869190216
18481,0.4182519018650055,0.4182519018650055,0.4182519018650055
18483,0.41821086406707764,0.41821086406707764,0.41821086406707764
18484,0.41849422454833984,0.41849422454833984,0.41849422454833984
18487,0.4193270802497864,0.4193270802497864,0.4193270802497864
18489,0.4196459650993347,0.4196459650993347,0.4196459650993347
18492,0.4197885990142822,0.4197885990142822,0.4197885990142822
18494,0.4206651747226715,0.4206651747226715,0.4206651747226715
18498,0.42201605439186096,0.42201605439186096,0.42201605439186096
18500,0.4225293695926666,0.4225293695926666,0.4225293695926666
18502,0.42260274291038513,0.42260274291038513,0.42260274291038513
18503,0.42278948426246643,0.42278948426246643,0.42278948426246643
18505,0.42284151911735535,0.42284151911735535,0.42284151911735535
18506,0.42252224683761597,0.42252224683761597,0.42252224683761597
18507,0.42197471857070923,0.42197471857070923,0.42197471857070923
18510,0.4219704270362854,0.4219704270362854,0.4219704270362854
18514,0.4224487245082855,0.4224487245082855,0.4224487245082855
18517,0.42334839701652527,0.42334839701652527,0.42334839701652527
18518,0.42352691292762756,0.42352691292762756,0.42352691292762756
18520,0.42365598678588867,0.42365598678588867,0.42365598678588867
18521,0.4239497482776642,0.4239497482776642,0.4239497482776642
18522,0.42409107089042664,0.42409107089042664,0.42409107089042664
18525,0.4238150119781494,0.4238150119781494,0.4238150119781494
18529,0.42429181933403015,0.42429181933403015,0.42429181933403015
18531,0.423967570066452,0.423967570066452,0.423967570066452
18532,0.4239010214805603,0.4239010214805603,0.4239010214805603
18533,0.4243142604827881,0.4243142604827881,0.4243142604827881
18536,0.42547452449798584,0.42547452449798584,0.42547452449798584
18537,0.4251285195350647,0.4251285195350647,0.4251285195350647
18542,0.42421841621398926,0.42421841621398926,0.42421841621398926
18543,0.42343029379844666,0.42343029379844666,0.42343029379844666
18545,0.4233124852180481,0.4233124852180481,0.4233124852180481
18550,0.42246150970458984,0.42246150970458984,0.42246150970458984
18551,0.4222888946533203,0.4222888946533203,0.4222888946533203
18552,0.4221433103084564,0.4221433103084564,0.4221433103084564
18553,0.4224015176296234,0.4224015176296234,0.4224015176296234
18557,0.42241495847702026,0.42241495847702026,0.42241495847702026
18563,0.42152178287506104,0.42152178287506104,0.42152178287506104
18565,0.42218536138534546,0.42218536138534546,0.42218536138534546
18567,0.4223956763744354,0.4223956763744354,0.4223956763744354
18568,0.4220193326473236,0.4220193326473236,0.4220193326473236
18569,0.4217427670955658,0.4217427670955658,0.4217427670955658
18571,0.4219842553138733,0.4219842553138733,0.4219842553138733
18574,0.4208652377128601,0.4208652377128601,0.4208652377128601
18577,0.4223214387893677,0.4223214387893677,0.4223214387893677
18578,0.4222410321235657,0.4222410321235657,0.4222410321235657
18579,0.42241528630256653,0.42241528630256653,0.42241528630256653
18580,0.4223853051662445,0.4223853051662445,0.4223853051662445
18581,0.42250490188598633,0.42250490188598633,0.42250490188598633
18584,0.42245858907699585,0.42245858907699585,0.42245858907699585
18585,0.4225195646286011,0.4225195646286011,0.4225195646286011
18588,0.4220047891139984,0.4220047891139984,0.4220047891139984
18590,0.42242270708084106,0.42242270708084106,0.42242270708084106
18594,0.4219542145729065,0.4219542145729065,0.4219542145729065
18600,0.42271101474761963,0.42271101474761963,0.42271101474761963
18603,0.4218478500843048,0.4218478500843048,0.4218478500843048
18605,0.4212903380393982,0.4212903380393982,0.4212903380393982
18606,0.42092397809028625,0.42092397809028625,0.42092397809028625
18611,0.4198288321495056,0.4198288321495056,0.4198288321495056
18613,0.421401709318161,0.421401709318161,0.421401709318161
18620,0.4211074709892273,0.4211074709892273,0.4211074709892273
18622,0.4205990433692932,0.4205990433692932,0.4205990433692932
18628,0.4217562973499298,0.4217562973499298,0.4217562973499298
18630,0.4217483103275299,0.4217483103275299,0.4217483103275299
18632,0.4223576486110687,0.4223576486110687,0.4223576486110687
18635,0.42190808057785034,0.42190808057785034,0.42190808057785034
18636,0.42119166254997253,0.42119166254997253,0.42119166254997253
18637,0.42097190022468567,0.42097190022468567,0.42097190022468567
18639,0.42149701714515686,0.42149701714515686,0.42149701714515686
18641,0.42255496978759766,0.42255496978759766,0.42255496978759766
18644,0.4239337742328644,0.4239337742328644,0.4239337742328644
18648,0.4260025918483734,0.4260025918483734,0.4260025918483734
18651,0.426669716835022,0.426669716835022,0.426669716835022
18653,0.42713746428489685,0.42713746428489685,0.42713746428489685
18654,0.42764216661453247,0.42764216661453247,0.42764216661453247
18657,0.428223580121994,0.428223580121994,0.428223580121994
18660,0.42735227942466736,0.42735227942466736,0.42735227942466736
18661,0.4274075925350189,0.4274075925350189,0.4274075925350189
18663,0.4270794689655304,0.4270794689655304,0.4270794689655304
18664,0.4276597201824188,0.4276597201824188,0.4276597201824188
18666,0.42754626274108887,0.42754626274108887,0.42754626274108887
18667,0.42754727602005005,0.42754727602005005,0.42754727602005005
18668,0.4270232915878296,0.4270232915878296,0.4270232915878296
18669,0.42613041400909424,0.42613041400909424,0.42613041400909424
18670,0.42618411779403687,0.42618411779403687,0.42618411779403687
18672,0.425983726978302,0.425983726978302,0.425983726978302
18673,0.4258875548839569,0.4258875548839569,0.4258875548839569
18676,0.4262024462223053,0.4262024462223053,0.4262024462223053
18678,0.4253711998462677,0.4253711998462677,0.4253711998462677
18683,0.42447414994239807,0.42447414994239807,0.42447414994239807
18685,0.42394042015075684,0.42394042015075684,0.42394042015075684
18686,0.4241468906402588,0.4241468906402588,0.4241468906402588
18689,0.42340385913848877,0.42340385913848877,0.42340385913848877
18691,0.4235769212245941,0.4235769212245941,0.4235769212245941
18692,0.4238263666629791,0.4238263666629791,0.4238263666629791
18693,0.4240197241306305,0.4240197241306305,0.4240197241306305
18695,0.4242844581604004,0.4242844581604004,0.4242844581604004
18697,0.4254058003425598,0.4254058003425598,0.4254058003425598
18699,0.42562827467918396,0.42562827467918396,0.42562827467918396
18701,0.42494645714759827,0.42494645714759827,0.42494645714759827
18705,0.4241916239261627,0.4241916239261627,0.4241916239261627
18707,0.4244552552700043,0.4244552552700043,0.4244552552700043
18708,0.42469707131385803,0.42469707131385803,0.42469707131385803
18710,0.4243919551372528,0.4243919551372528,0.4243919551372528
18711,0.42429476976394653,0.42429476976394653,0.42429476976394653
18714,0.4249650239944458,0.4249650239944458,0.4249650239944458
18716,0.42477938532829285,0.42477938532829285,0.42477938532829285
18717,0.4250316023826599,0.4250316023826599,0.4250316023826599
18720,0.42445316910743713,0.42445316910743713,0.42445316910743713
18721,0.42380771040916443,0.42380771040916443,0.42380771040916443
18722,0.42265763878822327,0.42265763878822327,0.42265763878822327
18725,0.42288801074028015,0.42288801074028015,0.42288801074028015
18728,0.4242655336856842,0.4242655336856842,0.4242655336856842
18730,0.42419537901878357,0.42419537901878357,0.42419537901878357
18731,0.4235161244869232,0.4235161244869232,0.4235161244869232
18734,0.4232851564884186,0.4232851564884186,0.4232851564884186
18738,0.42193925380706787,0.42193925380706787,0.42193925380706787
18739,0.42206403613090515,0.42206403613090515,0.42206403613090515
18740,0.4222525358200073,0.4222525358200073,0.4222525358200073
18743,0.4205755293369293,0.4205755293369293,0.4205755293369293
18749,0.41904744505882263,0.41904744505882263,0.41904744505882263
18752,0.41855043172836304,0.41855043172836304,0.41855043172836304
18754,0.41878294944763184,0.41878294944763184,0.41878294944763184
18755,0.4186142683029175,0.4186142683029175,0.4186142683029175
18759,0.418239563703537,0.418239563703537,0.418239563703537
18761,0.41817766427993774,0.41817766427993774,0.41817766427993774
18762,0.4185927212238312,0.4185927212238312,0.4185927212238312
18763,0.4194200038909912,0.4194200038909912,0.4194200038909912
18769,0.42017561197280884,0.42017561197280884,0.42017561197280884
18771,0.41939041018486023,0.41939041018486023,0.41939041018486023
18773,0.4198418855667114,0.4198418855667114,0.4198418855667114
18776,0.4205322265625,0.4205322265625,0.4205322265625
18780,0.4201124608516693,0.4201124608516693,0.4201124608516693
18781,0.4201600253582001,0.4201600253582001,0.4201600253582001
18782,0.4199244976043701,0.4199244976043701,0.4199244976043701
18788,0.4199749231338501,0.4199749231338501,0.4199749231338501
18790,0.4204922914505005,0.4204922914505005,0.4204922914505005
18791,0.4200928509235382,0.4200928509235382,0.4200928509235382
18793,0.42061081528663635,0.42061081528663635,0.42061081528663635
18795,0.42078131437301636,0.42078131437301636,0.42078131437301636
18796,0.4213266968727112,0.4213266968727112,0.4213266968727112
18797,0.4219592809677124,0.4219592809677124,0.4219592809677124
18799,0.42189937829971313,0.42189937829971313,0.42189937829971313
18800,0.4217577278614044,0.4217577278614044,0.4217577278614044
18803,0.42237406969070435,0.42237406969070435,0.42237406969070435
18806,0.4215720593929291,0.4215720593929291,0.4215720593929291
18807,0.42060309648513794,0.42060309648513794,0.42060309648513794
18811,0.4194050431251526,0.4194050431251526,0.4194050431251526
18812,0.4190770089626312,0.4190770089626312,0.4190770089626312
18816,0.4181632697582245,0.4181632697582245,0.4181632697582245
18818,0.417114794254303,0.417114794254303,0.417114794254303
18819,0.4174902141094208,0.4174902141094208,0.4174902141094208
18820,0.4175778031349182,0.4175778031349182,0.4175778031349182
18821,0.4174191951751709,0.4174191951751709,0.4174191951751709
18822,0.41742071509361267,0.41742071509361267,0.41742071509361267
18825,0.41784435510635376,0.41784435510635376,0.41784435510635376
18826,0.41842183470726013,0.41842183470726013,0.41842183470726013
18830,0.41883036494255066,0.41883036494255066,0.41883036494255066
18833,0.41915589570999146,0.41915589570999146,0.41915589570999146
18835,0.419603168964386,0.419603168964386,0.419603168964386
18837,0.41907936334609985,0.41907936334609985,0.41907936334609985
18838,0.4192345440387726,0.4192345440387726,0.4192345440387726
18840,0.4199100136756897,0.4199100136756897,0.4199100136756897
18841,0.4203565716743469,0.4203565716743469,0.4203565716743469
18842,0.42065176367759705,0.42065176367759705,0.42065176367759705
18844,0.42079687118530273,0.42079687118530273,0.42079687118530273
18848,0.4219015836715698,0.4219015836715698,0.4219015836715698
18849,0.4216989278793335,0.4216989278793335,0.4216989278793335
18858,0.42380738258361816,0.42380738258361816,0.42380738258361816
18860,0.4240536093711853,0.4240536093711853,0.4240536093711853
18862,0.42459341883659363,0.42459341883659363,0.42459341883659363
18863,0.4246051013469696,0.4246051013469696,0.4246051013469696
18864,0.4245166778564453,0.4245166778564453,0.4245166778564453
18865,0.4242098331451416,0.4242098331451416,0.4242098331451416
18866,0.4240356981754303,0.4240356981754303,0.4240356981754303
18867,0.4237940311431885,0.4237940311431885,0.4237940311431885
18868,0.42367929220199585,0.42367929220199585,0.42367929220199585
18870,0.42441144585609436,0.42441144585609436,0.42441144585609436
18872,0.4241124987602234,0.4241124987602234,0.4241124987602234
18873,0.4245208501815796,0.4245208501815796,0.4245208501815796
18874,0.42442893981933594,0.42442893981933594,0.42442893981933594
18875,0.4242636561393738,0.4242636561393738,0.4242636561393738
18876,0.42430245876312256,0.42430245876312256,0.42430245876312256
18877,0.4244937300682068,0.4244937300682068,0.4244937300682068
18878,0.42431843280792236,0.42431843280792236,0.42431843280792236
18879,0.4246833026409149,0.4246833026409149,0.4246833026409149
18881,0.4242745339870453,0.4242745339870453,0.4242745339870453
18883,0.42386355996131897,0.42386355996131897,0.42386355996131897
18888,0.4240206778049469,0.4240206778049469,0.4240206778049469
18889,0.4242299497127533,0.4242299497127533,0.4242299497127533
18891,0.4249398112297058,0.4249398112297058,0.4249398112297058
18892,0.42529526352882385,0.42529526352882385,0.42529526352882385
18893,0.42513507604599,0.42513507604599,0.42513507604599
18894,0.4251861870288849,0.4251861870288849,0.4251861870288849
18897,0.42615774273872375,0.42615774273872375,0.42615774273872375
18898,0.4265012741088867,0.4265012741088867,0.4265012741088867
18901,0.4271164834499359,0.4271164834499359,0.4271164834499359
18904,0.428061842918396,0.428061842918396,0.428061842918396
18907,0.42799869179725647,0.42799869179725647,0.42799869179725647
18908,0.42799144983291626,0.42799144983291626,0.42799144983291626
18909,0.42807868123054504,0.42807868123054504,0.42807868123054504
18911,0.42796599864959717,0.42796599864959717,0.42796599864959717
18913,0.4278206527233124,0.4278206527233124,0.4278206527233124
18918,0.42790040373802185,0.42790040373802185,0.42790040373802185
18919,0.4278564453125,0.4278564453125,0.4278564453125
18920,0.42785993218421936,0.42785993218421936,0.42785993218421936
18921,0.4273254871368408,0.4273254871368408,0.4273254871368408
18922,0.4265981614589691,0.4265981614589691,0.4265981614589691
18923,0.42659449577331543,0.42659449577331543,0.42659449577331543
18924,0.426425039768219,0.426425039768219,0.426425039768219
18925,0.42632022500038147,0.42632022500038147,0.42632022500038147
18926,0.4261353015899658,0.4261353015899658,0.4261353015899658
18927,0.4257326126098633,0.4257326126098633,0.4257326126098633
18929,0.42510271072387695,0.42510271072387695,0.42510271072387695
18933,0.42526009678840637,0.42526009678840637,0.42526009678840637
18934,0.42531245946884155,0.42531245946884155,0.42531245946884155
18935,0.42549046874046326,0.42549046874046326,0.42549046874046326
18938,0.42598676681518555,0.42598676681518555,0.42598676681518555
18942,0.4264547824859619,0.4264547824859619,0.4264547824859619
18945,0.427091509103775,0.427091509103775,0.427091509103775
18946,0.4269791841506958,0.4269791841506958,0.4269791841506958
18947,0.42682528495788574,0.42682528495788574,0.42682528495788574
18949,0.42619240283966064,0.42619240283966064,0.42619240283966064
18950,0.4263376295566559,0.4263376295566559,0.4263376295566559
18951,0.4266171455383301,0.4266171455383301,0.4266171455383301
18954,0.42644810676574707,0.42644810676574707,0.42644810676574707
18955,0.426349937915802,0.426349937915802,0.426349937915802
18957,0.42720136046409607,0.42720136046409607,0.42720136046409607
18963,0.4278804361820221,0.4278804361820221,0.4278804361820221
18967,0.4282674193382263,0.4282674193382263,0.4282674193382263
18970,0.42783689498901367,0.42783689498901367,0.42783689498901367
18973,0.42740100622177124,0.42740100622177124,0.42740100622177124
18975,0.4267585277557373,0.4267585277557373,0.4267585277557373
18976,0.42649412155151367,0.42649412155151367,0.42649412155151367
18977,0.42654845118522644,0.42654845118522644,0.42654845118522644
18979,0.42699509859085083,0.42699509859085083,0.42699509859085083
18980,0.42675167322158813,0.42675167322158813,0.42675167322158813
18981,0.42634859681129456,0.42634859681129456,0.42634859681129456
18983,0.42638474702835083,0.42638474702835083,0.42638474702835083
18984,0.42651695013046265,0.42651695013046265,0.42651695013046265
18985,0.4264780580997467,0.4264780580997467,0.4264780580997467
18987,0.4268142879009247,0.4268142879009247,0.4268142879009247
18990,0.42599406838417053,0.42599406838417053,0.42599406838417053
18996,0.42450839281082153,0.42450839281082153,0.42450839281082153
18998,0.4245716631412506,0.4245716631412506,0.4245716631412506
18999,0.4247414469718933,0.4247414469718933,0.4247414469718933
19000,0.4248102009296417,0.4248102009296417,0.4248102009296417
19002,0.4240063428878784,0.4240063428878784,0.4240063428878784
19003,0.4238598346710205,0.4238598346710205,0.4238598346710205
19006,0.42412441968917847,0.42412441968917847,0.42412441968917847
19007,0.42388927936553955,0.42388927936553955,0.42388927936553955
19009,0.42364129424095154,0.42364129424095154,0.42364129424095154
19010,0.4229561984539032,0.4229561984539032,0.4229561984539032
19016,0.42335402965545654,0.42335402965545654,0.42335402965545654
19017,0.42367666959762573,0.42367666959762573,0.42367666959762573
19021,0.42336374521255493,0.42336374521255493,0.42336374521255493
19022,0.4227367043495178,0.4227367043495178,0.4227367043495178
19023,0.42209917306900024,0.42209917306900024,0.42209917306900024
19026,0.4214186370372772,0.4214186370372772,0.4214186370372772
19027,0.42142555117607117,0.42142555117607117,0.42142555117607117
19028,0.4212435781955719,0.4212435781955719,0.4212435781955719
19029,0.4211212396621704,0.4211212396621704,0.4211212396621704
19030,0.4210614562034607,0.4210614562034607,0.4210614562034607
19032,0.42230767011642456,0.42230767011642456,0.42230767011642456
19035,0.4218638837337494,0.4218638837337494,0.4218638837337494
19037,0.4218154847621918,0.4218154847621918,0.4218154847621918
19040,0.4220586121082306,0.4220586121082306,0.4220586121082306
19042,0.42153534293174744,0.42153534293174744,0.42153534293174744
19044,0.42058905959129333,0.42058905959129333,0.42058905959129333
19046,0.4209441542625427,0.4209441542625427,0.4209441542625427
19051,0.42203426361083984,0.42203426361083984,0.42203426361083984
19055,0.42135149240493774,0.42135149240493774,0.42135149240493774
19057,0.41989970207214355,0.41989970207214355,0.41989970207214355
19058,0.41996434330940247,0.41996434330940247,0.41996434330940247
19061,0.42011281847953796,0.42011281847953796,0.42011281847953796
19062,0.4196506440639496,0.4196506440639496,0.4196506440639496
19063,0.4194304049015045,0.4194304049015045,0.4194304049015045
19069,0.4179033935070038,0.4179033935070038,0.4179033935070038
19073,0.41805872321128845,0.41805872321128845,0.41805872321128845
19076,0.416444331407547,0.416444331407547,0.416444331407547
19079,0.4168829321861267,0.4168829321861267,0.4168829321861267
19080,0.4173218011856079,0.4173218011856079,0.4173218011856079
19082,0.4168943762779236,0.4168943762779236,0.4168943762779236
19087,0.41718533635139465,0.41718533635139465,0.41718533635139465
19089,0.4165259599685669,0.4165259599685669,0.4165259599685669
19091,0.41768836975097656,0.41768836975097656,0.41768836975097656
19093,0.4185684621334076,0.4185684621334076,0.4185684621334076
19095,0.4184980094432831,0.4184980094432831,0.4184980094432831
19098,0.4173283576965332,0.4173283576965332,0.4173283576965332
19099,0.4171907603740692,0.4171907603740692,0.4171907603740692
19102,0.41693931818008423,0.41693931818008423,0.41693931818008423
19104,0.4167020916938782,0.4167020916938782,0.4167020916938782
19107,0.4164424240589142,0.4164424240589142,0.4164424240589142
19108,0.4163820743560791,0.4163820743560791,0.4163820743560791
19109,0.4164813160896301,0.4164813160896301,0.4164813160896301
19111,0.4165217876434326,0.4165217876434326,0.4165217876434326
19113,0.4164384603500366,0.4164384603500366,0.4164384603500366
19114,0.4169984757900238,0.4169984757900238,0.4169984757900238
19115,0.4172672927379608,0.4172672927379608,0.4172672927379608
19116,0.41700437664985657,0.41700437664985657,0.41700437664985657
19119,0.41750502586364746,0.41750502586364746,0.41750502586364746
19120,0.41778331995010376,0.41778331995010376,0.41778331995010376
19124,0.41750410199165344,0.41750410199165344,0.41750410199165344
19125,0.41751861572265625,0.41751861572265625,0.41751861572265625
19126,0.4177108407020569,0.4177108407020569,0.4177108407020569
19127,0.4173376262187958,0.4173376262187958,0.4173376262187958
19128,0.4176047146320343,0.4176047146320343,0.4176047146320343
19131,0.41725215315818787,0.41725215315818787,0.41725215315818787
19134,0.41650888323783875,0.41650888323783875,0.41650888323783875
19135,0.4170774817466736,0.4170774817466736,0.4170774817466736
19136,0.41788414120674133,0.41788414120674133,0.41788414120674133
19137,0.41828590631484985,0.41828590631484985,0.41828590631484985
19138,0.41808855533599854,0.41808855533599854,0.41808855533599854
19139,0.41861408948898315,0.41861408948898315,0.41861408948898315
19140,0.4191558063030243,0.4191558063030243,0.4191558063030243
19141,0.4195050001144409,0.4195050001144409,0.4195050001144409
19142,0.4200878143310547,0.4200878143310547,0.4200878143310547
19145,0.42148175835609436,0.42148175835609436,0.42148175835609436
19146,0.4216722846031189,0.4216722846031189,0.4216722846031189
19148,0.42213255167007446,0.42213255167007446,0.42213255167007446
19151,0.42226681113243103,0.42226681113243103,0.42226681113243103
19154,0.42117801308631897,0.42117801308631897,0.42117801308631897
19156,0.421561062335968,0.421561062335968,0.421561062335968
19159,0.42206183075904846,0.42206183075904846,0.42206183075904846
19160,0.4219319522380829,0.4219319522380829,0.4219319522380829
19161,0.421328067779541,0.421328067779541,0.421328067779541
19167,0.4194994866847992,0.4194994866847992,0.4194994866847992
19168,0.41908955574035645,0.41908955574035645,0.41908955574035645
19169,0.41934695839881897,0.41934695839881897,0.41934695839881897
19170,0.41985148191452026,0.41985148191452026,0.41985148191452026
19174,0.4190079867839813,0.4190079867839813,0.4190079867839813
19175,0.4188537299633026,0.4188537299633026,0.4188537299633026
19176,0.4185219705104828,0.4185219705104828,0.4185219705104828
19177,0.41821542382240295,0.41821542382240295,0.41821542382240295
19178,0.41814833879470825,0.41814833879470825,0.41814833879470825
19180,0.41831013560295105,0.41831013560295105,0.41831013560295105
19181,0.41856446862220764,0.41856446862220764,0.41856446862220764
19182,0.418581485748291,0.418581485748291,0.418581485748291
19187,0.4201326072216034,0.4201326072216034,0.4201326072216034
19192,0.4205002188682556,0.4205002188682556,0.4205002188682556
19195,0.4206696152687073,0.4206696152687073,0.4206696152687073
19197,0.4214373826980591,0.4214373826980591,0.4214373826980591
19198,0.4207667410373688,0.4207667410373688,0.4207667410373688
19199,0.4203372299671173,0.4203372299671173,0.4203372299671173
19200,0.4203243553638458,0.4203243553638458,0.4203243553638458
19201,0.4202120900154114,0.4202120900154114,0.4202120900154114
19202,0.42002758383750916,0.42002758383750916,0.42002758383750916
19203,0.4200843870639801,0.4200843870639801,0.4200843870639801
19204,0.4202559292316437,0.4202559292316437,0.4202559292316437
19205,0.4206940829753876,0.4206940829753876,0.4206940829753876
19206,0.42032390832901,0.42032390832901,0.42032390832901
19207,0.4202149212360382,0.4202149212360382,0.4202149212360382
19208,0.42021358013153076,0.42021358013153076,0.42021358013153076
19209,0.4209338426589966,0.4209338426589966,0.4209338426589966
19210,0.42146065831184387,0.42146065831184387,0.42146065831184387
19213,0.42220088839530945,0.42220088839530945,0.42220088839530945
19214,0.4220174551010132,0.4220174551010132,0.4220174551010132
19216,0.4224507510662079,0.4224507510662079,0.4224507510662079
19220,0.42300304770469666,0.42300304770469666,0.42300304770469666
19221,0.42287927865982056,0.42287927865982056,0.42287927865982056
19222,0.422963410615921,0.422963410615921,0.422963410615921
19224,0.4225289821624756,0.4225289821624756,0.4225289821624756
19225,0.4226876199245453,0.4226876199245453,0.4226876199245453
19226,0.42261260747909546,0.42261260747909546,0.42261260747909546
19227,0.42184269428253174,0.42184269428253174,0.42184269428253174
19230,0.42160335183143616,0.42160335183143616,0.42160335183143616
19232,0.4215752184391022,0.4215752184391022,0.4215752184391022
19234,0.4225102961063385,0.4225102961063385,0.4225102961063385
19235,0.422956258058548,0.422956258058548,0.422956258058548
19236,0.42345020174980164,0.42345020174980164,0.42345020174980164
19237,0.42359936237335205,0.42359936237335205,0.42359936237335205
19243,0.4243101179599762,0.4243101179599762,0.4243101179599762
19244,0.4247193932533264,0.4247193932533264,0.4247193932533264
19247,0.4249800443649292,0.4249800443649292,0.4249800443649292
19249,0.4249468743801117,0.4249468743801117,0.4249468743801117
19251,0.42531850934028625,0.42531850934028625,0.42531850934028625
19253,0.42421257495880127,0.42421257495880127,0.42421257495880127
19256,0.4235473573207855,0.4235473573207855,0.4235473573207855
19258,0.4238654375076294,0.4238654375076294,0.4238654375076294
19260,0.4247247278690338,0.4247247278690338,0.4247247278690338
19261,0.42442408204078674,0.42442408204078674,0.42442408204078674
19263,0.42354854941368103,0.42354854941368103,0.42354854941368103
19264,0.42349889874458313,0.42349889874458313,0.42349889874458313
19265,0.42369544506073,0.42369544506073,0.42369544506073
19266,0.42359045147895813,0.42359045147895813,0.42359045147895813
19267,0.42318183183670044,0.42318183183670044,0.42318183183670044
19269,0.42286255955696106,0.42286255955696106,0.42286255955696106
19270,0.4224739670753479,0.4224739670753479,0.4224739670753479
19275,0.4232625663280487,0.4232625663280487,0.4232625663280487
19277,0.42339661717414856,0.42339661717414856,0.42339661717414856
19278,0.4240350127220154,0.4240350127220154,0.4240350127220154
19281,0.4251909852027893,0.4251909852027893,0.4251909852027893
19283,0.4250452518463135,0.4250452518463135,0.4250452518463135
19284,0.42493999004364014,0.42493999004364014,0.42493999004364014
19285,0.4255010485649109,0.4255010485649109,0.4255010485649109
19287,0.42657747864723206,0.42657747864723206,0.42657747864723206
19288,0.42671263217926025,0.42671263217926025,0.42671263217926025
19289,0.4268842935562134,0.4268842935562134,0.4268842935562134
19290,0.426715612411499,0.426715612411499,0.426715612411499
19293,0.42618778347969055,0.42618778347969055,0.42618778347969055
19296,0.42628762125968933,0.42628762125968933,0.42628762125968933
19297,0.42674076557159424,0.42674076557159424,0.42674076557159424
19298,0.4266381859779358,0.4266381859779358,0.4266381859779358
19300,0.42657414078712463,0.42657414078712463,0.42657414078712463
19301,0.4262464940547943,0.4262464940547943,0.4262464940547943
19303,0.42590975761413574,0.42590975761413574,0.42590975761413574
19304,0.4256899356842041,0.4256899356842041,0.4256899356842041
19307,0.4254223108291626,0.4254223108291626,0.4254223108291626
19309,0.4263046979904175,0.4263046979904175,0.4263046979904175
19311,0.42577552795410156,0.42577552795410156,0.42577552795410156
19313,0.42642226815223694,0.42642226815223694,0.42642226815223694
19314,0.4260793924331665,0.4260793924331665,0.4260793924331665
19315,0.4259583055973053,0.4259583055973053,0.4259583055973053
19318,0.4262915849685669,0.4262915849685669,0.4262915849685669
19320,0.4262607991695404,0.4262607991695404,0.4262607991695404
19323,0.42549458146095276,0.42549458146095276,0.42549458146095276
19326,0.42442718148231506,0.42442718148231506,0.42442718148231506
19329,0.4261382222175598,0.4261382222175598,0.4261382222175598
19330,0.42649510502815247,0.42649510502815247,0.42649510502815247
19331,0.42700478434562683,0.42700478434562683,0.42700478434562683
19336,0.4292151629924774,0.4292151629924774,0.4292151629924774
19339,0.4289472997188568,0.4289472997188568,0.4289472997188568
19340,0.4287761449813843,0.4287761449813843,0.4287761449813843
19343,0.4292162358760834,0.4292162358760834,0.4292162358760834
19346,0.42933011054992676,0.42933011054992676,0.42933011054992676
19347,0.42933616042137146,0.42933616042137146,0.42933616042137146
19349,0.4295480251312256,0.4295480251312256,0.4295480251312256
19350,0.4296706020832062,0.4296706020832062,0.4296706020832062
19352,0.42996081709861755,0.42996081709861755,0.42996081709861755
19355,0.4295647144317627,0.4295647144317627,0.4295647144317627
19356,0.4299083650112152,0.4299083650112152,0.4299083650112152
19358,0.4300583600997925,0.4300583600997925,0.4300583600997925
19359,0.4296126663684845,0.4296126663684845,0.4296126663684845
19360,0.4290766716003418,0.4290766716003418,0.4290766716003418
19361,0.4286608099937439,0.4286608099937439,0.4286608099937439
19362,0.42863547801971436,0.42863547801971436,0.42863547801971436
19363,0.42874711751937866,0.42874711751937866,0.42874711751937866
19364,0.4289592206478119,0.4289592206478119,0.4289592206478119
19365,0.42873984575271606,0.42873984575271606,0.42873984575271606
19368,0.4282093346118927,0.4282093346118927,0.4282093346118927
19370,0.4283005893230438,0.4283005893230438,0.4283005893230438
19371,0.4283764660358429,0.4283764660358429,0.4283764660358429
19372,0.42817872762680054,0.42817872762680054,0.42817872762680054
19377,0.42722371220588684,0.42722371220588684,0.42722371220588684
19378,0.42690056562423706,0.42690056562423706,0.42690056562423706
19379,0.4266960918903351,0.4266960918903351,0.4266960918903351
19381,0.42645570635795593,0.42645570635795593,0.42645570635795593
19383,0.4260249435901642,0.4260249435901642,0.4260249435901642
19388,0.4250973165035248,0.4250973165035248,0.4250973165035248
19389,0.4246319830417633,0.4246319830417633,0.4246319830417633
19391,0.42451101541519165,0.42451101541519165,0.42451101541519165
19392,0.4247397482395172,0.4247397482395172,0.4247397482395172
19394,0.4252460300922394,0.4252460300922394,0.4252460300922394
19395,0.42511406540870667,0.42511406540870667,0.42511406540870667
19396,0.4250394403934479,0.4250394403934479,0.4250394403934479
19398,0.4253165125846863,0.4253165125846863,0.4253165125846863
19402,0.42470231652259827,0.42470231652259827,0.42470231652259827
19405,0.42596235871315,0.42596235871315,0.42596235871315
19406,0.4264410436153412,0.4264410436153412,0.4264410436153412
19407,0.42626407742500305,0.42626407742500305,0.42626407742500305
19408,0.42589420080184937,0.42589420080184937,0.42589420080184937
19409,0.4260289967060089,0.4260289967060089,0.4260289967060089
19411,0.4251024127006531,0.4251024127006531,0.4251024127006531
19413,0.42413535714149475,0.42413535714149475,0.42413535714149475
19414,0.424580454826355,0.424580454826355,0.424580454826355
19416,0.4246593713760376,0.4246593713760376,0.4246593713760376
19419,0.4240065813064575,0.4240065813064575,0.4240065813064575
19421,0.4240330457687378,0.4240330457687378,0.4240330457687378
19422,0.42429038882255554,0.42429038882255554,0.42429038882255554
19423,0.42413240671157837,0.42413240671157837,0.42413240671157837
19429,0.4247635006904602,0.4247635006904602,0.4247635006904602
19431,0.42497530579566956,0.42497530579566956,0.42497530579566956
19435,0.42503103613853455,0.42503103613853455,0.42503103613853455
19436,0.42586228251457214,0.42586228251457214,0.42586228251457214
19437,0.42646169662475586,0.42646169662475586,0.42646169662475586
19438,0.42667728662490845,0.42667728662490845,0.42667728662490845
19441,0.4275083541870117,0.4275083541870117,0.4275083541870117
19444,0.4275922477245331,0.4275922477245331,0.4275922477245331
19446,0.4270080029964447,0.4270080029964447,0.4270080029964447
19447,0.4271858036518097,0.4271858036518097,0.4271858036518097
19448,0.4273751974105835,0.4273751974105835,0.4273751974105835
19449,0.42665767669677734,0.42665767669677734,0.42665767669677734
19450,0.4263888895511627,0.4263888895511627,0.4263888895511627
19453,0.42623037099838257,0.42623037099838257,0.42623037099838257
19454,0.42598313093185425,0.42598313093185425,0.42598313093185425
19458,0.4260590672492981,0.4260590672492981,0.4260590672492981
19460,0.4255669116973877,0.4255669116973877,0.4255669116973877
19461,0.4252302944660187,0.4252302944660187,0.4252302944660187
19463,0.42519262433052063,0.42519262433052063,0.42519262433052063
19464,0.4253070652484894,0.4253070652484894,0.4253070652484894
19468,0.42556923627853394,0.42556923627853394,0.42556923627853394
19469,0.4256911873817444,0.4256911873817444,0.4256911873817444
19470,0.4258365035057068,0.4258365035057068,0.4258365035057068
19471,0.42584502696990967,0.42584502696990967,0.42584502696990967
19472,0.42623183131217957,0.42623183131217957,0.42623183131217957
19475,0.4283420145511627,0.4283420145511627,0.4283420145511627
19478,0.42859500646591187,0.42859500646591187,0.42859500646591187
19479,0.4283770024776459,0.4283770024776459,0.4283770024776459
19480,0.4282502233982086,0.4282502233982086,0.4282502233982086
19481,0.42862313985824585,0.42862313985824585,0.42862313985824585
19485,0.42968931794166565,0.42968931794166565,0.42968931794166565
19486,0.429492712020874,0.429492712020874,0.429492712020874
19487,0.4293896555900574,0.4293896555900574,0.4293896555900574
19489,0.4292796850204468,0.4292796850204468,0.4292796850204468
19490,0.42934533953666687,0.42934533953666687,0.42934533953666687
19491,0.42884355783462524,0.42884355783462524,0.42884355783462524
19492,0.42870938777923584,0.42870938777923584,0.42870938777923584
19493,0.42920348048210144,0.42920348048210144,0.42920348048210144
19494,0.4291268587112427,0.4291268587112427,0.4291268587112427
19498,0.42908695340156555,0.42908695340156555,0.42908695340156555
19499,0.4288172423839569,0.4288172423839569,0.4288172423839569
19500,0.4286065697669983,0.4286065697669983,0.4286065697669983
19502,0.4281063377857208,0.4281063377857208,0.4281063377857208
19503,0.4282660186290741,0.4282660186290741,0.4282660186290741
19506,0.42742589116096497,0.42742589116096497,0.42742589116096497
19507,0.4267686903476715,0.4267686903476715,0.4267686903476715
19508,0.42671459913253784,0.42671459913253784,0.42671459913253784
19510,0.4267124533653259,0.4267124533653259,0.4267124533653259
19511,0.42674878239631653,0.42674878239631653,0.42674878239631653
19512,0.42702406644821167,0.42702406644821167,0.42702406644821167
19516,0.4274671673774719,0.4274671673774719,0.4274671673774719
19518,0.4267871677875519,0.4267871677875519,0.4267871677875519
19519,0.4268803596496582,0.4268803596496582,0.4268803596496582
19520,0.4267354905605316,0.4267354905605316,0.4267354905605316
19521,0.42708608508110046,0.42708608508110046,0.42708608508110046
19522,0.4276430606842041,0.4276430606842041,0.4276430606842041
19523,0.4274898171424866,0.4274898171424866,0.4274898171424866
19524,0.4270685613155365,0.4270685613155365,0.4270685613155365
19525,0.4265213906764984,0.4265213906764984,0.4265213906764984
19529,0.4264247417449951,0.4264247417449951,0.4264247417449951
19530,0.42646846175193787,0.42646846175193787,0.42646846175193787
19533,0.42541927099227905,0.42541927099227905,0.42541927099227905
19534,0.4254247844219208,0.4254247844219208,0.4254247844219208
19535,0.4253147840499878,0.4253147840499878,0.4253147840499878
19537,0.42588794231414795,0.42588794231414795,0.42588794231414795
19538,0.4262116253376007,0.4262116253376007,0.4262116253376007
19544,0.4269028306007385,0.4269028306007385,0.4269028306007385
19545,0.4268980324268341,0.4268980324268341,0.4268980324268341
19546,0.42703482508659363,0.42703482508659363,0.42703482508659363
19548,0.42709627747535706,0.42709627747535706,0.42709627747535706
19549,0.42726343870162964,0.42726343870162964,0.42726343870162964
19551,0.42766353487968445,0.42766353487968445,0.42766353487968445
19557,0.4272763133049011,0.4272763133049011,0.4272763133049011
19562,0.4266631305217743,0.4266631305217743,0.4266631305217743
19563,0.4259452223777771,0.4259452223777771,0.4259452223777771
19564,0.4261382520198822,0.4261382520198822,0.4261382520198822
19565,0.4263658821582794,0.4263658821582794,0.4263658821582794
19567,0.4260440468788147,0.4260440468788147,0.4260440468788147
19568,0.42617249488830566,0.42617249488830566,0.42617249488830566
19570,0.42618638277053833,0.42618638277053833,0.42618638277053833
19571,0.42601117491722107,0.42601117491722107,0.42601117491722107
19572,0.42563962936401367,0.42563962936401367,0.42563962936401367
19573,0.4253903031349182,0.4253903031349182,0.4253903031349182
19579,0.4239351749420166,0.4239351749420166,0.4239351749420166
19581,0.4245418608188629,0.4245418608188629,0.4245418608188629
19582,0.4244382381439209,0.4244382381439209,0.4244382381439209
19585,0.42456841468811035,0.42456841468811035,0.42456841468811035
19586,0.4250831604003906,0.4250831604003906,0.4250831604003906
19588,0.42535704374313354,0.42535704374313354,0.42535704374313354
19590,0.42597466707229614,0.42597466707229614,0.42597466707229614
19592,0.4262978136539459,0.4262978136539459,0.4262978136539459
19593,0.4264085590839386,0.4264085590839386,0.4264085590839386
19594,0.426655113697052,0.426655113697052,0.426655113697052
19595,0.42686498165130615,0.42686498165130615,0.42686498165130615
19598,0.42737165093421936,0.42737165093421936,0.42737165093421936
19599,0.426811546087265,0.426811546087265,0.426811546087265
19602,0.42743122577667236,0.42743122577667236,0.42743122577667236
19603,0.4273420572280884,0.4273420572280884,0.4273420572280884
19604,0.42720749974250793,0.42720749974250793,0.42720749974250793
19605,0.4273070991039276,0.4273070991039276,0.4273070991039276
19607,0.4266630709171295,0.4266630709171295,0.4266630709171295
19609,0.4263082444667816,0.4263082444667816,0.4263082444667816
19618,0.4231649339199066,0.4231649339199066,0.4231649339199066
19620,0.4230429530143738,0.4230429530143738,0.4230429530143738
19621,0.4231000244617462,0.4231000244617462,0.4231000244617462
19623,0.4221145212650299,0.4221145212650299,0.4221145212650299
19627,0.4218935966491699,0.4218935966491699,0.4218935966491699
19628,0.4219721257686615,0.4219721257686615,0.4219721257686615
19629,0.42216727137565613,0.42216727137565613,0.42216727137565613
19634,0.42214399576187134,0.42214399576187134,0.42214399576187134
19638,0.42304012179374695,0.42304012179374695,0.42304012179374695
19641,0.4233730435371399,0.4233730435371399,0.4233730435371399
19644,0.4238061308860779,0.4238061308860779,0.4238061308860779
19648,0.4223187565803528,0.4223187565803528,0.4223187565803528
19649,0.42223241925239563,0.42223241925239563,0.42223241925239563
19650,0.4222602844238281,0.4222602844238281,0.4222602844238281
19651,0.4226682186126709,0.4226682186126709,0.4226682186126709
19652,0.422707200050354,0.422707200050354,0.422707200050354
19653,0.42292606830596924,0.42292606830596924,0.42292606830596924
19654,0.422694593667984,0.422694593667984,0.422694593667984
19656,0.42286965250968933,0.42286965250968933,0.42286965250968933
19657,0.4230632185935974,0.4230632185935974,0.4230632185935974
19658,0.42366066575050354,0.42366066575050354,0.42366066575050354
19659,0.424173504114151,0.424173504114151,0.424173504114151
19660,0.42481356859207153,0.42481356859207153,0.42481356859207153
19663,0.4247547388076782,0.4247547388076782,0.4247547388076782
19664,0.42472049593925476,0.42472049593925476,0.42472049593925476
19666,0.42582911252975464,0.42582911252975464,0.42582911252975464
19671,0.4262194335460663,0.4262194335460663,0.4262194335460663
19673,0.4259096086025238,0.4259096086025238,0.4259096086025238
19674,0.4257570505142212,0.4257570505142212,0.4257570505142212
19675,0.4257318377494812,0.4257318377494812,0.4257318377494812
19676,0.4262380003929138,0.4262380003929138,0.4262380003929138
19677,0.4265538454055786,0.4265538454055786,0.4265538454055786
19679,0.42705780267715454,0.42705780267715454,0.42705780267715454
19680,0.42705845832824707,0.42705845832824707,0.42705845832824707
19681,0.4270011782646179,0.4270011782646179,0.4270011782646179
19682,0.42719289660453796,0.42719289660453796,0.42719289660453796
19683,0.4273506999015808,0.4273506999015808,0.4273506999015808
19686,0.42811036109924316,0.42811036109924316,0.42811036109924316
19689,0.42731326818466187,0.42731326818466187,0.42731326818466187
19690,0.42705437541007996,0.42705437541007996,0.42705437541007996
19695,0.4266958236694336,0.4266958236694336,0.4266958236694336
19696,0.42697304487228394,0.42697304487228394,0.42697304487228394
19698,0.42633146047592163,0.42633146047592163,0.42633146047592163
19704,0.4263891279697418,0.4263891279697418,0.4263891279697418
19706,0.4271405339241028,0.4271405339241028,0.4271405339241028
19709,0.42804577946662903,0.42804577946662903,0.42804577946662903
19711,0.4285735487937927,0.4285735487937927,0.4285735487937927
19712,0.4281069338321686,0.4281069338321686,0.4281069338321686
19715,0.4281544089317322,0.4281544089317322,0.4281544089317322
19716,0.42817458510398865,0.42817458510398865,0.42817458510398865
19718,0.4284534752368927,0.4284534752368927,0.4284534752368927
19719,0.4283655881881714,0.4283655881881714,0.4283655881881714
19723,0.428114652633667,0.428114652633667,0.428114652633667
19725,0.4278450608253479,0.4278450608253479,0.4278450608253479
19726,0.42793506383895874,0.42793506383895874,0.42793506383895874
19727,0.4278179407119751,0.4278179407119751,0.4278179407119751
19730,0.4276486039161682,0.4276486039161682,0.4276486039161682
19732,0.4273410439491272,0.4273410439491272,0.4273410439491272
19737,0.4283515214920044,0.4283515214920044,0.4283515214920044
19740,0.428661048412323,0.428661048412323,0.428661048412323
19744,0.42764025926589966,0.42764025926589966,0.42764025926589966
19747,0.4265100061893463,0.4265100061893463,0.4265100061893463
19748,0.4261704087257385,0.4261704087257385,0.4261704087257385
19749,0.4253906011581421,0.4253906011581421,0.4253906011581421
19751,0.4244949221611023,0.4244949221611023,0.4244949221611023
19752,0.4245489537715912,0.4245489537715912,0.4245489537715912
19753,0.4254063665866852,0.4254063665866852,0.4254063665866852
19758,0.4257030785083771,0.4257030785083771,0.4257030785083771
19759,0.4254171550273895,0.4254171550273895,0.4254171550273895
19760,0.42547813057899475,0.42547813057899475,0.42547813057899475
19761,0.4258571267127991,0.4258571267127991,0.4258571267127991
19763,0.4259375035762787,0.4259375035762787,0.4259375035762787
19764,0.42527639865875244,0.42527639865875244,0.42527639865875244
19767,0.4260534644126892,0.4260534644126892,0.4260534644126892
19768,0.4260375499725342,0.4260375499725342,0.4260375499725342
19769,0.4261573553085327,0.4261573553085327,0.4261573553085327
19770,0.42606234550476074,0.42606234550476074,0.42606234550476074
19771,0.4263720214366913,0.4263720214366913,0.4263720214366913
19772,0.4268273115158081,0.4268273115158081,0.4268273115158081
19774,0.42685559391975403,0.42685559391975403,0.42685559391975403
19776,0.42717862129211426,0.42717862129211426,0.42717862129211426
19777,0.4272559881210327,0.4272559881210327,0.4272559881210327
19783,0.4269230365753174,0.4269230365753174,0.4269230365753174
19784,0.4272189140319824,0.4272189140319824,0.4272189140319824
19787,0.42845362424850464,0.42845362424850464,0.42845362424850464
19788,0.42831698060035706,0.42831698060035706,0.42831698060035706
19789,0.4279858469963074,0.4279858469963074,0.4279858469963074
19792,0.42747703194618225,0.42747703194618225,0.42747703194618225
19793,0.42679280042648315,0.42679280042648315,0.42679280042648315
19795,0.42592552304267883,0.42592552304267883,0.42592552304267883
19797,0.4252002239227295,0.4252002239227295,0.4252002239227295
19801,0.4250923991203308,0.4250923991203308,0.4250923991203308
19805,0.4249744713306427,0.4249744713306427,0.4249744713306427
19806,0.42517393827438354,0.42517393827438354,0.42517393827438354
19807,0.42515552043914795,0.42515552043914795,0.42515552043914795
19808,0.4255562424659729,0.4255562424659729,0.4255562424659729
19809,0.4261878728866577,0.4261878728866577,0.4261878728866577
19818,0.4251387417316437,0.4251387417316437,0.4251387417316437
19819,0.4250466525554657,0.4250466525554657,0.4250466525554657
19820,0.42466849088668823,0.42466849088668823,0.42466849088668823
19825,0.4228053689002991,0.4228053689002991,0.4228053689002991
19827,0.422089546918869,0.422089546918869,0.422089546918869
19829,0.42160651087760925,0.42160651087760925,0.42160651087760925
19836,0.42382562160491943,0.42382562160491943,0.42382562160491943
19838,0.4245486259460449,0.4245486259460449,0.4245486259460449
19839,0.42460504174232483,0.42460504174232483,0.42460504174232483
19841,0.4240017533302307,0.4240017533302307,0.4240017533302307
19843,0.42369258403778076,0.42369258403778076,0.42369258403778076
19847,0.42455339431762695,0.42455339431762695,0.42455339431762695
19852,0.42546698451042175,0.42546698451042175,0.42546698451042175
19863,0.42427247762680054,0.42427247762680054,0.42427247762680054
19864,0.424006849527359,0.424006849527359,0.424006849527359
19865,0.4242689907550812,0.4242689907550812,0.4242689907550812
19866,0.4244319200515747,0.4244319200515747,0.4244319200515747
19867,0.42440512776374817,0.42440512776374817,0.42440512776374817
19868,0.4242476522922516,0.4242476522922516,0.4242476522922516
19870,0.4242231547832489,0.4242231547832489,0.4242231547832489
19871,0.42455264925956726,0.42455264925956726,0.42455264925956726
19873,0.42436107993125916,0.42436107993125916,0.42436107993125916
19878,0.4237803518772125,0.4237803518772125,0.4237803518772125
19879,0.4233890473842621,0.4233890473842621,0.4233890473842621
19880,0.42312008142471313,0.42312008142471313,0.42312008142471313
19883,0.4215618968009949,0.4215618968009949,0.4215618968009949
19886,0.42059561610221863,0.42059561610221863,0.42059561610221863
19888,0.4204022288322449,0.4204022288322449,0.4204022288322449
19890,0.41983315348625183,0.41983315348625183,0.41983315348625183
19891,0.41985517740249634,0.41985517740249634,0.41985517740249634
19893,0.42028671503067017,0.42028671503067017,0.42028671503067017
19894,0.4206492602825165,0.4206492602825165,0.4206492602825165
19896,0.42060816287994385,0.42060816287994385,0.42060816287994385
19898,0.4204864203929901,0.4204864203929901,0.4204864203929901
19899,0.42063796520233154,0.42063796520233154,0.42063796520233154
19900,0.42048466205596924,0.42048466205596924,0.42048466205596924
19901,0.4203258454799652,0.4203258454799652,0.4203258454799652
19902,0.4201027452945709,0.4201027452945709,0.4201027452945709
19904,0.4211600422859192,0.4211600422859192,0.4211600422859192
19906,0.4217170774936676,0.4217170774936676,0.4217170774936676
19907,0.4221387505531311,0.4221387505531311,0.4221387505531311
19908,0.42204058170318604,0.42204058170318604,0.42204058170318604
19909,0.42122212052345276,0.42122212052345276,0.42122212052345276
19910,0.420609712600708,0.420609712600708,0.420609712600708
19911,0.42034104466438293,0.42034104466438293,0.42034104466438293
19912,0.42064982652664185,0.42064982652664185,0.42064982652664185
19916,0.4200895130634308,0.4200895130634308,0.4200895130634308
19918,0.41994619369506836,0.41994619369506836,0.41994619369506836
19921,0.41955703496932983,0.41955703496932983,0.41955703496932983
19922,0.41979295015335083,0.41979295015335083,0.41979295015335083
19924,0.41988328099250793,0.41988328099250793,0.41988328099250793
19925,0.419608473777771,0.419608473777771,0.419608473777771
19929,0.4179656505584717,0.4179656505584717,0.4179656505584717
19930,0.4175361692905426,0.4175361692905426,0.4175361692905426
19931,0.41701769828796387,0.41701769828796387,0.41701769828796387
19932,0.41676461696624756,0.41676461696624756,0.41676461696624756
19934,0.41620945930480957,0.41620945930480957,0.41620945930480957
19935,0.4160267114639282,0.4160267114639282,0.4160267114639282
19937,0.41594016551971436,0.41594016551971436,0.41594016551971436
19938,0.41579872369766235,0.41579872369766235,0.41579872369766235
19939,0.41595107316970825,0.41595107316970825,0.41595107316970825
19941,0.41635003685951233,0.41635003685951233,0.41635003685951233
19943,0.416964054107666,0.416964054107666,0.416964054107666
19945,0.41753748059272766,0.41753748059272766,0.41753748059272766
19946,0.41769176721572876,0.41769176721572876,0.41769176721572876
19949,0.41744154691696167,0.41744154691696167,0.41744154691696167
19950,0.41730591654777527,0.41730591654777527,0.41730591654777527
19954,0.41765251755714417,0.41765251755714417,0.41765251755714417
19957,0.4184200167655945,0.4184200167655945,0.4184200167655945
19959,0.41916537284851074,0.41916537284851074,0.41916537284851074
19960,0.41970711946487427,0.41970711946487427,0.41970711946487427
19962,0.4195239543914795,0.4195239543914795,0.4195239543914795
19964,0.420021653175354,0.420021653175354,0.420021653175354
19966,0.42005252838134766,0.42005252838134766,0.42005252838134766
19968,0.4199345111846924,0.4199345111846924,0.4199345111846924
19973,0.4197229743003845,0.4197229743003845,0.4197229743003845
19974,0.41996049880981445,0.41996049880981445,0.41996049880981445
19976,0.4198261499404907,0.4198261499404907,0.4198261499404907
19981,0.41927090287208557,0.41927090287208557,0.41927090287208557
19986,0.41816189885139465,0.41816189885139465,0.41816189885139465
19987,0.418762743473053,0.418762743473053,0.418762743473053
19988,0.4193071126937866,0.4193071126937866,0.4193071126937866
19992,0.4199918210506439,0.4199918210506439,0.4199918210506439
19995,0.41947171092033386,0.41947171092033386,0.41947171092033386
19996,0.41916191577911377,0.41916191577911377,0.41916191577911377
19997,0.4187697172164917,0.4187697172164917,0.4187697172164917
20000,0.4183608293533325,0.4183608293533325,0.4183608293533325
20001,0.41833463311195374,0.41833463311195374,0.41833463311195374
20005,0.42013055086135864,0.42013055086135864,0.42013055086135864
20006,0.42054733633995056,0.42054733633995056,0.42054733633995056
20007,0.4206283688545227,0.4206283688545227,0.4206283688545227
20008,0.42087042331695557,0.42087042331695557,0.42087042331695557
20009,0.42111700773239136,0.42111700773239136,0.42111700773239136
20010,0.4207204282283783,0.4207204282283783,0.4207204282283783
20011,0.42051032185554504,0.42051032185554504,0.42051032185554504
20014,0.42080339789390564,0.42080339789390564,0.42080339789390564
20015,0.4206975996494293,0.4206975996494293,0.4206975996494293
20018,0.42077288031578064,0.42077288031578064,0.42077288031578064
20019,0.4206741750240326,0.4206741750240326,0.4206741750240326
20021,0.4222909212112427,0.4222909212112427,0.4222909212112427
20023,0.42226290702819824,0.42226290702819824,0.42226290702819824
20024,0.4223310053348541,0.4223310053348541,0.4223310053348541
20026,0.4216797649860382,0.4216797649860382,0.4216797649860382
20027,0.42202484607696533,0.42202484607696533,0.42202484607696533
20029,0.42223209142684937,0.42223209142684937,0.42223209142684937
20032,0.4220461845397949,0.4220461845397949,0.4220461845397949
20033,0.42169907689094543,0.42169907689094543,0.42169907689094543
20034,0.42159122228622437,0.42159122228622437,0.42159122228622437
20035,0.4212016761302948,0.4212016761302948,0.4212016761302948
20036,0.42098113894462585,0.42098113894462585,0.42098113894462585
20041,0.41865572333335876,0.41865572333335876,0.41865572333335876
20043,0.4188266098499298,0.4188266098499298,0.4188266098499298
20044,0.4191795885562897,0.4191795885562897,0.4191795885562897
20045,0.41921550035476685,0.41921550035476685,0.41921550035476685
20046,0.4190446138381958,0.4190446138381958,0.4190446138381958
20048,0.42066025733947754,0.42066025733947754,0.42066025733947754
20049,0.42119914293289185,0.42119914293289185,0.42119914293289185
20052,0.42102426290512085,0.42102426290512085,0.42102426290512085
20054,0.42086589336395264,0.42086589336395264,0.42086589336395264
20055,0.42118242383003235,0.42118242383003235,0.42118242383003235
20056,0.4212527871131897,0.4212527871131897,0.4212527871131897
20059,0.4206544756889343,0.4206544756889343,0.4206544756889343
20061,0.4205947816371918,0.4205947816371918,0.4205947816371918
20062,0.4201105833053589,0.4201105833053589,0.4201105833053589
20064,0.419169157743454,0.419169157743454,0.419169157743454
20066,0.4203116297721863,0.4203116297721863,0.4203116297721863
20069,0.42083385586738586,0.42083385586738586,0.42083385586738586
20070,0.4205579459667206,0.4205579459667206,0.4205579459667206
20072,0.42064908146858215,0.42064908146858215,0.42064908146858215
20075,0.4204084575176239,0.4204084575176239,0.4204084575176239
20079,0.42069125175476074,0.42069125175476074,0.42069125175476074
20081,0.41971659660339355,0.41971659660339355,0.41971659660339355
20084,0.4197272062301636,0.4197272062301636,0.4197272062301636
20085,0.42029306292533875,0.42029306292533875,0.42029306292533875
20086,0.420488566160202,0.420488566160202,0.420488566160202
20088,0.4203490912914276,0.4203490912914276,0.4203490912914276
20092,0.4207288920879364,0.4207288920879364,0.4207288920879364
20095,0.4205164313316345,0.4205164313316345,0.4205164313316345
20097,0.42093467712402344,0.42093467712402344,0.42093467712402344
20098,0.420804888010025,0.420804888010025,0.420804888010025
20101,0.42105990648269653,0.42105990648269653,0.42105990648269653
20104,0.4208820164203644,0.4208820164203644,0.4208820164203644
20106,0.42020267248153687,0.42020267248153687,0.42020267248153687
20110,0.42063194513320923,0.42063194513320923,0.42063194513320923
20115,0.42013195157051086,0.42013195157051086,0.42013195157051086
20118,0.4213118553161621,0.4213118553161621,0.4213118553161621
20120,0.4206310212612152,0.4206310212612152,0.4206310212612152
20121,0.4201483428478241,0.4201483428478241,0.4201483428478241
20122,0.41959500312805176,0.41959500312805176,0.41959500312805176
20127,0.4207477867603302,0.4207477867603302,0.4207477867603302
20128,0.4214145243167877,0.4214145243167877,0.4214145243167877
20129,0.42161503434181213,0.42161503434181213,0.42161503434181213
20130,0.42141425609588623,0.42141425609588623,0.42141425609588623
20131,0.42107051610946655,0.42107051610946655,0.42107051610946655
20133,0.4204433858394623,0.4204433858394623,0.4204433858394623
20135,0.4205458462238312,0.4205458462238312,0.4205458462238312
20137,0.4203447103500366,0.4203447103500366,0.4203447103500366
20143,0.4194191098213196,0.4194191098213196,0.4194191098213196
20145,0.41878366470336914,0.41878366470336914,0.41878366470336914
20147,0.4193495512008667,0.4193495512008667,0.4193495512008667
20152,0.4191466271877289,0.4191466271877289,0.4191466271877289
20153,0.4190939962863922,0.4190939962863922,0.4190939962863922
20154,0.4188252091407776,0.4188252091407776,0.4188252091407776
20156,0.41794148087501526,0.41794148087501526,0.41794148087501526
20157,0.4175542891025543,0.4175542891025543,0.4175542891025543
20158,0.41713324189186096,0.41713324189186096,0.41713324189186096
20160,0.4172030985355377,0.4172030985355377,0.4172030985355377
20163,0.41751837730407715,0.41751837730407715,0.41751837730407715
20164,0.417617529630661,0.417617529630661,0.417617529630661
20165,0.4178006052970886,0.4178006052970886,0.4178006052970886
20166,0.41784292459487915,0.41784292459487915,0.41784292459487915
20169,0.41746485233306885,0.41746485233306885,0.41746485233306885
20170,0.4173760414123535,0.4173760414123535,0.4173760414123535
20171,0.41705629229545593,0.41705629229545593,0.41705629229545593
20173,0.418026328086853,0.418026328086853,0.418026328086853
20175,0.4182315468788147,0.4182315468788147,0.4182315468788147
20176,0.4183313846588135,0.4183313846588135,0.4183313846588135
20177,0.4182436764240265,0.4182436764240265,0.4182436764240265
20178,0.4182688295841217,0.4182688295841217,0.4182688295841217
20179,0.4184095561504364,0.4184095561504364,0.4184095561504364
20181,0.4185121953487396,0.4185121953487396,0.4185121953487396
20182,0.41843724250793457,0.41843724250793457,0.41843724250793457
20183,0.4182567298412323,0.4182567298412323,0.4182567298412323
20184,0.4181114137172699,0.4181114137172699,0.4181114137172699
