Step,arm_std,ppo-x20Z1-terrain_v0.0.1 - PPO/arm_action_std__MIN,ppo-x20Z1-terrain_v0.0.1 - PPO/arm_action_std__MAX
1,0.30276811122894287,0.30276811122894287,0.30276811122894287
17,0.316337525844574,0.316337525844574,0.316337525844574
18,0.31705668568611145,0.31705668568611145,0.31705668568611145
22,0.32034963369369507,0.32034963369369507,0.32034963369369507
26,0.3236004114151001,0.3236004114151001,0.3236004114151001
34,0.3280954360961914,0.3280954360961914,0.3280954360961914
36,0.3290640413761139,0.3290640413761139,0.3290640413761139
49,0.3368884325027466,0.3368884325027466,0.3368884325027466
59,0.3405005633831024,0.3405005633831024,0.3405005633831024
60,0.34065958857536316,0.34065958857536316,0.34065958857536316
64,0.34223097562789917,0.34223097562789917,0.34223097562789917
67,0.3433445692062378,0.3433445692062378,0.3433445692062378
73,0.3443009555339813,0.3443009555339813,0.3443009555339813
77,0.34524011611938477,0.34524011611938477,0.34524011611938477
78,0.34568020701408386,0.34568020701408386,0.34568020701408386
88,0.34841251373291016,0.34841251373291016,0.34841251373291016
92,0.3487715721130371,0.3487715721130371,0.3487715721130371
95,0.3489346504211426,0.3489346504211426,0.3489346504211426
97,0.3495493531227112,0.3495493531227112,0.3495493531227112
103,0.3505517244338989,0.3505517244338989,0.3505517244338989
119,0.35416242480278015,0.35416242480278015,0.35416242480278015
143,0.3589181900024414,0.3589181900024414,0.3589181900024414
149,0.3603723347187042,0.3603723347187042,0.3603723347187042
151,0.3605673015117645,0.3605673015117645,0.3605673015117645
154,0.36119961738586426,0.36119961738586426,0.36119961738586426
155,0.361571341753006,0.361571341753006,0.361571341753006
157,0.3620966076850891,0.3620966076850891,0.3620966076850891
160,0.3629673719406128,0.3629673719406128,0.3629673719406128
163,0.3639694154262543,0.3639694154262543,0.3639694154262543
164,0.3641359508037567,0.3641359508037567,0.3641359508037567
167,0.36489754915237427,0.36489754915237427,0.36489754915237427
172,0.36528080701828003,0.36528080701828003,0.36528080701828003
174,0.3655758202075958,0.3655758202075958,0.3655758202075958
176,0.3661724925041199,0.3661724925041199,0.3661724925041199
185,0.3679310977458954,0.3679310977458954,0.3679310977458954
193,0.36883360147476196,0.36883360147476196,0.36883360147476196
212,0.3730158507823944,0.3730158507823944,0.3730158507823944
222,0.37620246410369873,0.37620246410369873,0.37620246410369873
225,0.37747299671173096,0.37747299671173096,0.37747299671173096
231,0.37880128622055054,0.37880128622055054,0.37880128622055054
247,0.3851304054260254,0.3851304054260254,0.3851304054260254
250,0.38634076714515686,0.38634076714515686,0.38634076714515686
259,0.387661337852478,0.387661337852478,0.387661337852478
266,0.3911612927913666,0.3911612927913666,0.3911612927913666
274,0.39404067397117615,0.39404067397117615,0.39404067397117615
277,0.3949090838432312,0.3949090838432312,0.3949090838432312
278,0.3952047526836395,0.3952047526836395,0.3952047526836395
281,0.3963797390460968,0.3963797390460968,0.3963797390460968
290,0.40037456154823303,0.40037456154823303,0.40037456154823303
292,0.4011994004249573,0.4011994004249573,0.4011994004249573
295,0.40200936794281006,0.40200936794281006,0.40200936794281006
301,0.4045959711074829,0.4045959711074829,0.4045959711074829
304,0.40523725748062134,0.40523725748062134,0.40523725748062134
305,0.4051905870437622,0.4051905870437622,0.4051905870437622
309,0.4072439670562744,0.4072439670562744,0.4072439670562744
314,0.40923479199409485,0.40923479199409485,0.40923479199409485
317,0.41028255224227905,0.41028255224227905,0.41028255224227905
318,0.4104713201522827,0.4104713201522827,0.4104713201522827
337,0.41409897804260254,0.41409897804260254,0.41409897804260254
353,0.41965484619140625,0.41965484619140625,0.41965484619140625
361,0.42279186844825745,0.42279186844825745,0.42279186844825745
368,0.42555734515190125,0.42555734515190125,0.42555734515190125
372,0.4262573719024658,0.4262573719024658,0.4262573719024658
382,0.4291081130504608,0.4291081130504608,0.4291081130504608
389,0.4325605034828186,0.4325605034828186,0.4325605034828186
397,0.4353019893169403,0.4353019893169403,0.4353019893169403
405,0.43754807114601135,0.43754807114601135,0.43754807114601135
414,0.438541054725647,0.438541054725647,0.438541054725647
425,0.4429697096347809,0.4429697096347809,0.4429697096347809
430,0.4436359405517578,0.4436359405517578,0.4436359405517578
435,0.44512781500816345,0.44512781500816345,0.44512781500816345
447,0.4478885531425476,0.4478885531425476,0.4478885531425476
455,0.4497033953666687,0.4497033953666687,0.4497033953666687
461,0.4507789611816406,0.4507789611816406,0.4507789611816406
465,0.4523479640483856,0.4523479640483856,0.4523479640483856
472,0.4551739990711212,0.4551739990711212,0.4551739990711212
477,0.4564005434513092,0.4564005434513092,0.4564005434513092
482,0.45726993680000305,0.45726993680000305,0.45726993680000305
490,0.4611598551273346,0.4611598551273346,0.4611598551273346
497,0.4635702967643738,0.4635702967643738,0.4635702967643738
503,0.4657798707485199,0.4657798707485199,0.4657798707485199
506,0.4654269516468048,0.4654269516468048,0.4654269516468048
511,0.46682554483413696,0.46682554483413696,0.46682554483413696
515,0.46941208839416504,0.46941208839416504,0.46941208839416504
517,0.46994805335998535,0.46994805335998535,0.46994805335998535
519,0.4702436625957489,0.4702436625957489,0.4702436625957489
526,0.47208237648010254,0.47208237648010254,0.47208237648010254
534,0.4736194908618927,0.4736194908618927,0.4736194908618927
549,0.47680145502090454,0.47680145502090454,0.47680145502090454
550,0.4769707918167114,0.4769707918167114,0.4769707918167114
552,0.47762206196784973,0.47762206196784973,0.47762206196784973
568,0.481828898191452,0.481828898191452,0.481828898191452
575,0.4835714101791382,0.4835714101791382,0.4835714101791382
578,0.4845765233039856,0.4845765233039856,0.4845765233039856
583,0.48655927181243896,0.48655927181243896,0.48655927181243896
585,0.4866291880607605,0.4866291880607605,0.4866291880607605
586,0.4866641163825989,0.4866641163825989,0.4866641163825989
589,0.48685210943222046,0.48685210943222046,0.48685210943222046
591,0.4871661961078644,0.4871661961078644,0.4871661961078644
595,0.4876227378845215,0.4876227378845215,0.4876227378845215
597,0.48836520314216614,0.48836520314216614,0.48836520314216614
613,0.4918941855430603,0.4918941855430603,0.4918941855430603
614,0.4921274185180664,0.4921274185180664,0.4921274185180664
635,0.4954514801502228,0.4954514801502228,0.4954514801502228
646,0.498158723115921,0.498158723115921,0.498158723115921
647,0.4985663592815399,0.4985663592815399,0.4985663592815399
648,0.49867379665374756,0.49867379665374756,0.49867379665374756
649,0.4988137483596802,0.4988137483596802,0.4988137483596802
651,0.49946072697639465,0.49946072697639465,0.49946072697639465
652,0.4997031092643738,0.4997031092643738,0.4997031092643738
653,0.5002379417419434,0.5002379417419434,0.5002379417419434
663,0.5026010870933533,0.5026010870933533,0.5026010870933533
676,0.5036867260932922,0.5036867260932922,0.5036867260932922
686,0.5037809014320374,0.5037809014320374,0.5037809014320374
703,0.5053195953369141,0.5053195953369141,0.5053195953369141
722,0.5063831210136414,0.5063831210136414,0.5063831210136414
724,0.5075238943099976,0.5075238943099976,0.5075238943099976
752,0.5066153407096863,0.5066153407096863,0.5066153407096863
755,0.5071815252304077,0.5071815252304077,0.5071815252304077
761,0.5092029571533203,0.5092029571533203,0.5092029571533203
763,0.5099881887435913,0.5099881887435913,0.5099881887435913
774,0.5105907917022705,0.5105907917022705,0.5105907917022705
776,0.5102030038833618,0.5102030038833618,0.5102030038833618
789,0.510606050491333,0.510606050491333,0.510606050491333
802,0.5103394985198975,0.5103394985198975,0.5103394985198975
805,0.510855495929718,0.510855495929718,0.510855495929718
807,0.5114514827728271,0.5114514827728271,0.5114514827728271
813,0.5126720070838928,0.5126720070838928,0.5126720070838928
827,0.5141041874885559,0.5141041874885559,0.5141041874885559
840,0.5179634094238281,0.5179634094238281,0.5179634094238281
855,0.5204847455024719,0.5204847455024719,0.5204847455024719
882,0.5198753476142883,0.5198753476142883,0.5198753476142883
883,0.5201241970062256,0.5201241970062256,0.5201241970062256
885,0.5206823945045471,0.5206823945045471,0.5206823945045471
886,0.5210328102111816,0.5210328102111816,0.5210328102111816
896,0.5219160914421082,0.5219160914421082,0.5219160914421082
904,0.5226035714149475,0.5226035714149475,0.5226035714149475
914,0.5262575745582581,0.5262575745582581,0.5262575745582581
922,0.5267671942710876,0.5267671942710876,0.5267671942710876
926,0.5272560715675354,0.5272560715675354,0.5272560715675354
939,0.528532862663269,0.528532862663269,0.528532862663269
940,0.5284265875816345,0.5284265875816345,0.5284265875816345
946,0.5302602052688599,0.5302602052688599,0.5302602052688599
948,0.5302021503448486,0.5302021503448486,0.5302021503448486
949,0.5299530625343323,0.5299530625343323,0.5299530625343323
950,0.530148983001709,0.530148983001709,0.530148983001709
955,0.5299612879753113,0.5299612879753113,0.5299612879753113
962,0.5291986465454102,0.5291986465454102,0.5291986465454102
963,0.5291424989700317,0.5291424989700317,0.5291424989700317
965,0.5291114449501038,0.5291114449501038,0.5291114449501038
972,0.5280659198760986,0.5280659198760986,0.5280659198760986
976,0.5288718342781067,0.5288718342781067,0.5288718342781067
991,0.5321848392486572,0.5321848392486572,0.5321848392486572
997,0.5313001871109009,0.5313001871109009,0.5313001871109009
998,0.5314348936080933,0.5314348936080933,0.5314348936080933
1001,0.5313947796821594,0.5313947796821594,0.5313947796821594
1011,0.5312120914459229,0.5312120914459229,0.5312120914459229
1021,0.5318449139595032,0.5318449139595032,0.5318449139595032
1026,0.5327872633934021,0.5327872633934021,0.5327872633934021
1050,0.5323968529701233,0.5323968529701233,0.5323968529701233
1054,0.5320647358894348,0.5320647358894348,0.5320647358894348
1063,0.5326753854751587,0.5326753854751587,0.5326753854751587
1067,0.5342864394187927,0.5342864394187927,0.5342864394187927
1074,0.5347099900245667,0.5347099900245667,0.5347099900245667
1075,0.5345249772071838,0.5345249772071838,0.5345249772071838
1082,0.5340867638587952,0.5340867638587952,0.5340867638587952
1085,0.5345371961593628,0.5345371961593628,0.5345371961593628
1088,0.5351137518882751,0.5351137518882751,0.5351137518882751
1104,0.5335116386413574,0.5335116386413574,0.5335116386413574
1113,0.5351005792617798,0.5351005792617798,0.5351005792617798
1121,0.5338658094406128,0.5338658094406128,0.5338658094406128
1128,0.534870982170105,0.534870982170105,0.534870982170105
1129,0.5350784063339233,0.5350784063339233,0.5350784063339233
1131,0.535131573677063,0.535131573677063,0.535131573677063
1132,0.5352481007575989,0.5352481007575989,0.5352481007575989
1133,0.5349044799804688,0.5349044799804688,0.5349044799804688
1137,0.5336825251579285,0.5336825251579285,0.5336825251579285
1138,0.5338184237480164,0.5338184237480164,0.5338184237480164
1143,0.5340776443481445,0.5340776443481445,0.5340776443481445
1159,0.5358076691627502,0.5358076691627502,0.5358076691627502
1164,0.5352842211723328,0.5352842211723328,0.5352842211723328
1165,0.535416841506958,0.535416841506958,0.535416841506958
1168,0.5358784198760986,0.5358784198760986,0.5358784198760986
1183,0.5386986136436462,0.5386986136436462,0.5386986136436462
1212,0.5380893349647522,0.5380893349647522,0.5380893349647522
1217,0.5377116203308105,0.5377116203308105,0.5377116203308105
1225,0.5380027294158936,0.5380027294158936,0.5380027294158936
1230,0.538555920124054,0.538555920124054,0.538555920124054
1233,0.5394028425216675,0.5394028425216675,0.5394028425216675
1235,0.5390467643737793,0.5390467643737793,0.5390467643737793
1239,0.5386595129966736,0.5386595129966736,0.5386595129966736
1248,0.5389068722724915,0.5389068722724915,0.5389068722724915
1253,0.5402435064315796,0.5402435064315796,0.5402435064315796
1262,0.5414397716522217,0.5414397716522217,0.5414397716522217
1263,0.541201651096344,0.541201651096344,0.541201651096344
1269,0.5415393710136414,0.5415393710136414,0.5415393710136414
1270,0.5417230129241943,0.5417230129241943,0.5417230129241943
1272,0.5420624017715454,0.5420624017715454,0.5420624017715454
1274,0.5422564148902893,0.5422564148902893,0.5422564148902893
1280,0.5429174304008484,0.5429174304008484,0.5429174304008484
1281,0.5433119535446167,0.5433119535446167,0.5433119535446167
1287,0.5432080626487732,0.5432080626487732,0.5432080626487732
1288,0.5430524349212646,0.5430524349212646,0.5430524349212646
1302,0.5434523224830627,0.5434523224830627,0.5434523224830627
1311,0.5433756113052368,0.5433756113052368,0.5433756113052368
1312,0.5433372855186462,0.5433372855186462,0.5433372855186462
1321,0.5448604226112366,0.5448604226112366,0.5448604226112366
1323,0.5445072054862976,0.5445072054862976,0.5445072054862976
1326,0.5440254807472229,0.5440254807472229,0.5440254807472229
1327,0.5440121293067932,0.5440121293067932,0.5440121293067932
1333,0.544481098651886,0.544481098651886,0.544481098651886
1349,0.541796863079071,0.541796863079071,0.541796863079071
1351,0.5419040322303772,0.5419040322303772,0.5419040322303772
1352,0.541671633720398,0.541671633720398,0.541671633720398
1353,0.5415710210800171,0.5415710210800171,0.5415710210800171
1360,0.5405826568603516,0.5405826568603516,0.5405826568603516
1361,0.5405928492546082,0.5405928492546082,0.5405928492546082
1363,0.5406263470649719,0.5406263470649719,0.5406263470649719
1365,0.540168046951294,0.540168046951294,0.540168046951294
1367,0.5397248268127441,0.5397248268127441,0.5397248268127441
1368,0.5395994186401367,0.5395994186401367,0.5395994186401367
1371,0.5388978123664856,0.5388978123664856,0.5388978123664856
1374,0.5382380485534668,0.5382380485534668,0.5382380485534668
1378,0.5378638505935669,0.5378638505935669,0.5378638505935669
1393,0.5361922383308411,0.5361922383308411,0.5361922383308411
1395,0.5363047122955322,0.5363047122955322,0.5363047122955322
1398,0.5367175340652466,0.5367175340652466,0.5367175340652466
1399,0.5368096828460693,0.5368096828460693,0.5368096828460693
1404,0.5379074215888977,0.5379074215888977,0.5379074215888977
1407,0.5383674502372742,0.5383674502372742,0.5383674502372742
1409,0.5396021008491516,0.5396021008491516,0.5396021008491516
1425,0.542267918586731,0.542267918586731,0.542267918586731
1429,0.5434474945068359,0.5434474945068359,0.5434474945068359
1437,0.5430223941802979,0.5430223941802979,0.5430223941802979
1447,0.5418630838394165,0.5418630838394165,0.5418630838394165
1448,0.5424128770828247,0.5424128770828247,0.5424128770828247
1449,0.5425720810890198,0.5425720810890198,0.5425720810890198
1450,0.5424729585647583,0.5424729585647583,0.5424729585647583
1458,0.5414823293685913,0.5414823293685913,0.5414823293685913
1459,0.5415046811103821,0.5415046811103821,0.5415046811103821
1462,0.541249692440033,0.541249692440033,0.541249692440033
1465,0.5413553714752197,0.5413553714752197,0.5413553714752197
1466,0.5411937832832336,0.5411937832832336,0.5411937832832336
1471,0.5417667031288147,0.5417667031288147,0.5417667031288147
1473,0.5445957779884338,0.5445957779884338,0.5445957779884338
1475,0.546833872795105,0.546833872795105,0.546833872795105
1487,0.5495420098304749,0.5495420098304749,0.5495420098304749
1488,0.5503605604171753,0.5503605604171753,0.5503605604171753
1491,0.5499532222747803,0.5499532222747803,0.5499532222747803
1495,0.550934910774231,0.550934910774231,0.550934910774231
1501,0.5512852072715759,0.5512852072715759,0.5512852072715759
1502,0.5513564348220825,0.5513564348220825,0.5513564348220825
1508,0.5500790476799011,0.5500790476799011,0.5500790476799011
1512,0.5493971109390259,0.5493971109390259,0.5493971109390259
1513,0.5496007204055786,0.5496007204055786,0.5496007204055786
1532,0.5510496497154236,0.5510496497154236,0.5510496497154236
1538,0.5515666007995605,0.5515666007995605,0.5515666007995605
1540,0.5515747666358948,0.5515747666358948,0.5515747666358948
1541,0.5515486598014832,0.5515486598014832,0.5515486598014832
1542,0.5513796210289001,0.5513796210289001,0.5513796210289001
1547,0.5506911873817444,0.5506911873817444,0.5506911873817444
1548,0.5507127046585083,0.5507127046585083,0.5507127046585083
1551,0.5510243773460388,0.5510243773460388,0.5510243773460388
1552,0.5509981513023376,0.5509981513023376,0.5509981513023376
1573,0.5501805543899536,0.5501805543899536,0.5501805543899536
1575,0.5502419471740723,0.5502419471740723,0.5502419471740723
1577,0.5507696866989136,0.5507696866989136,0.5507696866989136
1586,0.5486600995063782,0.5486600995063782,0.5486600995063782
1589,0.549200713634491,0.549200713634491,0.549200713634491
1590,0.549039900302887,0.549039900302887,0.549039900302887
1599,0.5468818545341492,0.5468818545341492,0.5468818545341492
1601,0.5471328496932983,0.5471328496932983,0.5471328496932983
1608,0.5485689043998718,0.5485689043998718,0.5485689043998718
1614,0.5494934320449829,0.5494934320449829,0.5494934320449829
1617,0.5502321720123291,0.5502321720123291,0.5502321720123291
1628,0.5495084524154663,0.5495084524154663,0.5495084524154663
1634,0.5480365753173828,0.5480365753173828,0.5480365753173828
1651,0.5480732917785645,0.5480732917785645,0.5480732917785645
1653,0.5484402179718018,0.5484402179718018,0.5484402179718018
1658,0.5481000542640686,0.5481000542640686,0.5481000542640686
1659,0.5478942394256592,0.5478942394256592,0.5478942394256592
1666,0.547789990901947,0.547789990901947,0.547789990901947
1674,0.5469132661819458,0.5469132661819458,0.5469132661819458
1676,0.546916663646698,0.546916663646698,0.546916663646698
1687,0.5457929968833923,0.5457929968833923,0.5457929968833923
1691,0.546169102191925,0.546169102191925,0.546169102191925
1701,0.5459799766540527,0.5459799766540527,0.5459799766540527
1703,0.545875072479248,0.545875072479248,0.545875072479248
1706,0.5455379486083984,0.5455379486083984,0.5455379486083984
1708,0.5454736351966858,0.5454736351966858,0.5454736351966858
1710,0.5452847480773926,0.5452847480773926,0.5452847480773926
1713,0.5444188714027405,0.5444188714027405,0.5444188714027405
1715,0.5441843271255493,0.5441843271255493,0.5441843271255493
1717,0.5439695715904236,0.5439695715904236,0.5439695715904236
1719,0.543525218963623,0.543525218963623,0.543525218963623
1721,0.5427193641662598,0.5427193641662598,0.5427193641662598
1725,0.5423581600189209,0.5423581600189209,0.5423581600189209
1726,0.54193514585495,0.54193514585495,0.54193514585495
1731,0.5413432121276855,0.5413432121276855,0.5413432121276855
1733,0.5413786768913269,0.5413786768913269,0.5413786768913269
1742,0.5408231019973755,0.5408231019973755,0.5408231019973755
1753,0.540383517742157,0.540383517742157,0.540383517742157
1761,0.5440348982810974,0.5440348982810974,0.5440348982810974
1763,0.5440270304679871,0.5440270304679871,0.5440270304679871
1774,0.5466510057449341,0.5466510057449341,0.5466510057449341
1782,0.5468199849128723,0.5468199849128723,0.5468199849128723
1783,0.546590268611908,0.546590268611908,0.546590268611908
1793,0.5461180210113525,0.5461180210113525,0.5461180210113525
1797,0.5468174815177917,0.5468174815177917,0.5468174815177917
1801,0.5452816486358643,0.5452816486358643,0.5452816486358643
1802,0.5451161861419678,0.5451161861419678,0.5451161861419678
1804,0.5446944236755371,0.5446944236755371,0.5446944236755371
1811,0.5443564057350159,0.5443564057350159,0.5443564057350159
1815,0.542819619178772,0.542819619178772,0.542819619178772
1822,0.540723979473114,0.540723979473114,0.540723979473114
1823,0.5408129692077637,0.5408129692077637,0.5408129692077637
1829,0.5390239357948303,0.5390239357948303,0.5390239357948303
1831,0.5390936732292175,0.5390936732292175,0.5390936732292175
1833,0.5394288301467896,0.5394288301467896,0.5394288301467896
1834,0.5394550561904907,0.5394550561904907,0.5394550561904907
1837,0.5396779179573059,0.5396779179573059,0.5396779179573059
1841,0.5403944253921509,0.5403944253921509,0.5403944253921509
1844,0.5399601459503174,0.5399601459503174,0.5399601459503174
1847,0.5399870872497559,0.5399870872497559,0.5399870872497559
1860,0.5410081148147583,0.5410081148147583,0.5410081148147583
1862,0.5406467318534851,0.5406467318534851,0.5406467318534851
1863,0.5406396389007568,0.5406396389007568,0.5406396389007568
1868,0.5394812226295471,0.5394812226295471,0.5394812226295471
1870,0.5389630198478699,0.5389630198478699,0.5389630198478699
1875,0.5385290384292603,0.5385290384292603,0.5385290384292603
1879,0.5381937026977539,0.5381937026977539,0.5381937026977539
1894,0.5368515253067017,0.5368515253067017,0.5368515253067017
1898,0.5362798571586609,0.5362798571586609,0.5362798571586609
1934,0.5444942712783813,0.5444942712783813,0.5444942712783813
1940,0.5460696816444397,0.5460696816444397,0.5460696816444397
1945,0.5465380549430847,0.5465380549430847,0.5465380549430847
1952,0.5462291836738586,0.5462291836738586,0.5462291836738586
1957,0.5449098944664001,0.5449098944664001,0.5449098944664001
1960,0.5444211363792419,0.5444211363792419,0.5444211363792419
1967,0.543778121471405,0.543778121471405,0.543778121471405
1973,0.5433176159858704,0.5433176159858704,0.5433176159858704
1980,0.5432943105697632,0.5432943105697632,0.5432943105697632
1986,0.5486035943031311,0.5486035943031311,0.5486035943031311
1992,0.5501221418380737,0.5501221418380737,0.5501221418380737
2001,0.5500508546829224,0.5500508546829224,0.5500508546829224
2007,0.5503793358802795,0.5503793358802795,0.5503793358802795
2013,0.5493395924568176,0.5493395924568176,0.5493395924568176
2015,0.5490651726722717,0.5490651726722717,0.5490651726722717
2017,0.5490322113037109,0.5490322113037109,0.5490322113037109
2029,0.5468151569366455,0.5468151569366455,0.5468151569366455
2035,0.5451820492744446,0.5451820492744446,0.5451820492744446
2040,0.5446858406066895,0.5446858406066895,0.5446858406066895
2043,0.5442844033241272,0.5442844033241272,0.5442844033241272
2047,0.5445571541786194,0.5445571541786194,0.5445571541786194
2050,0.5431375503540039,0.5431375503540039,0.5431375503540039
2068,0.5475611686706543,0.5475611686706543,0.5475611686706543
2069,0.5479573607444763,0.5479573607444763,0.5479573607444763
2077,0.5505046844482422,0.5505046844482422,0.5505046844482422
2091,0.5491558313369751,0.5491558313369751,0.5491558313369751
2093,0.5484989285469055,0.5484989285469055,0.5484989285469055
2099,0.5497025847434998,0.5497025847434998,0.5497025847434998
2102,0.5487178564071655,0.5487178564071655,0.5487178564071655
2106,0.5486883521080017,0.5486883521080017,0.5486883521080017
2111,0.5488524436950684,0.5488524436950684,0.5488524436950684
2132,0.5455798506736755,0.5455798506736755,0.5455798506736755
2136,0.5447851419448853,0.5447851419448853,0.5447851419448853
2142,0.5445606708526611,0.5445606708526611,0.5445606708526611
2144,0.5445199608802795,0.5445199608802795,0.5445199608802795
2147,0.5439468622207642,0.5439468622207642,0.5439468622207642
2153,0.5425276756286621,0.5425276756286621,0.5425276756286621
2159,0.542288064956665,0.542288064956665,0.542288064956665
2165,0.5408955812454224,0.5408955812454224,0.5408955812454224
2166,0.5405963063240051,0.5405963063240051,0.5405963063240051
2167,0.5405738353729248,0.5405738353729248,0.5405738353729248
2172,0.5391905903816223,0.5391905903816223,0.5391905903816223
2181,0.5380811095237732,0.5380811095237732,0.5380811095237732
2185,0.5379559993743896,0.5379559993743896,0.5379559993743896
2186,0.5377801060676575,0.5377801060676575,0.5377801060676575
2188,0.5374071598052979,0.5374071598052979,0.5374071598052979
2190,0.5379349589347839,0.5379349589347839,0.5379349589347839
2193,0.5395177006721497,0.5395177006721497,0.5395177006721497
2200,0.5410742163658142,0.5410742163658142,0.5410742163658142
2202,0.5420016050338745,0.5420016050338745,0.5420016050338745
2204,0.543062150478363,0.543062150478363,0.543062150478363
2209,0.5449554920196533,0.5449554920196533,0.5449554920196533
2210,0.5450049638748169,0.5450049638748169,0.5450049638748169
2214,0.5446994304656982,0.5446994304656982,0.5446994304656982
2233,0.5426251888275146,0.5426251888275146,0.5426251888275146
2248,0.5424473285675049,0.5424473285675049,0.5424473285675049
2261,0.5463758111000061,0.5463758111000061,0.5463758111000061
2264,0.5451575517654419,0.5451575517654419,0.5451575517654419
2266,0.5451937913894653,0.5451937913894653,0.5451937913894653
2272,0.5458706617355347,0.5458706617355347,0.5458706617355347
2273,0.5461093187332153,0.5461093187332153,0.5461093187332153
2284,0.5503294467926025,0.5503294467926025,0.5503294467926025
2296,0.549591600894928,0.549591600894928,0.549591600894928
2303,0.5486048460006714,0.5486048460006714,0.5486048460006714
2322,0.5477983355522156,0.5477983355522156,0.5477983355522156
2329,0.5474044680595398,0.5474044680595398,0.5474044680595398
2335,0.546631932258606,0.546631932258606,0.546631932258606
2344,0.5469860434532166,0.5469860434532166,0.5469860434532166
2347,0.5465520024299622,0.5465520024299622,0.5465520024299622
2353,0.5481956601142883,0.5481956601142883,0.5481956601142883
2357,0.5478189587593079,0.5478189587593079,0.5478189587593079
2364,0.5465158820152283,0.5465158820152283,0.5465158820152283
2374,0.5470581650733948,0.5470581650733948,0.5470581650733948
2376,0.5465482473373413,0.5465482473373413,0.5465482473373413
2379,0.5469968914985657,0.5469968914985657,0.5469968914985657
2383,0.5469030737876892,0.5469030737876892,0.5469030737876892
2397,0.5473243594169617,0.5473243594169617,0.5473243594169617
2401,0.547882080078125,0.547882080078125,0.547882080078125
2407,0.5491417050361633,0.5491417050361633,0.5491417050361633
2411,0.5506091117858887,0.5506091117858887,0.5506091117858887
2420,0.5503695011138916,0.5503695011138916,0.5503695011138916
2422,0.5500077605247498,0.5500077605247498,0.5500077605247498
2423,0.5503618121147156,0.5503618121147156,0.5503618121147156
2429,0.5504153370857239,0.5504153370857239,0.5504153370857239
2430,0.5504280924797058,0.5504280924797058,0.5504280924797058
2455,0.5478719472885132,0.5478719472885132,0.5478719472885132
2460,0.5477918982505798,0.5477918982505798,0.5477918982505798
2481,0.5457828044891357,0.5457828044891357,0.5457828044891357
2486,0.546288013458252,0.546288013458252,0.546288013458252
2488,0.546715497970581,0.546715497970581,0.546715497970581
2489,0.5464656949043274,0.5464656949043274,0.5464656949043274
2492,0.5456981658935547,0.5456981658935547,0.5456981658935547
2502,0.5471396446228027,0.5471396446228027,0.5471396446228027
2511,0.546371579170227,0.546371579170227,0.546371579170227
2512,0.5460333824157715,0.5460333824157715,0.5460333824157715
2521,0.5464155077934265,0.5464155077934265,0.5464155077934265
2523,0.5463632345199585,0.5463632345199585,0.5463632345199585
2534,0.548682451248169,0.548682451248169,0.548682451248169
2538,0.5482580065727234,0.5482580065727234,0.5482580065727234
2543,0.5480562448501587,0.5480562448501587,0.5480562448501587
2549,0.5473273396492004,0.5473273396492004,0.5473273396492004
2550,0.5471668243408203,0.5471668243408203,0.5471668243408203
2552,0.5468451380729675,0.5468451380729675,0.5468451380729675
2564,0.5441548824310303,0.5441548824310303,0.5441548824310303
2566,0.5438506007194519,0.5438506007194519,0.5438506007194519
2573,0.5437904596328735,0.5437904596328735,0.5437904596328735
2574,0.5444672703742981,0.5444672703742981,0.5444672703742981
2579,0.5442491173744202,0.5442491173744202,0.5442491173744202
2584,0.5453393459320068,0.5453393459320068,0.5453393459320068
2587,0.5450431108474731,0.5450431108474731,0.5450431108474731
2591,0.5448752641677856,0.5448752641677856,0.5448752641677856
2600,0.543854832649231,0.543854832649231,0.543854832649231
2607,0.5433749556541443,0.5433749556541443,0.5433749556541443
2613,0.5423299670219421,0.5423299670219421,0.5423299670219421
2622,0.5450326204299927,0.5450326204299927,0.5450326204299927
2625,0.5449013113975525,0.5449013113975525,0.5449013113975525
2647,0.5462473034858704,0.5462473034858704,0.5462473034858704
2656,0.5477628707885742,0.5477628707885742,0.5477628707885742
2663,0.548326849937439,0.548326849937439,0.548326849937439
2664,0.5480428338050842,0.5480428338050842,0.5480428338050842
2671,0.5469043850898743,0.5469043850898743,0.5469043850898743
2673,0.5461758375167847,0.5461758375167847,0.5461758375167847
2674,0.5467328429222107,0.5467328429222107,0.5467328429222107
2677,0.5473716855049133,0.5473716855049133,0.5473716855049133
2684,0.5454170107841492,0.5454170107841492,0.5454170107841492
2685,0.5453349351882935,0.5453349351882935,0.5453349351882935
2701,0.5452750325202942,0.5452750325202942,0.5452750325202942
2706,0.5466297268867493,0.5466297268867493,0.5466297268867493
2708,0.5474205017089844,0.5474205017089844,0.5474205017089844
2710,0.5475488305091858,0.5475488305091858,0.5475488305091858
2715,0.5470578074455261,0.5470578074455261,0.5470578074455261
2726,0.5459945201873779,0.5459945201873779,0.5459945201873779
2733,0.5447912216186523,0.5447912216186523,0.5447912216186523
2739,0.5448535680770874,0.5448535680770874,0.5448535680770874
2740,0.5447360873222351,0.5447360873222351,0.5447360873222351
2753,0.5451287031173706,0.5451287031173706,0.5451287031173706
2774,0.5473665595054626,0.5473665595054626,0.5473665595054626
2792,0.5451291799545288,0.5451291799545288,0.5451291799545288
2798,0.5458092093467712,0.5458092093467712,0.5458092093467712
2799,0.5456442832946777,0.5456442832946777,0.5456442832946777
2816,0.5434825420379639,0.5434825420379639,0.5434825420379639
2817,0.5435305237770081,0.5435305237770081,0.5435305237770081
2822,0.5432659983634949,0.5432659983634949,0.5432659983634949
2834,0.5441041588783264,0.5441041588783264,0.5441041588783264
2837,0.5434098243713379,0.5434098243713379,0.5434098243713379
2840,0.5424514412879944,0.5424514412879944,0.5424514412879944
2861,0.5402495265007019,0.5402495265007019,0.5402495265007019
2864,0.5402363538742065,0.5402363538742065,0.5402363538742065
2866,0.5405717492103577,0.5405717492103577,0.5405717492103577
2872,0.539864182472229,0.539864182472229,0.539864182472229
2875,0.5397676229476929,0.5397676229476929,0.5397676229476929
2885,0.5412045121192932,0.5412045121192932,0.5412045121192932
2894,0.540608286857605,0.540608286857605,0.540608286857605
2903,0.5396181344985962,0.5396181344985962,0.5396181344985962
2910,0.5403455495834351,0.5403455495834351,0.5403455495834351
2912,0.5399280190467834,0.5399280190467834,0.5399280190467834
2917,0.538718044757843,0.538718044757843,0.538718044757843
2928,0.5359181761741638,0.5359181761741638,0.5359181761741638
2930,0.5353726744651794,0.5353726744651794,0.5353726744651794
2939,0.5347784757614136,0.5347784757614136,0.5347784757614136
2940,0.5346502065658569,0.5346502065658569,0.5346502065658569
2942,0.5351281762123108,0.5351281762123108,0.5351281762123108
2947,0.5361528396606445,0.5361528396606445,0.5361528396606445
2951,0.5362890958786011,0.5362890958786011,0.5362890958786011
2959,0.5347327589988708,0.5347327589988708,0.5347327589988708
2976,0.53423672914505,0.53423672914505,0.53423672914505
2978,0.533980131149292,0.533980131149292,0.533980131149292
2984,0.5342088341712952,0.5342088341712952,0.5342088341712952
2993,0.5379631519317627,0.5379631519317627,0.5379631519317627
2997,0.5381323099136353,0.5381323099136353,0.5381323099136353
3004,0.5402365922927856,0.5402365922927856,0.5402365922927856
3010,0.5401849746704102,0.5401849746704102,0.5401849746704102
3018,0.5402882099151611,0.5402882099151611,0.5402882099151611
3028,0.5390828251838684,0.5390828251838684,0.5390828251838684
3030,0.5385690927505493,0.5385690927505493,0.5385690927505493
3031,0.5384541153907776,0.5384541153907776,0.5384541153907776
3053,0.5363699793815613,0.5363699793815613,0.5363699793815613
3067,0.5361499190330505,0.5361499190330505,0.5361499190330505
3069,0.5355554819107056,0.5355554819107056,0.5355554819107056
3070,0.5355634689331055,0.5355634689331055,0.5355634689331055
3071,0.535615861415863,0.535615861415863,0.535615861415863
3074,0.5357520580291748,0.5357520580291748,0.5357520580291748
3084,0.536461591720581,0.536461591720581,0.536461591720581
3086,0.5361219644546509,0.5361219644546509,0.5361219644546509
3092,0.5359673500061035,0.5359673500061035,0.5359673500061035
3097,0.535250723361969,0.535250723361969,0.535250723361969
3109,0.537081778049469,0.537081778049469,0.537081778049469
3112,0.5375572443008423,0.5375572443008423,0.5375572443008423
3118,0.5381009578704834,0.5381009578704834,0.5381009578704834
3122,0.5387132167816162,0.5387132167816162,0.5387132167816162
3125,0.5387350916862488,0.5387350916862488,0.5387350916862488
3154,0.5360457897186279,0.5360457897186279,0.5360457897186279
3164,0.5342572927474976,0.5342572927474976,0.5342572927474976
3168,0.5322659611701965,0.5322659611701965,0.5322659611701965
3177,0.528755247592926,0.528755247592926,0.528755247592926
3207,0.5263136625289917,0.5263136625289917,0.5263136625289917
3215,0.5256655812263489,0.5256655812263489,0.5256655812263489
3216,0.52541583776474,0.52541583776474,0.52541583776474
3222,0.5254389047622681,0.5254389047622681,0.5254389047622681
3225,0.5250946879386902,0.5250946879386902,0.5250946879386902
3231,0.5240263342857361,0.5240263342857361,0.5240263342857361
3239,0.5222814679145813,0.5222814679145813,0.5222814679145813
3252,0.5194524526596069,0.5194524526596069,0.5194524526596069
3264,0.5161353349685669,0.5161353349685669,0.5161353349685669
3274,0.5149248242378235,0.5149248242378235,0.5149248242378235
3275,0.5145788788795471,0.5145788788795471,0.5145788788795471
3297,0.5126124024391174,0.5126124024391174,0.5126124024391174
3305,0.510818600654602,0.510818600654602,0.510818600654602
3307,0.5103306770324707,0.5103306770324707,0.5103306770324707
3317,0.5089685916900635,0.5089685916900635,0.5089685916900635
3319,0.5093897581100464,0.5093897581100464,0.5093897581100464
3329,0.5095599293708801,0.5095599293708801,0.5095599293708801
3336,0.5119493007659912,0.5119493007659912,0.5119493007659912
3338,0.5131111741065979,0.5131111741065979,0.5131111741065979
3342,0.5162732005119324,0.5162732005119324,0.5162732005119324
3344,0.5182347297668457,0.5182347297668457,0.5182347297668457
3354,0.5230087041854858,0.5230087041854858,0.5230087041854858
3357,0.5233254432678223,0.5233254432678223,0.5233254432678223
3361,0.525635838508606,0.525635838508606,0.525635838508606
3366,0.5272853970527649,0.5272853970527649,0.5272853970527649
3368,0.5288587212562561,0.5288587212562561,0.5288587212562561
3373,0.5275598764419556,0.5275598764419556,0.5275598764419556
3374,0.5272430181503296,0.5272430181503296,0.5272430181503296
3383,0.5282959938049316,0.5282959938049316,0.5282959938049316
3386,0.528681218624115,0.528681218624115,0.528681218624115
3393,0.52680903673172,0.52680903673172,0.52680903673172
3394,0.5271090269088745,0.5271090269088745,0.5271090269088745
3399,0.5273618698120117,0.5273618698120117,0.5273618698120117
3400,0.527070939540863,0.527070939540863,0.527070939540863
3418,0.5265229940414429,0.5265229940414429,0.5265229940414429
3420,0.5256833434104919,0.5256833434104919,0.5256833434104919
3422,0.5249236822128296,0.5249236822128296,0.5249236822128296
3430,0.5250760316848755,0.5250760316848755,0.5250760316848755
3442,0.5261317491531372,0.5261317491531372,0.5261317491531372
3445,0.5265288949012756,0.5265288949012756,0.5265288949012756
3447,0.5262588858604431,0.5262588858604431,0.5262588858604431
3452,0.5264925360679626,0.5264925360679626,0.5264925360679626
3486,0.5240641236305237,0.5240641236305237,0.5240641236305237
3487,0.5237191319465637,0.5237191319465637,0.5237191319465637
3494,0.522813081741333,0.522813081741333,0.522813081741333
3495,0.5227996110916138,0.5227996110916138,0.5227996110916138
3496,0.5227882266044617,0.5227882266044617,0.5227882266044617
3507,0.5199654698371887,0.5199654698371887,0.5199654698371887
3512,0.5197004675865173,0.5197004675865173,0.5197004675865173
3516,0.5185421705245972,0.5185421705245972,0.5185421705245972
3526,0.5154172778129578,0.5154172778129578,0.5154172778129578
3529,0.514788806438446,0.514788806438446,0.514788806438446
3536,0.513645589351654,0.513645589351654,0.513645589351654
3537,0.5135582685470581,0.5135582685470581,0.5135582685470581
3544,0.510636568069458,0.510636568069458,0.510636568069458
3547,0.5094454288482666,0.5094454288482666,0.5094454288482666
3558,0.5066606402397156,0.5066606402397156,0.5066606402397156
3564,0.5054820775985718,0.5054820775985718,0.5054820775985718
3567,0.5050564408302307,0.5050564408302307,0.5050564408302307
3572,0.5042650103569031,0.5042650103569031,0.5042650103569031
3576,0.503290593624115,0.503290593624115,0.503290593624115
3578,0.5027380585670471,0.5027380585670471,0.5027380585670471
3584,0.5025864839553833,0.5025864839553833,0.5025864839553833
3589,0.5018905401229858,0.5018905401229858,0.5018905401229858
3595,0.5004462003707886,0.5004462003707886,0.5004462003707886
3596,0.5007222294807434,0.5007222294807434,0.5007222294807434
3600,0.5006211400032043,0.5006211400032043,0.5006211400032043
3601,0.5003055334091187,0.5003055334091187,0.5003055334091187
3602,0.5000950694084167,0.5000950694084167,0.5000950694084167
3603,0.5001336336135864,0.5001336336135864,0.5001336336135864
3609,0.49836966395378113,0.49836966395378113,0.49836966395378113
3611,0.49853768944740295,0.49853768944740295,0.49853768944740295
3614,0.4976081848144531,0.4976081848144531,0.4976081848144531
3630,0.4970093369483948,0.4970093369483948,0.4970093369483948
3634,0.49778440594673157,0.49778440594673157,0.49778440594673157
3637,0.497647225856781,0.497647225856781,0.497647225856781
3649,0.5032088756561279,0.5032088756561279,0.5032088756561279
3650,0.5038265585899353,0.5038265585899353,0.5038265585899353
3657,0.5163615942001343,0.5163615942001343,0.5163615942001343
3668,0.530930757522583,0.530930757522583,0.530930757522583
3674,0.532867968082428,0.532867968082428,0.532867968082428
3677,0.5343215465545654,0.5343215465545654,0.5343215465545654
3678,0.5346618890762329,0.5346618890762329,0.5346618890762329
3679,0.534952700138092,0.534952700138092,0.534952700138092
3680,0.5348294377326965,0.5348294377326965,0.5348294377326965
3684,0.5354151725769043,0.5354151725769043,0.5354151725769043
3687,0.5358661413192749,0.5358661413192749,0.5358661413192749
3700,0.5355996489524841,0.5355996489524841,0.5355996489524841
3720,0.5376274585723877,0.5376274585723877,0.5376274585723877
3724,0.538353443145752,0.538353443145752,0.538353443145752
3731,0.5378871560096741,0.5378871560096741,0.5378871560096741
3738,0.5392669439315796,0.5392669439315796,0.5392669439315796
3741,0.5383163094520569,0.5383163094520569,0.5383163094520569
3747,0.5376337170600891,0.5376337170600891,0.5376337170600891
3750,0.5371580123901367,0.5371580123901367,0.5371580123901367
3751,0.536957323551178,0.536957323551178,0.536957323551178
3759,0.5343045592308044,0.5343045592308044,0.5343045592308044
3766,0.5335668921470642,0.5335668921470642,0.5335668921470642
3768,0.5328953862190247,0.5328953862190247,0.5328953862190247
3784,0.5292603969573975,0.5292603969573975,0.5292603969573975
3790,0.5276057720184326,0.5276057720184326,0.5276057720184326
3795,0.5267450213432312,0.5267450213432312,0.5267450213432312
3804,0.5257315635681152,0.5257315635681152,0.5257315635681152
3813,0.5247074365615845,0.5247074365615845,0.5247074365615845
3816,0.525039792060852,0.525039792060852,0.525039792060852
3819,0.524846076965332,0.524846076965332,0.524846076965332
3837,0.5226032733917236,0.5226032733917236,0.5226032733917236
3839,0.5220260620117188,0.5220260620117188,0.5220260620117188
3841,0.5225183963775635,0.5225183963775635,0.5225183963775635
3850,0.5255303978919983,0.5255303978919983,0.5255303978919983
3851,0.5257202386856079,0.5257202386856079,0.5257202386856079
3858,0.5255522727966309,0.5255522727966309,0.5255522727966309
3862,0.5249379873275757,0.5249379873275757,0.5249379873275757
3869,0.523217499256134,0.523217499256134,0.523217499256134
3871,0.5223929286003113,0.5223929286003113,0.5223929286003113
3872,0.5219652652740479,0.5219652652740479,0.5219652652740479
3879,0.5189033150672913,0.5189033150672913,0.5189033150672913
3884,0.517861545085907,0.517861545085907,0.517861545085907
3888,0.5168806314468384,0.5168806314468384,0.5168806314468384
3890,0.5167632699012756,0.5167632699012756,0.5167632699012756
3893,0.5157644748687744,0.5157644748687744,0.5157644748687744
3898,0.5149107575416565,0.5149107575416565,0.5149107575416565
3905,0.5143091082572937,0.5143091082572937,0.5143091082572937
3911,0.5147094130516052,0.5147094130516052,0.5147094130516052
3915,0.5150121450424194,0.5150121450424194,0.5150121450424194
3922,0.514927864074707,0.514927864074707,0.514927864074707
3924,0.5150358080863953,0.5150358080863953,0.5150358080863953
3932,0.517608106136322,0.517608106136322,0.517608106136322
3938,0.5172039866447449,0.5172039866447449,0.5172039866447449
3945,0.5215427875518799,0.5215427875518799,0.5215427875518799
3951,0.5242347121238708,0.5242347121238708,0.5242347121238708
3952,0.5243602991104126,0.5243602991104126,0.5243602991104126
3959,0.5256853103637695,0.5256853103637695,0.5256853103637695
3962,0.5262683629989624,0.5262683629989624,0.5262683629989624
3967,0.5258758068084717,0.5258758068084717,0.5258758068084717
3975,0.5255695581436157,0.5255695581436157,0.5255695581436157
3994,0.5313717126846313,0.5313717126846313,0.5313717126846313
4010,0.5307828187942505,0.5307828187942505,0.5307828187942505
4013,0.5315254926681519,0.5315254926681519,0.5315254926681519
4017,0.5323786735534668,0.5323786735534668,0.5323786735534668
4022,0.5324862003326416,0.5324862003326416,0.5324862003326416
4033,0.5308747291564941,0.5308747291564941,0.5308747291564941
4041,0.5306895971298218,0.5306895971298218,0.5306895971298218
4055,0.5278190970420837,0.5278190970420837,0.5278190970420837
4067,0.5254139304161072,0.5254139304161072,0.5254139304161072
4075,0.5264090299606323,0.5264090299606323,0.5264090299606323
4092,0.5234144926071167,0.5234144926071167,0.5234144926071167
4101,0.5207810401916504,0.5207810401916504,0.5207810401916504
4102,0.5206571817398071,0.5206571817398071,0.5206571817398071
4105,0.5209764838218689,0.5209764838218689,0.5209764838218689
4115,0.5217516422271729,0.5217516422271729,0.5217516422271729
4116,0.522445559501648,0.522445559501648,0.522445559501648
4132,0.5207987427711487,0.5207987427711487,0.5207987427711487
4141,0.5203397274017334,0.5203397274017334,0.5203397274017334
4142,0.5209068655967712,0.5209068655967712,0.5209068655967712
4149,0.5198397636413574,0.5198397636413574,0.5198397636413574
4163,0.5169646739959717,0.5169646739959717,0.5169646739959717
4164,0.5168052315711975,0.5168052315711975,0.5168052315711975
4176,0.5149445533752441,0.5149445533752441,0.5149445533752441
4178,0.5141535401344299,0.5141535401344299,0.5141535401344299
4182,0.5114984512329102,0.5114984512329102,0.5114984512329102
4185,0.5117787718772888,0.5117787718772888,0.5117787718772888
4199,0.508461594581604,0.508461594581604,0.508461594581604
4213,0.5076995491981506,0.5076995491981506,0.5076995491981506
4214,0.5073479413986206,0.5073479413986206,0.5073479413986206
4230,0.5069135427474976,0.5069135427474976,0.5069135427474976
4248,0.5060969591140747,0.5060969591140747,0.5060969591140747
4252,0.5048492550849915,0.5048492550849915,0.5048492550849915
4271,0.5022225379943848,0.5022225379943848,0.5022225379943848
4276,0.5003130435943604,0.5003130435943604,0.5003130435943604
4282,0.4995579421520233,0.4995579421520233,0.4995579421520233
4296,0.496440589427948,0.496440589427948,0.496440589427948
4298,0.49685248732566833,0.49685248732566833,0.49685248732566833
4319,0.4942900240421295,0.4942900240421295,0.4942900240421295
4322,0.494064599275589,0.494064599275589,0.494064599275589
4329,0.49177396297454834,0.49177396297454834,0.49177396297454834
4330,0.4917994439601898,0.4917994439601898,0.4917994439601898
4338,0.4923495948314667,0.4923495948314667,0.4923495948314667
4339,0.4922337830066681,0.4922337830066681,0.4922337830066681
4342,0.49227771162986755,0.49227771162986755,0.49227771162986755
4350,0.4931030869483948,0.4931030869483948,0.4931030869483948
4359,0.4932013154029846,0.4932013154029846,0.4932013154029846
4360,0.49282142519950867,0.49282142519950867,0.49282142519950867
4370,0.49193644523620605,0.49193644523620605,0.49193644523620605
4378,0.4925607144832611,0.4925607144832611,0.4925607144832611
4380,0.4927135109901428,0.4927135109901428,0.4927135109901428
4385,0.49169546365737915,0.49169546365737915,0.49169546365737915
4393,0.4897962808609009,0.4897962808609009,0.4897962808609009
4403,0.48827725648880005,0.48827725648880005,0.48827725648880005
4406,0.4878866970539093,0.4878866970539093,0.4878866970539093
4412,0.48815587162971497,0.48815587162971497,0.48815587162971497
4414,0.48809701204299927,0.48809701204299927,0.48809701204299927
4416,0.48720288276672363,0.48720288276672363,0.48720288276672363
4421,0.48582759499549866,0.48582759499549866,0.48582759499549866
4425,0.48437607288360596,0.48437607288360596,0.48437607288360596
4426,0.48432889580726624,0.48432889580726624,0.48432889580726624
4430,0.4840112328529358,0.4840112328529358,0.4840112328529358
4438,0.48522433638572693,0.48522433638572693,0.48522433638572693
4444,0.48441994190216064,0.48441994190216064,0.48441994190216064
4446,0.48407697677612305,0.48407697677612305,0.48407697677612305
4448,0.4837431013584137,0.4837431013584137,0.4837431013584137
4449,0.48349788784980774,0.48349788784980774,0.48349788784980774
4454,0.48274824023246765,0.48274824023246765,0.48274824023246765
4466,0.4827786386013031,0.4827786386013031,0.4827786386013031
4469,0.4827817380428314,0.4827817380428314,0.4827817380428314
4479,0.4816046357154846,0.4816046357154846,0.4816046357154846
4482,0.481802761554718,0.481802761554718,0.481802761554718
4487,0.4828210473060608,0.4828210473060608,0.4828210473060608
4488,0.48295775055885315,0.48295775055885315,0.48295775055885315
4490,0.483135849237442,0.483135849237442,0.483135849237442
4492,0.4826914370059967,0.4826914370059967,0.4826914370059967
4495,0.4840301275253296,0.4840301275253296,0.4840301275253296
4503,0.48280277848243713,0.48280277848243713,0.48280277848243713
4506,0.482856422662735,0.482856422662735,0.482856422662735
4511,0.48235780000686646,0.48235780000686646,0.48235780000686646
4513,0.48200076818466187,0.48200076818466187,0.48200076818466187
4523,0.4796552062034607,0.4796552062034607,0.4796552062034607
4527,0.47951382398605347,0.47951382398605347,0.47951382398605347
4528,0.47937387228012085,0.47937387228012085,0.47937387228012085
4554,0.47488921880722046,0.47488921880722046,0.47488921880722046
4560,0.47292840480804443,0.47292840480804443,0.47292840480804443
4561,0.47261500358581543,0.47261500358581543,0.47261500358581543
4580,0.4701460599899292,0.4701460599899292,0.4701460599899292
4588,0.4685344398021698,0.4685344398021698,0.4685344398021698
4608,0.4657459259033203,0.4657459259033203,0.4657459259033203
4610,0.4665929079055786,0.4665929079055786,0.4665929079055786
4619,0.46548324823379517,0.46548324823379517,0.46548324823379517
4628,0.46424874663352966,0.46424874663352966,0.46424874663352966
4632,0.46362343430519104,0.46362343430519104,0.46362343430519104
4638,0.4628961682319641,0.4628961682319641,0.4628961682319641
4649,0.46408724784851074,0.46408724784851074,0.46408724784851074
4651,0.46376365423202515,0.46376365423202515,0.46376365423202515
4652,0.46382996439933777,0.46382996439933777,0.46382996439933777
4654,0.4637446999549866,0.4637446999549866,0.4637446999549866
4659,0.4637804329395294,0.4637804329395294,0.4637804329395294
4660,0.46415427327156067,0.46415427327156067,0.46415427327156067
4662,0.46467381715774536,0.46467381715774536,0.46467381715774536
4667,0.4655390977859497,0.4655390977859497,0.4655390977859497
4673,0.47177937626838684,0.47177937626838684,0.47177937626838684
4675,0.4740767478942871,0.4740767478942871,0.4740767478942871
4677,0.47529739141464233,0.47529739141464233,0.47529739141464233
4678,0.47572383284568787,0.47572383284568787,0.47572383284568787
4690,0.4887986481189728,0.4887986481189728,0.4887986481189728
4695,0.4881742298603058,0.4881742298603058,0.4881742298603058
4697,0.4881904423236847,0.4881904423236847,0.4881904423236847
4709,0.4866471588611603,0.4866471588611603,0.4866471588611603
4716,0.4839869737625122,0.4839869737625122,0.4839869737625122
4728,0.48153266310691833,0.48153266310691833,0.48153266310691833
4730,0.48092198371887207,0.48092198371887207,0.48092198371887207
4735,0.4797600209712982,0.4797600209712982,0.4797600209712982
4736,0.4796433448791504,0.4796433448791504,0.4796433448791504
4751,0.47919929027557373,0.47919929027557373,0.47919929027557373
4757,0.4796886444091797,0.4796886444091797,0.4796886444091797
4763,0.48082202672958374,0.48082202672958374,0.48082202672958374
4774,0.4838070273399353,0.4838070273399353,0.4838070273399353
4775,0.4838547110557556,0.4838547110557556,0.4838547110557556
4779,0.484760046005249,0.484760046005249,0.484760046005249
4791,0.4885370135307312,0.4885370135307312,0.4885370135307312
4800,0.49479955434799194,0.49479955434799194,0.49479955434799194
4801,0.494433730840683,0.494433730840683,0.494433730840683
4819,0.49645331501960754,0.49645331501960754,0.49645331501960754
4840,0.4962693452835083,0.4962693452835083,0.4962693452835083
4846,0.4990732967853546,0.4990732967853546,0.4990732967853546
4861,0.4975361227989197,0.4975361227989197,0.4975361227989197
4876,0.4940791130065918,0.4940791130065918,0.4940791130065918
4891,0.4935882091522217,0.4935882091522217,0.4935882091522217
4894,0.4939435124397278,0.4939435124397278,0.4939435124397278
4902,0.49237358570098877,0.49237358570098877,0.49237358570098877
4907,0.49266454577445984,0.49266454577445984,0.49266454577445984
4910,0.4918394386768341,0.4918394386768341,0.4918394386768341
4912,0.49159765243530273,0.49159765243530273,0.49159765243530273
4918,0.490598201751709,0.490598201751709,0.490598201751709
4919,0.4903560280799866,0.4903560280799866,0.4903560280799866
4920,0.49031955003738403,0.49031955003738403,0.49031955003738403
4924,0.4892648458480835,0.4892648458480835,0.4892648458480835
4936,0.48623621463775635,0.48623621463775635,0.48623621463775635
4938,0.485781192779541,0.485781192779541,0.485781192779541
4941,0.4845126271247864,0.4845126271247864,0.4845126271247864
4943,0.4846213459968567,0.4846213459968567,0.4846213459968567
4944,0.4842022657394409,0.4842022657394409,0.4842022657394409
4951,0.4842216670513153,0.4842216670513153,0.4842216670513153
4952,0.48372530937194824,0.48372530937194824,0.48372530937194824
4958,0.48278969526290894,0.48278969526290894,0.48278969526290894
4964,0.4830346703529358,0.4830346703529358,0.4830346703529358
4968,0.4815756380558014,0.4815756380558014,0.4815756380558014
4969,0.4814726710319519,0.4814726710319519,0.4814726710319519
4975,0.48127481341362,0.48127481341362,0.48127481341362
4980,0.48119404911994934,0.48119404911994934,0.48119404911994934
4984,0.4804553687572479,0.4804553687572479,0.4804553687572479
4999,0.4783977270126343,0.4783977270126343,0.4783977270126343
5001,0.4782245457172394,0.4782245457172394,0.4782245457172394
5005,0.47732385993003845,0.47732385993003845,0.47732385993003845
5016,0.4737626016139984,0.4737626016139984,0.4737626016139984
5020,0.47330427169799805,0.47330427169799805,0.47330427169799805
5036,0.47037020325660706,0.47037020325660706,0.47037020325660706
5039,0.47014206647872925,0.47014206647872925,0.47014206647872925
5041,0.4698798954486847,0.4698798954486847,0.4698798954486847
5042,0.46975433826446533,0.46975433826446533,0.46975433826446533
5057,0.4669932425022125,0.4669932425022125,0.4669932425022125
5063,0.4651932716369629,0.4651932716369629,0.4651932716369629
5066,0.4643056094646454,0.4643056094646454,0.4643056094646454
5075,0.46167048811912537,0.46167048811912537,0.46167048811912537
5077,0.4613575339317322,0.4613575339317322,0.4613575339317322
5079,0.46110546588897705,0.46110546588897705,0.46110546588897705
5092,0.46263617277145386,0.46263617277145386,0.46263617277145386
5094,0.46263712644577026,0.46263712644577026,0.46263712644577026
5105,0.4624128043651581,0.4624128043651581,0.4624128043651581
5114,0.46088698506355286,0.46088698506355286,0.46088698506355286
5124,0.45845338702201843,0.45845338702201843,0.45845338702201843
5129,0.45712149143218994,0.45712149143218994,0.45712149143218994
5132,0.4569489061832428,0.4569489061832428,0.4569489061832428
5141,0.45553046464920044,0.45553046464920044,0.45553046464920044
5143,0.45528656244277954,0.45528656244277954,0.45528656244277954
5146,0.4538891017436981,0.4538891017436981,0.4538891017436981
5159,0.45182353258132935,0.45182353258132935,0.45182353258132935
5165,0.4513770639896393,0.4513770639896393,0.4513770639896393
5168,0.4504384696483612,0.4504384696483612,0.4504384696483612
5169,0.4504641890525818,0.4504641890525818,0.4504641890525818
5171,0.4502227008342743,0.4502227008342743,0.4502227008342743
5173,0.4495012164115906,0.4495012164115906,0.4495012164115906
5180,0.45012331008911133,0.45012331008911133,0.45012331008911133
5183,0.4503283202648163,0.4503283202648163,0.4503283202648163
5192,0.45143842697143555,0.45143842697143555,0.45143842697143555
5202,0.4585433602333069,0.4585433602333069,0.4585433602333069
5208,0.4632905423641205,0.4632905423641205,0.4632905423641205
5211,0.46478140354156494,0.46478140354156494,0.46478140354156494
5219,0.4652641713619232,0.4652641713619232,0.4652641713619232
5234,0.46518999338150024,0.46518999338150024,0.46518999338150024
5240,0.46551787853240967,0.46551787853240967,0.46551787853240967
5241,0.4652000367641449,0.4652000367641449,0.4652000367641449
5243,0.46601805090904236,0.46601805090904236,0.46601805090904236
5249,0.4666510224342346,0.4666510224342346,0.4666510224342346
5256,0.4661937952041626,0.4661937952041626,0.4661937952041626
5261,0.46536147594451904,0.46536147594451904,0.46536147594451904
5262,0.4656289219856262,0.4656289219856262,0.4656289219856262
5267,0.46614164113998413,0.46614164113998413,0.46614164113998413
5268,0.4660755395889282,0.4660755395889282,0.4660755395889282
5285,0.4638468623161316,0.4638468623161316,0.4638468623161316
5295,0.46545910835266113,0.46545910835266113,0.46545910835266113
5303,0.4647359848022461,0.4647359848022461,0.4647359848022461
5305,0.4648222029209137,0.4648222029209137,0.4648222029209137
5314,0.46564313769340515,0.46564313769340515,0.46564313769340515
5319,0.46541929244995117,0.46541929244995117,0.46541929244995117
5323,0.46578314900398254,0.46578314900398254,0.46578314900398254
5328,0.4661712348461151,0.4661712348461151,0.4661712348461151
5334,0.46710389852523804,0.46710389852523804,0.46710389852523804
5336,0.46710726618766785,0.46710726618766785,0.46710726618766785
5337,0.46704787015914917,0.46704787015914917,0.46704787015914917
5341,0.46653762459754944,0.46653762459754944,0.46653762459754944
5343,0.4663810431957245,0.4663810431957245,0.4663810431957245
5344,0.4661804735660553,0.4661804735660553,0.4661804735660553
5347,0.46469080448150635,0.46469080448150635,0.46469080448150635
5349,0.4651874303817749,0.4651874303817749,0.4651874303817749
5356,0.4645070433616638,0.4645070433616638,0.4645070433616638
5359,0.46480807662010193,0.46480807662010193,0.46480807662010193
5361,0.46477314829826355,0.46477314829826355,0.46477314829826355
5362,0.4645140469074249,0.4645140469074249,0.4645140469074249
5370,0.4625400900840759,0.4625400900840759,0.4625400900840759
5380,0.46403035521507263,0.46403035521507263,0.46403035521507263
5389,0.4636411666870117,0.4636411666870117,0.4636411666870117
5391,0.46383026242256165,0.46383026242256165,0.46383026242256165
5393,0.4639209508895874,0.4639209508895874,0.4639209508895874
5396,0.46298474073410034,0.46298474073410034,0.46298474073410034
5397,0.46304571628570557,0.46304571628570557,0.46304571628570557
5413,0.46477892994880676,0.46477892994880676,0.46477892994880676
5417,0.46367067098617554,0.46367067098617554,0.46367067098617554
5420,0.4631292223930359,0.4631292223930359,0.4631292223930359
5424,0.46430787444114685,0.46430787444114685,0.46430787444114685
5432,0.4649163782596588,0.4649163782596588,0.4649163782596588
5435,0.46393710374832153,0.46393710374832153,0.46393710374832153
5438,0.4643743932247162,0.4643743932247162,0.4643743932247162
5439,0.4644378125667572,0.4644378125667572,0.4644378125667572
5440,0.4641885459423065,0.4641885459423065,0.4641885459423065
5444,0.462983101606369,0.462983101606369,0.462983101606369
5445,0.4633628726005554,0.4633628726005554,0.4633628726005554
5450,0.46374204754829407,0.46374204754829407,0.46374204754829407
5474,0.46326908469200134,0.46326908469200134,0.46326908469200134
5484,0.4626413881778717,0.4626413881778717,0.4626413881778717
5487,0.46279382705688477,0.46279382705688477,0.46279382705688477
5501,0.4620092213153839,0.4620092213153839,0.4620092213153839
5518,0.46182548999786377,0.46182548999786377,0.46182548999786377
5521,0.46193790435791016,0.46193790435791016,0.46193790435791016
5534,0.4630544185638428,0.4630544185638428,0.4630544185638428
5536,0.4628026485443115,0.4628026485443115,0.4628026485443115
5545,0.4648536443710327,0.4648536443710327,0.4648536443710327
5548,0.4656548500061035,0.4656548500061035,0.4656548500061035
5562,0.4648807644844055,0.4648807644844055,0.4648807644844055
5571,0.4647098779678345,0.4647098779678345,0.4647098779678345
5582,0.46255040168762207,0.46255040168762207,0.46255040168762207
5584,0.4628968834877014,0.4628968834877014,0.4628968834877014
5588,0.46225613355636597,0.46225613355636597,0.46225613355636597
5589,0.4622878432273865,0.4622878432273865,0.4622878432273865
5594,0.46206197142601013,0.46206197142601013,0.46206197142601013
5597,0.4622320234775543,0.4622320234775543,0.4622320234775543
5605,0.4607919752597809,0.4607919752597809,0.4607919752597809
5609,0.4598134756088257,0.4598134756088257,0.4598134756088257
5614,0.46048352122306824,0.46048352122306824,0.46048352122306824
5615,0.46059146523475647,0.46059146523475647,0.46059146523475647
5617,0.4600391387939453,0.4600391387939453,0.4600391387939453
5622,0.4605748653411865,0.4605748653411865,0.4605748653411865
5629,0.45911625027656555,0.45911625027656555,0.45911625027656555
5630,0.4590252935886383,0.4590252935886383,0.4590252935886383
5641,0.4588661193847656,0.4588661193847656,0.4588661193847656
5645,0.4593537151813507,0.4593537151813507,0.4593537151813507
5646,0.4592669904232025,0.4592669904232025,0.4592669904232025
5654,0.4588724672794342,0.4588724672794342,0.4588724672794342
5662,0.45767682790756226,0.45767682790756226,0.45767682790756226
5665,0.4577424228191376,0.4577424228191376,0.4577424228191376
5684,0.4568573832511902,0.4568573832511902,0.4568573832511902
5686,0.45724189281463623,0.45724189281463623,0.45724189281463623
5711,0.45739102363586426,0.45739102363586426,0.45739102363586426
5715,0.457331120967865,0.457331120967865,0.457331120967865
5742,0.45157909393310547,0.45157909393310547,0.45157909393310547
5745,0.4514097273349762,0.4514097273349762,0.4514097273349762
5754,0.44981688261032104,0.44981688261032104,0.44981688261032104
5756,0.44933629035949707,0.44933629035949707,0.44933629035949707
5757,0.44912073016166687,0.44912073016166687,0.44912073016166687
5758,0.4488668739795685,0.4488668739795685,0.4488668739795685
5765,0.4477556645870209,0.4477556645870209,0.4477556645870209
5766,0.4476735591888428,0.4476735591888428,0.4476735591888428
5770,0.44715195894241333,0.44715195894241333,0.44715195894241333
5773,0.4469224214553833,0.4469224214553833,0.4469224214553833
5774,0.44685637950897217,0.44685637950897217,0.44685637950897217
5779,0.4462733268737793,0.4462733268737793,0.4462733268737793
5796,0.44854632019996643,0.44854632019996643,0.44854632019996643
5797,0.4486948847770691,0.4486948847770691,0.4486948847770691
5801,0.44904813170433044,0.44904813170433044,0.44904813170433044
5808,0.44956737756729126,0.44956737756729126,0.44956737756729126
5818,0.45261597633361816,0.45261597633361816,0.45261597633361816
5825,0.45245328545570374,0.45245328545570374,0.45245328545570374
5836,0.45294830203056335,0.45294830203056335,0.45294830203056335
5848,0.44937288761138916,0.44937288761138916,0.44937288761138916
5849,0.448881059885025,0.448881059885025,0.448881059885025
5853,0.4472692310810089,0.4472692310810089,0.4472692310810089
5856,0.44677063822746277,0.44677063822746277,0.44677063822746277
5868,0.44698432087898254,0.44698432087898254,0.44698432087898254
5877,0.4450342059135437,0.4450342059135437,0.4450342059135437
5880,0.4439846873283386,0.4439846873283386,0.4439846873283386
5884,0.44270992279052734,0.44270992279052734,0.44270992279052734
5890,0.44158339500427246,0.44158339500427246,0.44158339500427246
5891,0.44146329164505005,0.44146329164505005,0.44146329164505005
5902,0.439854234457016,0.439854234457016,0.439854234457016
5905,0.439229279756546,0.439229279756546,0.439229279756546
5910,0.43784642219543457,0.43784642219543457,0.43784642219543457
5923,0.4333230257034302,0.4333230257034302,0.4333230257034302
5928,0.4332277476787567,0.4332277476787567,0.4332277476787567
5937,0.44420158863067627,0.44420158863067627,0.44420158863067627
5938,0.44470807909965515,0.44470807909965515,0.44470807909965515
5941,0.4456164836883545,0.4456164836883545,0.4456164836883545
5945,0.44522416591644287,0.44522416591644287,0.44522416591644287
5948,0.444362998008728,0.444362998008728,0.444362998008728
5957,0.44356828927993774,0.44356828927993774,0.44356828927993774
5960,0.4438011646270752,0.4438011646270752,0.4438011646270752
5967,0.44420382380485535,0.44420382380485535,0.44420382380485535
5973,0.44438794255256653,0.44438794255256653,0.44438794255256653
5976,0.44352060556411743,0.44352060556411743,0.44352060556411743
5980,0.4441993236541748,0.4441993236541748,0.4441993236541748
5997,0.44898003339767456,0.44898003339767456,0.44898003339767456
6001,0.45264461636543274,0.45264461636543274,0.45264461636543274
6008,0.4533132016658783,0.4533132016658783,0.4533132016658783
6024,0.4566284418106079,0.4566284418106079,0.4566284418106079
6027,0.45594239234924316,0.45594239234924316,0.45594239234924316
6033,0.45717641711235046,0.45717641711235046,0.45717641711235046
6055,0.457355260848999,0.457355260848999,0.457355260848999
6077,0.4563364088535309,0.4563364088535309,0.4563364088535309
6079,0.4557640254497528,0.4557640254497528,0.4557640254497528
6080,0.45558324456214905,0.45558324456214905,0.45558324456214905
6088,0.4557573199272156,0.4557573199272156,0.4557573199272156
6090,0.45565176010131836,0.45565176010131836,0.45565176010131836
6097,0.4541148543357849,0.4541148543357849,0.4541148543357849
6104,0.4542809724807739,0.4542809724807739,0.4542809724807739
6107,0.45393311977386475,0.45393311977386475,0.45393311977386475
6115,0.45211806893348694,0.45211806893348694,0.45211806893348694
6121,0.4525511860847473,0.4525511860847473,0.4525511860847473
6126,0.45430755615234375,0.45430755615234375,0.45430755615234375
6138,0.45784103870391846,0.45784103870391846,0.45784103870391846
6140,0.4577333629131317,0.4577333629131317,0.4577333629131317
6147,0.4586157202720642,0.4586157202720642,0.4586157202720642
6151,0.4587336778640747,0.4587336778640747,0.4587336778640747
6153,0.45834803581237793,0.45834803581237793,0.45834803581237793
6171,0.45653611421585083,0.45653611421585083,0.45653611421585083
6180,0.45727449655532837,0.45727449655532837,0.45727449655532837
6184,0.45713329315185547,0.45713329315185547,0.45713329315185547
6188,0.4580080807209015,0.4580080807209015,0.4580080807209015
6190,0.45776230096817017,0.45776230096817017,0.45776230096817017
6197,0.45713338255882263,0.45713338255882263,0.45713338255882263
6201,0.4571278989315033,0.4571278989315033,0.4571278989315033
6202,0.457038938999176,0.457038938999176,0.457038938999176
6206,0.45728740096092224,0.45728740096092224,0.45728740096092224
6209,0.45701855421066284,0.45701855421066284,0.45701855421066284
6222,0.456977903842926,0.456977903842926,0.456977903842926
6226,0.4575384855270386,0.4575384855270386,0.4575384855270386
6233,0.4568800628185272,0.4568800628185272,0.4568800628185272
6237,0.45725467801094055,0.45725467801094055,0.45725467801094055
6241,0.4568473696708679,0.4568473696708679,0.4568473696708679
6244,0.4564896821975708,0.4564896821975708,0.4564896821975708
6260,0.4565240740776062,0.4565240740776062,0.4565240740776062
6262,0.45695236325263977,0.45695236325263977,0.45695236325263977
6269,0.45674359798431396,0.45674359798431396,0.45674359798431396
6270,0.45655447244644165,0.45655447244644165,0.45655447244644165
6281,0.45684295892715454,0.45684295892715454,0.45684295892715454
6282,0.45694178342819214,0.45694178342819214,0.45694178342819214
6294,0.4575539231300354,0.4575539231300354,0.4575539231300354
6298,0.4591000974178314,0.4591000974178314,0.4591000974178314
6307,0.45723074674606323,0.45723074674606323,0.45723074674606323
6310,0.45774999260902405,0.45774999260902405,0.45774999260902405
6313,0.45773741602897644,0.45773741602897644,0.45773741602897644
6319,0.4564298987388611,0.4564298987388611,0.4564298987388611
6323,0.4571196734905243,0.4571196734905243,0.4571196734905243
6335,0.4565710425376892,0.4565710425376892,0.4565710425376892
6338,0.45547741651535034,0.45547741651535034,0.45547741651535034
6343,0.45396363735198975,0.45396363735198975,0.45396363735198975
6344,0.4537207782268524,0.4537207782268524,0.4537207782268524
6350,0.4541139304637909,0.4541139304637909,0.4541139304637909
6352,0.4538273215293884,0.4538273215293884,0.4538273215293884
6358,0.45298928022384644,0.45298928022384644,0.45298928022384644
6371,0.45245561003685,0.45245561003685,0.45245561003685
6381,0.4510650336742401,0.4510650336742401,0.4510650336742401
6383,0.4505086839199066,0.4505086839199066,0.4505086839199066
6388,0.4517333209514618,0.4517333209514618,0.4517333209514618
6397,0.4513646364212036,0.4513646364212036,0.4513646364212036
6403,0.4515926241874695,0.4515926241874695,0.4515926241874695
6415,0.45031434297561646,0.45031434297561646,0.45031434297561646
6423,0.44922950863838196,0.44922950863838196,0.44922950863838196
6427,0.4482365846633911,0.4482365846633911,0.4482365846633911
6431,0.44802382588386536,0.44802382588386536,0.44802382588386536
6439,0.44602176547050476,0.44602176547050476,0.44602176547050476
6441,0.4455653727054596,0.4455653727054596,0.4455653727054596
6443,0.4449926018714905,0.4449926018714905,0.4449926018714905
6448,0.443900465965271,0.443900465965271,0.443900465965271
6456,0.4427871108055115,0.4427871108055115,0.4427871108055115
6460,0.4433792531490326,0.4433792531490326,0.4433792531490326
6466,0.4434591233730316,0.4434591233730316,0.4434591233730316
6472,0.44216492772102356,0.44216492772102356,0.44216492772102356
6474,0.44213494658470154,0.44213494658470154,0.44213494658470154
6485,0.44071972370147705,0.44071972370147705,0.44071972370147705
6487,0.4407925009727478,0.4407925009727478,0.4407925009727478
6495,0.439524382352829,0.439524382352829,0.439524382352829
6496,0.43920332193374634,0.43920332193374634,0.43920332193374634
6511,0.4427229166030884,0.4427229166030884,0.4427229166030884
6512,0.44354307651519775,0.44354307651519775,0.44354307651519775
6516,0.4449201226234436,0.4449201226234436,0.4449201226234436
6523,0.44392818212509155,0.44392818212509155,0.44392818212509155
6527,0.44474348425865173,0.44474348425865173,0.44474348425865173
6535,0.4427374601364136,0.4427374601364136,0.4427374601364136
6536,0.4424615800380707,0.4424615800380707,0.4424615800380707
6537,0.44211965799331665,0.44211965799331665,0.44211965799331665
6539,0.4412001371383667,0.4412001371383667,0.4412001371383667
6540,0.44100111722946167,0.44100111722946167,0.44100111722946167
6552,0.43961676955223083,0.43961676955223083,0.43961676955223083
6553,0.4394629895687103,0.4394629895687103,0.4394629895687103
6556,0.439242422580719,0.439242422580719,0.439242422580719
6557,0.4391738176345825,0.4391738176345825,0.4391738176345825
6563,0.4377687871456146,0.4377687871456146,0.4377687871456146
6566,0.43741029500961304,0.43741029500961304,0.43741029500961304
6576,0.4395386874675751,0.4395386874675751,0.4395386874675751
6579,0.44107890129089355,0.44107890129089355,0.44107890129089355
6580,0.44115081429481506,0.44115081429481506,0.44115081429481506
6586,0.43892818689346313,0.43892818689346313,0.43892818689346313
6596,0.4372538626194,0.4372538626194,0.4372538626194
6604,0.43528681993484497,0.43528681993484497,0.43528681993484497
6607,0.4350584149360657,0.4350584149360657,0.4350584149360657
6611,0.4344977140426636,0.4344977140426636,0.4344977140426636
6628,0.4372248649597168,0.4372248649597168,0.4372248649597168
6631,0.43759989738464355,0.43759989738464355,0.43759989738464355
6644,0.4405656158924103,0.4405656158924103,0.4405656158924103
6645,0.44067174196243286,0.44067174196243286,0.44067174196243286
6646,0.44127243757247925,0.44127243757247925,0.44127243757247925
6652,0.44511520862579346,0.44511520862579346,0.44511520862579346
6660,0.44650179147720337,0.44650179147720337,0.44650179147720337
6674,0.44944095611572266,0.44944095611572266,0.44944095611572266
6677,0.44910284876823425,0.44910284876823425,0.44910284876823425
6679,0.4506024122238159,0.4506024122238159,0.4506024122238159
6686,0.45148101449012756,0.45148101449012756,0.45148101449012756
6692,0.4499960243701935,0.4499960243701935,0.4499960243701935
6693,0.44974464178085327,0.44974464178085327,0.44974464178085327
6696,0.4492037892341614,0.4492037892341614,0.4492037892341614
6701,0.4478665888309479,0.4478665888309479,0.4478665888309479
6737,0.45114269852638245,0.45114269852638245,0.45114269852638245
6743,0.45055416226387024,0.45055416226387024,0.45055416226387024
6748,0.4516342580318451,0.4516342580318451,0.4516342580318451
6750,0.451015830039978,0.451015830039978,0.451015830039978
6760,0.4495618939399719,0.4495618939399719,0.4495618939399719
6763,0.44996675848960876,0.44996675848960876,0.44996675848960876
6764,0.45018839836120605,0.45018839836120605,0.45018839836120605
6776,0.45195022225379944,0.45195022225379944,0.45195022225379944
6781,0.4543458819389343,0.4543458819389343,0.4543458819389343
6783,0.4536680579185486,0.4536680579185486,0.4536680579185486
6790,0.45377862453460693,0.45377862453460693,0.45377862453460693
6804,0.4540903866291046,0.4540903866291046,0.4540903866291046
6816,0.4550544023513794,0.4550544023513794,0.4550544023513794
6827,0.4561280310153961,0.4561280310153961,0.4561280310153961
6828,0.45567530393600464,0.45567530393600464,0.45567530393600464
6829,0.45551127195358276,0.45551127195358276,0.45551127195358276
6831,0.4556575417518616,0.4556575417518616,0.4556575417518616
6835,0.4550210237503052,0.4550210237503052,0.4550210237503052
6837,0.45487135648727417,0.45487135648727417,0.45487135648727417
6856,0.45212796330451965,0.45212796330451965,0.45212796330451965
6870,0.45113301277160645,0.45113301277160645,0.45113301277160645
6887,0.45046690106391907,0.45046690106391907,0.45046690106391907
6895,0.4487931430339813,0.4487931430339813,0.4487931430339813
6899,0.44808751344680786,0.44808751344680786,0.44808751344680786
6901,0.4482486844062805,0.4482486844062805,0.4482486844062805
6903,0.44780585169792175,0.44780585169792175,0.44780585169792175
6925,0.44136160612106323,0.44136160612106323,0.44136160612106323
6935,0.4399168789386749,0.4399168789386749,0.4399168789386749
6945,0.4376056492328644,0.4376056492328644,0.4376056492328644
6948,0.4372017979621887,0.4372017979621887,0.4372017979621887
6951,0.43650367856025696,0.43650367856025696,0.43650367856025696
6956,0.4358929395675659,0.4358929395675659,0.4358929395675659
6962,0.4351811408996582,0.4351811408996582,0.4351811408996582
6974,0.4339016079902649,0.4339016079902649,0.4339016079902649
6981,0.4360499083995819,0.4360499083995819,0.4360499083995819
6988,0.44066616892814636,0.44066616892814636,0.44066616892814636
6995,0.4426994025707245,0.4426994025707245,0.4426994025707245
7005,0.44010236859321594,0.44010236859321594,0.44010236859321594
7008,0.4397376477718353,0.4397376477718353,0.4397376477718353
7011,0.439246267080307,0.439246267080307,0.439246267080307
7018,0.43626442551612854,0.43626442551612854,0.43626442551612854
7019,0.4359857439994812,0.4359857439994812,0.4359857439994812
7052,0.43487122654914856,0.43487122654914856,0.43487122654914856
7057,0.43725186586380005,0.43725186586380005,0.43725186586380005
7060,0.4391501545906067,0.4391501545906067,0.4391501545906067
7062,0.440592885017395,0.440592885017395,0.440592885017395
7065,0.4408619999885559,0.4408619999885559,0.4408619999885559
7067,0.44037121534347534,0.44037121534347534,0.44037121534347534
7078,0.43776533007621765,0.43776533007621765,0.43776533007621765
7091,0.4351551830768585,0.4351551830768585,0.4351551830768585
7092,0.43460094928741455,0.43460094928741455,0.43460094928741455
7095,0.4352967143058777,0.4352967143058777,0.4352967143058777
7113,0.4357067942619324,0.4357067942619324,0.4357067942619324
7115,0.4366708993911743,0.4366708993911743,0.4366708993911743
7122,0.4420654773712158,0.4420654773712158,0.4420654773712158
7138,0.4496425688266754,0.4496425688266754,0.4496425688266754
7150,0.44849473237991333,0.44849473237991333,0.44849473237991333
7160,0.450038880109787,0.450038880109787,0.450038880109787
7163,0.4502425789833069,0.4502425789833069,0.4502425789833069
7167,0.4513314664363861,0.4513314664363861,0.4513314664363861
7174,0.44933584332466125,0.44933584332466125,0.44933584332466125
7189,0.44796422123908997,0.44796422123908997,0.44796422123908997
7201,0.4482337236404419,0.4482337236404419,0.4482337236404419
7207,0.448112428188324,0.448112428188324,0.448112428188324
7208,0.44796931743621826,0.44796931743621826,0.44796931743621826
7213,0.44767752289772034,0.44767752289772034,0.44767752289772034
7215,0.4478922486305237,0.4478922486305237,0.4478922486305237
7227,0.44728437066078186,0.44728437066078186,0.44728437066078186
7237,0.44546255469322205,0.44546255469322205,0.44546255469322205
7239,0.44544681906700134,0.44544681906700134,0.44544681906700134
7240,0.4451003670692444,0.4451003670692444,0.4451003670692444
7242,0.44479963183403015,0.44479963183403015,0.44479963183403015
7246,0.44452688097953796,0.44452688097953796,0.44452688097953796
7249,0.44546380639076233,0.44546380639076233,0.44546380639076233
7261,0.4433234632015228,0.4433234632015228,0.4433234632015228
7265,0.4425840973854065,0.4425840973854065,0.4425840973854065
7270,0.44088485836982727,0.44088485836982727,0.44088485836982727
7275,0.439100056886673,0.439100056886673,0.439100056886673
7276,0.4387173056602478,0.4387173056602478,0.4387173056602478
7287,0.43557116389274597,0.43557116389274597,0.43557116389274597
7293,0.43378543853759766,0.43378543853759766,0.43378543853759766
7294,0.43376991152763367,0.43376991152763367,0.43376991152763367
7299,0.4332803785800934,0.4332803785800934,0.4332803785800934
7300,0.4328724443912506,0.4328724443912506,0.4328724443912506
7302,0.43270397186279297,0.43270397186279297,0.43270397186279297
7309,0.43176791071891785,0.43176791071891785,0.43176791071891785
7316,0.43165600299835205,0.43165600299835205,0.43165600299835205
7326,0.42936205863952637,0.42936205863952637,0.42936205863952637
7330,0.4291226267814636,0.4291226267814636,0.4291226267814636
7331,0.42871707677841187,0.42871707677841187,0.42871707677841187
7333,0.4284311830997467,0.4284311830997467,0.4284311830997467
7345,0.4276297390460968,0.4276297390460968,0.4276297390460968
7346,0.42748403549194336,0.42748403549194336,0.42748403549194336
7350,0.42680272459983826,0.42680272459983826,0.42680272459983826
7358,0.4250333607196808,0.4250333607196808,0.4250333607196808
7362,0.42489996552467346,0.42489996552467346,0.42489996552467346
7365,0.4250534772872925,0.4250534772872925,0.4250534772872925
7374,0.42613568902015686,0.42613568902015686,0.42613568902015686
7379,0.4274391233921051,0.4274391233921051,0.4274391233921051
7384,0.4288542568683624,0.4288542568683624,0.4288542568683624
7385,0.42907387018203735,0.42907387018203735,0.42907387018203735
7390,0.4315352439880371,0.4315352439880371,0.4315352439880371
7391,0.43150487542152405,0.43150487542152405,0.43150487542152405
7401,0.43681663274765015,0.43681663274765015,0.43681663274765015
7417,0.43744364380836487,0.43744364380836487,0.43744364380836487
7432,0.43575993180274963,0.43575993180274963,0.43575993180274963
7442,0.4350912570953369,0.4350912570953369,0.4350912570953369
7452,0.4337574541568756,0.4337574541568756,0.4337574541568756
7455,0.43321773409843445,0.43321773409843445,0.43321773409843445
7460,0.4329672157764435,0.4329672157764435,0.4329672157764435
7465,0.43237194418907166,0.43237194418907166,0.43237194418907166
7473,0.43604445457458496,0.43604445457458496,0.43604445457458496
7499,0.4474298655986786,0.4474298655986786,0.4474298655986786
7507,0.446521133184433,0.446521133184433,0.446521133184433
7510,0.4471675157546997,0.4471675157546997,0.4471675157546997
7513,0.4468114674091339,0.4468114674091339,0.4468114674091339
7515,0.4476500451564789,0.4476500451564789,0.4476500451564789
7521,0.4475981891155243,0.4475981891155243,0.4475981891155243
7524,0.4478852450847626,0.4478852450847626,0.4478852450847626
7539,0.45086413621902466,0.45086413621902466,0.45086413621902466
7540,0.45089370012283325,0.45089370012283325,0.45089370012283325
7548,0.45109012722969055,0.45109012722969055,0.45109012722969055
7559,0.45327356457710266,0.45327356457710266,0.45327356457710266
7560,0.45370373129844666,0.45370373129844666,0.45370373129844666
7567,0.4548605978488922,0.4548605978488922,0.4548605978488922
7568,0.4546036124229431,0.4546036124229431,0.4546036124229431
7575,0.4548850655555725,0.4548850655555725,0.4548850655555725
7576,0.45568323135375977,0.45568323135375977,0.45568323135375977
7579,0.45539459586143494,0.45539459586143494,0.45539459586143494
7588,0.4552112817764282,0.4552112817764282,0.4552112817764282
7592,0.45661380887031555,0.45661380887031555,0.45661380887031555
7601,0.45599523186683655,0.45599523186683655,0.45599523186683655
7607,0.4569883942604065,0.4569883942604065,0.4569883942604065
7609,0.45626315474510193,0.45626315474510193,0.45626315474510193
7614,0.456026554107666,0.456026554107666,0.456026554107666
7615,0.45602741837501526,0.45602741837501526,0.45602741837501526
7622,0.45671331882476807,0.45671331882476807,0.45671331882476807
7639,0.4579870402812958,0.4579870402812958,0.4579870402812958
7640,0.4579125940799713,0.4579125940799713,0.4579125940799713
7642,0.4570555090904236,0.4570555090904236,0.4570555090904236
7645,0.4559856653213501,0.4559856653213501,0.4559856653213501
7651,0.4558398127555847,0.4558398127555847,0.4558398127555847
7653,0.4560169279575348,0.4560169279575348,0.4560169279575348
7657,0.45570722222328186,0.45570722222328186,0.45570722222328186
7660,0.4557741582393646,0.4557741582393646,0.4557741582393646
7662,0.4560404121875763,0.4560404121875763,0.4560404121875763
7668,0.4558326005935669,0.4558326005935669,0.4558326005935669
7671,0.45556482672691345,0.45556482672691345,0.45556482672691345
7675,0.4555725157260895,0.4555725157260895,0.4555725157260895
7687,0.45486247539520264,0.45486247539520264,0.45486247539520264
7709,0.45290446281433105,0.45290446281433105,0.45290446281433105
7711,0.45239874720573425,0.45239874720573425,0.45239874720573425
7714,0.45299527049064636,0.45299527049064636,0.45299527049064636
7718,0.45336467027664185,0.45336467027664185,0.45336467027664185
7723,0.452263742685318,0.452263742685318,0.452263742685318
7732,0.4522198438644409,0.4522198438644409,0.4522198438644409
7740,0.450872004032135,0.450872004032135,0.450872004032135
7756,0.4503500163555145,0.4503500163555145,0.4503500163555145
7761,0.45061159133911133,0.45061159133911133,0.45061159133911133
7762,0.4504878520965576,0.4504878520965576,0.4504878520965576
7777,0.44960618019104004,0.44960618019104004,0.44960618019104004
7795,0.4495854079723358,0.4495854079723358,0.4495854079723358
7800,0.44839709997177124,0.44839709997177124,0.44839709997177124
7803,0.4475875198841095,0.4475875198841095,0.4475875198841095
7810,0.44808363914489746,0.44808363914489746,0.44808363914489746
7811,0.44772300124168396,0.44772300124168396,0.44772300124168396
7815,0.4475843012332916,0.4475843012332916,0.4475843012332916
7825,0.4462362229824066,0.4462362229824066,0.4462362229824066
7834,0.44545868039131165,0.44545868039131165,0.44545868039131165
7838,0.4440747797489166,0.4440747797489166,0.4440747797489166
7839,0.44385793805122375,0.44385793805122375,0.44385793805122375
7844,0.4425773024559021,0.4425773024559021,0.4425773024559021
7849,0.44213148951530457,0.44213148951530457,0.44213148951530457
7851,0.44195234775543213,0.44195234775543213,0.44195234775543213
7856,0.44180065393447876,0.44180065393447876,0.44180065393447876
7859,0.4424735903739929,0.4424735903739929,0.4424735903739929
7864,0.4413837492465973,0.4413837492465973,0.4413837492465973
7868,0.4428922235965729,0.4428922235965729,0.4428922235965729
7872,0.4429157078266144,0.4429157078266144,0.4429157078266144
7875,0.441861093044281,0.441861093044281,0.441861093044281
7884,0.4403815269470215,0.4403815269470215,0.4403815269470215
7886,0.439811646938324,0.439811646938324,0.439811646938324
7895,0.43792352080345154,0.43792352080345154,0.43792352080345154
7899,0.4381900727748871,0.4381900727748871,0.4381900727748871
7902,0.43795496225357056,0.43795496225357056,0.43795496225357056
7905,0.43745481967926025,0.43745481967926025,0.43745481967926025
7909,0.43613916635513306,0.43613916635513306,0.43613916635513306
7913,0.4370744526386261,0.4370744526386261,0.4370744526386261
7918,0.4370473027229309,0.4370473027229309,0.4370473027229309
7925,0.43536457419395447,0.43536457419395447,0.43536457419395447
7940,0.43319281935691833,0.43319281935691833,0.43319281935691833
7942,0.43275749683380127,0.43275749683380127,0.43275749683380127
7946,0.43168190121650696,0.43168190121650696,0.43168190121650696
7954,0.4306827485561371,0.4306827485561371,0.4306827485561371
7955,0.4305265545845032,0.4305265545845032,0.4305265545845032
7963,0.4289112091064453,0.4289112091064453,0.4289112091064453
7968,0.4279651343822479,0.4279651343822479,0.4279651343822479
7973,0.42720168828964233,0.42720168828964233,0.42720168828964233
7974,0.4268193542957306,0.4268193542957306,0.4268193542957306
7993,0.424810528755188,0.424810528755188,0.424810528755188
7995,0.42461472749710083,0.42461472749710083,0.42461472749710083
8005,0.4233377277851105,0.4233377277851105,0.4233377277851105
8009,0.42237141728401184,0.42237141728401184,0.42237141728401184
8019,0.4207329750061035,0.4207329750061035,0.4207329750061035
8037,0.42017504572868347,0.42017504572868347,0.42017504572868347
8051,0.4206070899963379,0.4206070899963379,0.4206070899963379
8053,0.42037904262542725,0.42037904262542725,0.42037904262542725
8056,0.4208725690841675,0.4208725690841675,0.4208725690841675
8060,0.4210663139820099,0.4210663139820099,0.4210663139820099
8065,0.42055922746658325,0.42055922746658325,0.42055922746658325
8067,0.4209362268447876,0.4209362268447876,0.4209362268447876
8074,0.42176997661590576,0.42176997661590576,0.42176997661590576
8082,0.4215891361236572,0.4215891361236572,0.4215891361236572
8089,0.4267975687980652,0.4267975687980652,0.4267975687980652
8091,0.4291764199733734,0.4291764199733734,0.4291764199733734
8093,0.4310665726661682,0.4310665726661682,0.4310665726661682
8096,0.43207791447639465,0.43207791447639465,0.43207791447639465
8097,0.43271490931510925,0.43271490931510925,0.43271490931510925
8102,0.4321599006652832,0.4321599006652832,0.4321599006652832
8107,0.43211638927459717,0.43211638927459717,0.43211638927459717
8109,0.43194589018821716,0.43194589018821716,0.43194589018821716
8113,0.4317800998687744,0.4317800998687744,0.4317800998687744
8130,0.4296150207519531,0.4296150207519531,0.4296150207519531
8134,0.42940783500671387,0.42940783500671387,0.42940783500671387
8136,0.4299545884132385,0.4299545884132385,0.4299545884132385
8137,0.42993324995040894,0.42993324995040894,0.42993324995040894
8140,0.4301580488681793,0.4301580488681793,0.4301580488681793
8144,0.43093249201774597,0.43093249201774597,0.43093249201774597
8148,0.43075549602508545,0.43075549602508545,0.43075549602508545
8149,0.4303737282752991,0.4303737282752991,0.4303737282752991
8152,0.43026015162467957,0.43026015162467957,0.43026015162467957
8153,0.4302869141101837,0.4302869141101837,0.4302869141101837
8154,0.43049657344818115,0.43049657344818115,0.43049657344818115
8167,0.4327024817466736,0.4327024817466736,0.4327024817466736
8176,0.4387735426425934,0.4387735426425934,0.4387735426425934
8187,0.4470480680465698,0.4470480680465698,0.4470480680465698
8190,0.44839465618133545,0.44839465618133545,0.44839465618133545
8198,0.45203742384910583,0.45203742384910583,0.45203742384910583
8199,0.45229727029800415,0.45229727029800415,0.45229727029800415
8203,0.4534563720226288,0.4534563720226288,0.4534563720226288
8205,0.45355960726737976,0.45355960726737976,0.45355960726737976
8207,0.4532715678215027,0.4532715678215027,0.4532715678215027
8210,0.4544820785522461,0.4544820785522461,0.4544820785522461
8224,0.4584970772266388,0.4584970772266388,0.4584970772266388
8232,0.459922194480896,0.459922194480896,0.459922194480896
8236,0.45962047576904297,0.45962047576904297,0.45962047576904297
8241,0.4603891968727112,0.4603891968727112,0.4603891968727112
8260,0.46148619055747986,0.46148619055747986,0.46148619055747986
8261,0.46154487133026123,0.46154487133026123,0.46154487133026123
8267,0.46131229400634766,0.46131229400634766,0.46131229400634766
8270,0.4614606499671936,0.4614606499671936,0.4614606499671936
8271,0.46151429414749146,0.46151429414749146,0.46151429414749146
8272,0.46153998374938965,0.46153998374938965,0.46153998374938965
8283,0.4621158540248871,0.4621158540248871,0.4621158540248871
8285,0.4620268940925598,0.4620268940925598,0.4620268940925598
8288,0.46103572845458984,0.46103572845458984,0.46103572845458984
8290,0.4612298607826233,0.4612298607826233,0.4612298607826233
8295,0.4627809524536133,0.4627809524536133,0.4627809524536133
8308,0.46454378962516785,0.46454378962516785,0.46454378962516785
8312,0.4648451507091522,0.4648451507091522,0.4648451507091522
8319,0.463726669549942,0.463726669549942,0.463726669549942
8323,0.46443063020706177,0.46443063020706177,0.46443063020706177
8331,0.4654137194156647,0.4654137194156647,0.4654137194156647
8332,0.46511954069137573,0.46511954069137573,0.46511954069137573
8335,0.46570709347724915,0.46570709347724915,0.46570709347724915
8337,0.46619710326194763,0.46619710326194763,0.46619710326194763
8340,0.46607348322868347,0.46607348322868347,0.46607348322868347
8344,0.4653376042842865,0.4653376042842865,0.4653376042842865
8355,0.4669382572174072,0.4669382572174072,0.4669382572174072
8373,0.4680490791797638,0.4680490791797638,0.4680490791797638
8378,0.4688837230205536,0.4688837230205536,0.4688837230205536
8391,0.46636712551116943,0.46636712551116943,0.46636712551116943
8394,0.4657241106033325,0.4657241106033325,0.4657241106033325
8399,0.46473759412765503,0.46473759412765503,0.46473759412765503
8414,0.46776697039604187,0.46776697039604187,0.46776697039604187
8419,0.46736523509025574,0.46736523509025574,0.46736523509025574
8423,0.4681742489337921,0.4681742489337921,0.4681742489337921
8424,0.4679441452026367,0.4679441452026367,0.4679441452026367
8425,0.4679570198059082,0.4679570198059082,0.4679570198059082
8426,0.4679621160030365,0.4679621160030365,0.4679621160030365
8434,0.4663471281528473,0.4663471281528473,0.4663471281528473
8435,0.4660312533378601,0.4660312533378601,0.4660312533378601
8449,0.4649191200733185,0.4649191200733185,0.4649191200733185
8458,0.46369826793670654,0.46369826793670654,0.46369826793670654
8462,0.4629497528076172,0.4629497528076172,0.4629497528076172
8468,0.4622516632080078,0.4622516632080078,0.4622516632080078
8475,0.46178263425827026,0.46178263425827026,0.46178263425827026
8476,0.4615905284881592,0.4615905284881592,0.4615905284881592
8486,0.4601444900035858,0.4601444900035858,0.4601444900035858
8493,0.45923325419425964,0.45923325419425964,0.45923325419425964
8503,0.45786380767822266,0.45786380767822266,0.45786380767822266
8506,0.45716550946235657,0.45716550946235657,0.45716550946235657
8510,0.4563561677932739,0.4563561677932739,0.4563561677932739
8511,0.4562579393386841,0.4562579393386841,0.4562579393386841
8516,0.45578062534332275,0.45578062534332275,0.45578062534332275
8529,0.45283186435699463,0.45283186435699463,0.45283186435699463
8533,0.451763778924942,0.451763778924942,0.451763778924942
8545,0.44939103722572327,0.44939103722572327,0.44939103722572327
8548,0.44881629943847656,0.44881629943847656,0.44881629943847656
8552,0.44703689217567444,0.44703689217567444,0.44703689217567444
8570,0.44494861364364624,0.44494861364364624,0.44494861364364624
8580,0.44245731830596924,0.44245731830596924,0.44245731830596924
8585,0.4404763877391815,0.4404763877391815,0.4404763877391815
8590,0.43932223320007324,0.43932223320007324,0.43932223320007324
8591,0.4394160807132721,0.4394160807132721,0.4394160807132721
8592,0.439418226480484,0.439418226480484,0.439418226480484
8611,0.44115349650382996,0.44115349650382996,0.44115349650382996
8620,0.45009660720825195,0.45009660720825195,0.45009660720825195
8622,0.4502016305923462,0.4502016305923462,0.4502016305923462
8623,0.45034706592559814,0.45034706592559814,0.45034706592559814
8633,0.4523177742958069,0.4523177742958069,0.4523177742958069
8662,0.44833341240882874,0.44833341240882874,0.44833341240882874
8667,0.4477764964103699,0.4477764964103699,0.4477764964103699
8670,0.44727838039398193,0.44727838039398193,0.44727838039398193
8677,0.4482574164867401,0.4482574164867401,0.4482574164867401
8685,0.4497475326061249,0.4497475326061249,0.4497475326061249
8688,0.4503970146179199,0.4503970146179199,0.4503970146179199
8692,0.4507935047149658,0.4507935047149658,0.4507935047149658
8715,0.451349675655365,0.451349675655365,0.451349675655365
8723,0.45236971974372864,0.45236971974372864,0.45236971974372864
8724,0.45302659273147583,0.45302659273147583,0.45302659273147583
8725,0.45266905426979065,0.45266905426979065,0.45266905426979065
8728,0.45280522108078003,0.45280522108078003,0.45280522108078003
8737,0.449746310710907,0.449746310710907,0.449746310710907
8753,0.4476308524608612,0.4476308524608612,0.4476308524608612
8764,0.4472108483314514,0.4472108483314514,0.4472108483314514
8779,0.4473952651023865,0.4473952651023865,0.4473952651023865
8784,0.44595393538475037,0.44595393538475037,0.44595393538475037
8785,0.4462943971157074,0.4462943971157074,0.4462943971157074
8792,0.44642582535743713,0.44642582535743713,0.44642582535743713
8815,0.44536566734313965,0.44536566734313965,0.44536566734313965
8817,0.4450437128543854,0.4450437128543854,0.4450437128543854
8825,0.4468855559825897,0.4468855559825897,0.4468855559825897
8826,0.44698387384414673,0.44698387384414673,0.44698387384414673
8835,0.44719424843788147,0.44719424843788147,0.44719424843788147
8844,0.44690996408462524,0.44690996408462524,0.44690996408462524
8847,0.4464516043663025,0.4464516043663025,0.4464516043663025
8857,0.44667014479637146,0.44667014479637146,0.44667014479637146
8862,0.44577279686927795,0.44577279686927795,0.44577279686927795
8864,0.44573596119880676,0.44573596119880676,0.44573596119880676
8870,0.4444422423839569,0.4444422423839569,0.4444422423839569
8872,0.4444982409477234,0.4444982409477234,0.4444982409477234
8874,0.44350337982177734,0.44350337982177734,0.44350337982177734
8879,0.44360050559043884,0.44360050559043884,0.44360050559043884
8882,0.44440320134162903,0.44440320134162903,0.44440320134162903
8887,0.44566330313682556,0.44566330313682556,0.44566330313682556
8896,0.44625648856163025,0.44625648856163025,0.44625648856163025
8907,0.444451242685318,0.444451242685318,0.444451242685318
8917,0.443171888589859,0.443171888589859,0.443171888589859
8924,0.44429779052734375,0.44429779052734375,0.44429779052734375
8929,0.4435536861419678,0.4435536861419678,0.4435536861419678
8944,0.4415263533592224,0.4415263533592224,0.4415263533592224
8946,0.4417147934436798,0.4417147934436798,0.4417147934436798
8948,0.44191139936447144,0.44191139936447144,0.44191139936447144
8954,0.44016486406326294,0.44016486406326294,0.44016486406326294
8968,0.4394499659538269,0.4394499659538269,0.4394499659538269
8972,0.43981271982192993,0.43981271982192993,0.43981271982192993
8976,0.4390299320220947,0.4390299320220947,0.4390299320220947
8982,0.4387747347354889,0.4387747347354889,0.4387747347354889
8983,0.4386419355869293,0.4386419355869293,0.4386419355869293
8984,0.4386170506477356,0.4386170506477356,0.4386170506477356
8998,0.43746474385261536,0.43746474385261536,0.43746474385261536
9012,0.4376717805862427,0.4376717805862427,0.4376717805862427
9019,0.4378928542137146,0.4378928542137146,0.4378928542137146
9023,0.436633437871933,0.436633437871933,0.436633437871933
9026,0.4363461434841156,0.4363461434841156,0.4363461434841156
9028,0.4350021481513977,0.4350021481513977,0.4350021481513977
9031,0.4342518150806427,0.4342518150806427,0.4342518150806427
9032,0.43438443541526794,0.43438443541526794,0.43438443541526794
9055,0.43349045515060425,0.43349045515060425,0.43349045515060425
9060,0.4337823987007141,0.4337823987007141,0.4337823987007141
9062,0.433614581823349,0.433614581823349,0.433614581823349
9065,0.43382173776626587,0.43382173776626587,0.43382173776626587
9069,0.43439221382141113,0.43439221382141113,0.43439221382141113
9086,0.4338458180427551,0.4338458180427551,0.4338458180427551
9096,0.4337892532348633,0.4337892532348633,0.4337892532348633
9103,0.43233269453048706,0.43233269453048706,0.43233269453048706
9104,0.43219074606895447,0.43219074606895447,0.43219074606895447
9114,0.43074271082878113,0.43074271082878113,0.43074271082878113
9142,0.4255490005016327,0.4255490005016327,0.4255490005016327
9143,0.4254482090473175,0.4254482090473175,0.4254482090473175
9144,0.425240159034729,0.425240159034729,0.425240159034729
9156,0.423941969871521,0.423941969871521,0.423941969871521
9163,0.4218948781490326,0.4218948781490326,0.4218948781490326
9167,0.42174088954925537,0.42174088954925537,0.42174088954925537
9168,0.42126113176345825,0.42126113176345825,0.42126113176345825
9177,0.4205012321472168,0.4205012321472168,0.4205012321472168
9178,0.4206966757774353,0.4206966757774353,0.4206966757774353
9189,0.4207192361354828,0.4207192361354828,0.4207192361354828
9190,0.4205532968044281,0.4205532968044281,0.4205532968044281
9191,0.420521080493927,0.420521080493927,0.420521080493927
9194,0.4208419620990753,0.4208419620990753,0.4208419620990753
9198,0.421292781829834,0.421292781829834,0.421292781829834
9211,0.4212333559989929,0.4212333559989929,0.4212333559989929
9212,0.42084458470344543,0.42084458470344543,0.42084458470344543
9214,0.4210894703865051,0.4210894703865051,0.4210894703865051
9223,0.4221494197845459,0.4221494197845459,0.4221494197845459
9244,0.4223704934120178,0.4223704934120178,0.4223704934120178
9246,0.42241543531417847,0.42241543531417847,0.42241543531417847
9248,0.4222835600376129,0.4222835600376129,0.4222835600376129
9277,0.42743876576423645,0.42743876576423645,0.42743876576423645
9290,0.4399806559085846,0.4399806559085846,0.4399806559085846
9299,0.43900027871131897,0.43900027871131897,0.43900027871131897
9300,0.43888765573501587,0.43888765573501587,0.43888765573501587
9304,0.4387429356575012,0.4387429356575012,0.4387429356575012
9305,0.43838635087013245,0.43838635087013245,0.43838635087013245
9310,0.4373031258583069,0.4373031258583069,0.4373031258583069
9316,0.43782275915145874,0.43782275915145874,0.43782275915145874
9332,0.4458368122577667,0.4458368122577667,0.4458368122577667
9333,0.44533559679985046,0.44533559679985046,0.44533559679985046
9337,0.44565609097480774,0.44565609097480774,0.44565609097480774
9338,0.4453551173210144,0.4453551173210144,0.4453551173210144
9339,0.44504475593566895,0.44504475593566895,0.44504475593566895
9340,0.4444904327392578,0.4444904327392578,0.4444904327392578
9341,0.4446450173854828,0.4446450173854828,0.4446450173854828
9344,0.44666028022766113,0.44666028022766113,0.44666028022766113
9347,0.44756969809532166,0.44756969809532166,0.44756969809532166
9349,0.44823330640792847,0.44823330640792847,0.44823330640792847
9353,0.4491000175476074,0.4491000175476074,0.4491000175476074
9367,0.45102936029434204,0.45102936029434204,0.45102936029434204
9376,0.451221764087677,0.451221764087677,0.451221764087677
9380,0.45046576857566833,0.45046576857566833,0.45046576857566833
9382,0.4491950571537018,0.4491950571537018,0.4491950571537018
9391,0.44715994596481323,0.44715994596481323,0.44715994596481323
9395,0.44745320081710815,0.44745320081710815,0.44745320081710815
9398,0.44731825590133667,0.44731825590133667,0.44731825590133667
9400,0.4480675458908081,0.4480675458908081,0.4480675458908081
9401,0.448042631149292,0.448042631149292,0.448042631149292
9424,0.4443177878856659,0.4443177878856659,0.4443177878856659
9428,0.44467827677726746,0.44467827677726746,0.44467827677726746
9435,0.44440481066703796,0.44440481066703796,0.44440481066703796
9439,0.44420841336250305,0.44420841336250305,0.44420841336250305
9445,0.44454631209373474,0.44454631209373474,0.44454631209373474
9448,0.44294941425323486,0.44294941425323486,0.44294941425323486
9450,0.44266876578330994,0.44266876578330994,0.44266876578330994
9457,0.4410145878791809,0.4410145878791809,0.4410145878791809
9466,0.4414813220500946,0.4414813220500946,0.4414813220500946
9468,0.44184616208076477,0.44184616208076477,0.44184616208076477
9471,0.44149383902549744,0.44149383902549744,0.44149383902549744
9474,0.44268348813056946,0.44268348813056946,0.44268348813056946
9485,0.4416373372077942,0.4416373372077942,0.4416373372077942
9486,0.44146794080734253,0.44146794080734253,0.44146794080734253
9491,0.44019609689712524,0.44019609689712524,0.44019609689712524
9503,0.43689531087875366,0.43689531087875366,0.43689531087875366
9533,0.42987531423568726,0.42987531423568726,0.42987531423568726
9536,0.42978912591934204,0.42978912591934204,0.42978912591934204
9543,0.42761483788490295,0.42761483788490295,0.42761483788490295
9555,0.42541399598121643,0.42541399598121643,0.42541399598121643
9557,0.4252171814441681,0.4252171814441681,0.4252171814441681
9559,0.4247904121875763,0.4247904121875763,0.4247904121875763
9562,0.4244272708892822,0.4244272708892822,0.4244272708892822
9570,0.42162543535232544,0.42162543535232544,0.42162543535232544
9572,0.42125216126441956,0.42125216126441956,0.42125216126441956
9573,0.42109906673431396,0.42109906673431396,0.42109906673431396
9587,0.417529821395874,0.417529821395874,0.417529821395874
9590,0.4174143970012665,0.4174143970012665,0.4174143970012665
9606,0.415887713432312,0.415887713432312,0.415887713432312
9607,0.41584089398384094,0.41584089398384094,0.41584089398384094
9608,0.4156002402305603,0.4156002402305603,0.4156002402305603
9613,0.4154701232910156,0.4154701232910156,0.4154701232910156
9617,0.41523125767707825,0.41523125767707825,0.41523125767707825
9622,0.41592568159103394,0.41592568159103394,0.41592568159103394
9634,0.41522839665412903,0.41522839665412903,0.41522839665412903
9636,0.4149456024169922,0.4149456024169922,0.4149456024169922
9638,0.41476237773895264,0.41476237773895264,0.41476237773895264
9646,0.416364848613739,0.416364848613739,0.416364848613739
9649,0.41671910881996155,0.41671910881996155,0.41671910881996155
9650,0.4173695743083954,0.4173695743083954,0.4173695743083954
9662,0.42914843559265137,0.42914843559265137,0.42914843559265137
9663,0.4301339387893677,0.4301339387893677,0.4301339387893677
9669,0.43211013078689575,0.43211013078689575,0.43211013078689575
9678,0.43257811665534973,0.43257811665534973,0.43257811665534973
9682,0.4318104088306427,0.4318104088306427,0.4318104088306427
9685,0.4308774769306183,0.4308774769306183,0.4308774769306183
9689,0.43076080083847046,0.43076080083847046,0.43076080083847046
9695,0.43296220898628235,0.43296220898628235,0.43296220898628235
9697,0.43371662497520447,0.43371662497520447,0.43371662497520447
9706,0.43494677543640137,0.43494677543640137,0.43494677543640137
9712,0.43426308035850525,0.43426308035850525,0.43426308035850525
9714,0.4340326189994812,0.4340326189994812,0.4340326189994812
9741,0.42818623781204224,0.42818623781204224,0.42818623781204224
9744,0.42794084548950195,0.42794084548950195,0.42794084548950195
9752,0.42613863945007324,0.42613863945007324,0.42613863945007324
9753,0.42583268880844116,0.42583268880844116,0.42583268880844116
9755,0.4257623553276062,0.4257623553276062,0.4257623553276062
9761,0.425148069858551,0.425148069858551,0.425148069858551
9765,0.42499402165412903,0.42499402165412903,0.42499402165412903
9773,0.4295758605003357,0.4295758605003357,0.4295758605003357
9789,0.43277257680892944,0.43277257680892944,0.43277257680892944
9790,0.43335720896720886,0.43335720896720886,0.43335720896720886
9801,0.43328362703323364,0.43328362703323364,0.43328362703323364
9819,0.43351641297340393,0.43351641297340393,0.43351641297340393
9827,0.43506109714508057,0.43506109714508057,0.43506109714508057
9837,0.43530166149139404,0.43530166149139404,0.43530166149139404
9848,0.43385180830955505,0.43385180830955505,0.43385180830955505
9853,0.43186911940574646,0.43186911940574646,0.43186911940574646
9870,0.4279600977897644,0.4279600977897644,0.4279600977897644
9882,0.42535680532455444,0.42535680532455444,0.42535680532455444
9884,0.4244557321071625,0.4244557321071625,0.4244557321071625
9885,0.4243767559528351,0.4243767559528351,0.4243767559528351
9901,0.4234302043914795,0.4234302043914795,0.4234302043914795
9902,0.4234137535095215,0.4234137535095215,0.4234137535095215
9904,0.4230610430240631,0.4230610430240631,0.4230610430240631
9906,0.4226854145526886,0.4226854145526886,0.4226854145526886
9907,0.42242053151130676,0.42242053151130676,0.42242053151130676
9910,0.4220784902572632,0.4220784902572632,0.4220784902572632
9919,0.4203178882598877,0.4203178882598877,0.4203178882598877
9920,0.4200182855129242,0.4200182855129242,0.4200182855129242
9934,0.41656050086021423,0.41656050086021423,0.41656050086021423
9942,0.41590896248817444,0.41590896248817444,0.41590896248817444
9955,0.419878214597702,0.419878214597702,0.419878214597702
9959,0.4210323691368103,0.4210323691368103,0.4210323691368103
9966,0.4234754145145416,0.4234754145145416,0.4234754145145416
9970,0.4234468936920166,0.4234468936920166,0.4234468936920166
9984,0.42095425724983215,0.42095425724983215,0.42095425724983215
9994,0.41889211535453796,0.41889211535453796,0.41889211535453796
10004,0.4190323054790497,0.4190323054790497,0.4190323054790497
10008,0.41863828897476196,0.41863828897476196,0.41863828897476196
10018,0.41990920901298523,0.41990920901298523,0.41990920901298523
10021,0.42088553309440613,0.42088553309440613,0.42088553309440613
10024,0.4191811978816986,0.4191811978816986,0.4191811978816986
10027,0.41847658157348633,0.41847658157348633,0.41847658157348633
10030,0.41814178228378296,0.41814178228378296,0.41814178228378296
10039,0.4192783534526825,0.4192783534526825,0.4192783534526825
10045,0.41886523365974426,0.41886523365974426,0.41886523365974426
10048,0.41902846097946167,0.41902846097946167,0.41902846097946167
10049,0.419105589389801,0.419105589389801,0.419105589389801
10054,0.4185599684715271,0.4185599684715271,0.4185599684715271
10068,0.41828179359436035,0.41828179359436035,0.41828179359436035
10070,0.41799992322921753,0.41799992322921753,0.41799992322921753
10072,0.41816824674606323,0.41816824674606323,0.41816824674606323
10073,0.41799846291542053,0.41799846291542053,0.41799846291542053
10076,0.41800716519355774,0.41800716519355774,0.41800716519355774
10078,0.41790273785591125,0.41790273785591125,0.41790273785591125
10085,0.4182244539260864,0.4182244539260864,0.4182244539260864
10087,0.41774052381515503,0.41774052381515503,0.41774052381515503
10088,0.4179953634738922,0.4179953634738922,0.4179953634738922
10090,0.4175652265548706,0.4175652265548706,0.4175652265548706
10092,0.4175003468990326,0.4175003468990326,0.4175003468990326
10098,0.41678786277770996,0.41678786277770996,0.41678786277770996
10105,0.4163800776004791,0.4163800776004791,0.4163800776004791
10106,0.4162273108959198,0.4162273108959198,0.4162273108959198
10107,0.4160434901714325,0.4160434901714325,0.4160434901714325
10113,0.4145152270793915,0.4145152270793915,0.4145152270793915
10130,0.41609859466552734,0.41609859466552734,0.41609859466552734
10141,0.4142794609069824,0.4142794609069824,0.4142794609069824
10143,0.41360026597976685,0.41360026597976685,0.41360026597976685
10153,0.4135066568851471,0.4135066568851471,0.4135066568851471
10154,0.41471603512763977,0.41471603512763977,0.41471603512763977
10157,0.41541650891304016,0.41541650891304016,0.41541650891304016
10159,0.4152795076370239,0.4152795076370239,0.4152795076370239
10160,0.4155213236808777,0.4155213236808777,0.4155213236808777
10164,0.4145289957523346,0.4145289957523346,0.4145289957523346
10167,0.41482770442962646,0.41482770442962646,0.41482770442962646
10171,0.41529399156570435,0.41529399156570435,0.41529399156570435
10185,0.41341257095336914,0.41341257095336914,0.41341257095336914
10201,0.4121428430080414,0.4121428430080414,0.4121428430080414
10207,0.41284629702568054,0.41284629702568054,0.41284629702568054
10210,0.4120836555957794,0.4120836555957794,0.4120836555957794
10213,0.41293931007385254,0.41293931007385254,0.41293931007385254
10229,0.41580626368522644,0.41580626368522644,0.41580626368522644
10233,0.4166623651981354,0.4166623651981354,0.4166623651981354
10235,0.41745173931121826,0.41745173931121826,0.41745173931121826
10238,0.4186491072177887,0.4186491072177887,0.4186491072177887
10248,0.41844436526298523,0.41844436526298523,0.41844436526298523
10249,0.41897886991500854,0.41897886991500854,0.41897886991500854
10259,0.4192614257335663,0.4192614257335663,0.4192614257335663
10265,0.42024916410446167,0.42024916410446167,0.42024916410446167
10269,0.4189853072166443,0.4189853072166443,0.4189853072166443
10270,0.41927868127822876,0.41927868127822876,0.41927868127822876
10281,0.4184589385986328,0.4184589385986328,0.4184589385986328
10286,0.4170420169830322,0.4170420169830322,0.4170420169830322
10290,0.41700154542922974,0.41700154542922974,0.41700154542922974
10291,0.41710537672042847,0.41710537672042847,0.41710537672042847
10296,0.4158807694911957,0.4158807694911957,0.4158807694911957
10301,0.41501080989837646,0.41501080989837646,0.41501080989837646
10304,0.41476738452911377,0.41476738452911377,0.41476738452911377
10318,0.4178946316242218,0.4178946316242218,0.4178946316242218
10320,0.4182320237159729,0.4182320237159729,0.4182320237159729
10326,0.4186512529850006,0.4186512529850006,0.4186512529850006
10330,0.4182475209236145,0.4182475209236145,0.4182475209236145
10331,0.41832196712493896,0.41832196712493896,0.41832196712493896
10333,0.41817009449005127,0.41817009449005127,0.41817009449005127
10335,0.417510986328125,0.417510986328125,0.417510986328125
10337,0.41748055815696716,0.41748055815696716,0.41748055815696716
10352,0.41605690121650696,0.41605690121650696,0.41605690121650696
10354,0.41619089245796204,0.41619089245796204,0.41619089245796204
10358,0.4154248833656311,0.4154248833656311,0.4154248833656311
10369,0.4176465570926666,0.4176465570926666,0.4176465570926666
10373,0.4181336760520935,0.4181336760520935,0.4181336760520935
10381,0.4180583953857422,0.4180583953857422,0.4180583953857422
10390,0.4184481203556061,0.4184481203556061,0.4184481203556061
10395,0.4187307059764862,0.4187307059764862,0.4187307059764862
10399,0.4186037480831146,0.4186037480831146,0.4186037480831146
10402,0.4185827970504761,0.4185827970504761,0.4185827970504761
10403,0.4183359742164612,0.4183359742164612,0.4183359742164612
10413,0.41834884881973267,0.41834884881973267,0.41834884881973267
10414,0.41814476251602173,0.41814476251602173,0.41814476251602173
10433,0.41965755820274353,0.41965755820274353,0.41965755820274353
10437,0.41943034529685974,0.41943034529685974,0.41943034529685974
10443,0.4208012819290161,0.4208012819290161,0.4208012819290161
10446,0.4210764467716217,0.4210764467716217,0.4210764467716217
10454,0.42198270559310913,0.42198270559310913,0.42198270559310913
10459,0.4223483204841614,0.4223483204841614,0.4223483204841614
10470,0.42101067304611206,0.42101067304611206,0.42101067304611206
10476,0.4201184809207916,0.4201184809207916,0.4201184809207916
10481,0.4202969968318939,0.4202969968318939,0.4202969968318939
10513,0.4235447943210602,0.4235447943210602,0.4235447943210602
10515,0.42324814200401306,0.42324814200401306,0.42324814200401306
10518,0.42311158776283264,0.42311158776283264,0.42311158776283264
10525,0.42487430572509766,0.42487430572509766,0.42487430572509766
10526,0.42465701699256897,0.42465701699256897,0.42465701699256897
10528,0.42403313517570496,0.42403313517570496,0.42403313517570496
10532,0.4240492284297943,0.4240492284297943,0.4240492284297943
10535,0.42395541071891785,0.42395541071891785,0.42395541071891785
10542,0.4252820312976837,0.4252820312976837,0.4252820312976837
10543,0.42526116967201233,0.42526116967201233,0.42526116967201233
10556,0.42354488372802734,0.42354488372802734,0.42354488372802734
10565,0.42251572012901306,0.42251572012901306,0.42251572012901306
10573,0.42305654287338257,0.42305654287338257,0.42305654287338257
10578,0.4219440817832947,0.4219440817832947,0.4219440817832947
10582,0.4225066900253296,0.4225066900253296,0.4225066900253296
10589,0.4233132600784302,0.4233132600784302,0.4233132600784302
10607,0.42352455854415894,0.42352455854415894,0.42352455854415894
10628,0.42213019728660583,0.42213019728660583,0.42213019728660583
10633,0.4225630760192871,0.4225630760192871,0.4225630760192871
10636,0.42283037304878235,0.42283037304878235,0.42283037304878235
10641,0.4234622120857239,0.4234622120857239,0.4234622120857239
10662,0.42486414313316345,0.42486414313316345,0.42486414313316345
10663,0.42502838373184204,0.42502838373184204,0.42502838373184204
10667,0.4247787296772003,0.4247787296772003,0.4247787296772003
10674,0.4233554005622864,0.4233554005622864,0.4233554005622864
10678,0.4242967963218689,0.4242967963218689,0.4242967963218689
10689,0.42341309785842896,0.42341309785842896,0.42341309785842896
10698,0.42262783646583557,0.42262783646583557,0.42262783646583557
10709,0.4233073592185974,0.4233073592185974,0.4233073592185974
10718,0.4237292408943176,0.4237292408943176,0.4237292408943176
10727,0.4233218729496002,0.4233218729496002,0.4233218729496002
10731,0.4239126443862915,0.4239126443862915,0.4239126443862915
10733,0.42413201928138733,0.42413201928138733,0.42413201928138733
10740,0.4245530664920807,0.4245530664920807,0.4245530664920807
10744,0.42463696002960205,0.42463696002960205,0.42463696002960205
10752,0.4250117838382721,0.4250117838382721,0.4250117838382721
10755,0.4251311719417572,0.4251311719417572,0.4251311719417572
10758,0.42536547780036926,0.42536547780036926,0.42536547780036926
10759,0.4255344569683075,0.4255344569683075,0.4255344569683075
10764,0.4264703691005707,0.4264703691005707,0.4264703691005707
10765,0.42670929431915283,0.42670929431915283,0.42670929431915283
10771,0.42566415667533875,0.42566415667533875,0.42566415667533875
10774,0.42508047819137573,0.42508047819137573,0.42508047819137573
10778,0.4246782660484314,0.4246782660484314,0.4246782660484314
10780,0.42445865273475647,0.42445865273475647,0.42445865273475647
10786,0.42406851053237915,0.42406851053237915,0.42406851053237915
10808,0.42185133695602417,0.42185133695602417,0.42185133695602417
10813,0.4224972724914551,0.4224972724914551,0.4224972724914551
10814,0.42265254259109497,0.42265254259109497,0.42265254259109497
10815,0.422802209854126,0.422802209854126,0.422802209854126
10824,0.423293799161911,0.423293799161911,0.423293799161911
10825,0.4229597747325897,0.4229597747325897,0.4229597747325897
10828,0.4223819077014923,0.4223819077014923,0.4223819077014923
10829,0.42219340801239014,0.42219340801239014,0.42219340801239014
10834,0.42253315448760986,0.42253315448760986,0.42253315448760986
10843,0.4217696785926819,0.4217696785926819,0.4217696785926819
10848,0.42215242981910706,0.42215242981910706,0.42215242981910706
10865,0.42281463742256165,0.42281463742256165,0.42281463742256165
10875,0.4247189164161682,0.4247189164161682,0.4247189164161682
10878,0.4247113764286041,0.4247113764286041,0.4247113764286041
10882,0.42653533816337585,0.42653533816337585,0.42653533816337585
10887,0.4284520149230957,0.4284520149230957,0.4284520149230957
10895,0.42810511589050293,0.42810511589050293,0.42810511589050293
10896,0.4279692471027374,0.4279692471027374,0.4279692471027374
10897,0.4275224208831787,0.4275224208831787,0.4275224208831787
10916,0.4259259104728699,0.4259259104728699,0.4259259104728699
10917,0.42591404914855957,0.42591404914855957,0.42591404914855957
10921,0.4250016510486603,0.4250016510486603,0.4250016510486603
10929,0.4255971908569336,0.4255971908569336,0.4255971908569336
10932,0.4266393482685089,0.4266393482685089,0.4266393482685089
10942,0.42627209424972534,0.42627209424972534,0.42627209424972534
10950,0.42537909746170044,0.42537909746170044,0.42537909746170044
10955,0.4247623085975647,0.4247623085975647,0.4247623085975647
10958,0.4248598515987396,0.4248598515987396,0.4248598515987396
10972,0.4253900647163391,0.4253900647163391,0.4253900647163391
10975,0.4249298572540283,0.4249298572540283,0.4249298572540283
10980,0.4254048466682434,0.4254048466682434,0.4254048466682434
10982,0.42530378699302673,0.42530378699302673,0.42530378699302673
10984,0.42535674571990967,0.42535674571990967,0.42535674571990967
10985,0.4257267117500305,0.4257267117500305,0.4257267117500305
10992,0.42399588227272034,0.42399588227272034,0.42399588227272034
11004,0.4250432252883911,0.4250432252883911,0.4250432252883911
11009,0.4240451753139496,0.4240451753139496,0.4240451753139496
11013,0.4236716628074646,0.4236716628074646,0.4236716628074646
11014,0.4233981668949127,0.4233981668949127,0.4233981668949127
11015,0.4234105348587036,0.4234105348587036,0.4234105348587036
11016,0.42358556389808655,0.42358556389808655,0.42358556389808655
11019,0.4236067533493042,0.4236067533493042,0.4236067533493042
11031,0.4248008728027344,0.4248008728027344,0.4248008728027344
11036,0.4251953959465027,0.4251953959465027,0.4251953959465027
11039,0.4245452284812927,0.4245452284812927,0.4245452284812927
11040,0.42438292503356934,0.42438292503356934,0.42438292503356934
11051,0.42520129680633545,0.42520129680633545,0.42520129680633545
11053,0.42550140619277954,0.42550140619277954,0.42550140619277954
11058,0.4264619052410126,0.4264619052410126,0.4264619052410126
11067,0.42714235186576843,0.42714235186576843,0.42714235186576843
11072,0.42494311928749084,0.42494311928749084,0.42494311928749084
11075,0.4250684678554535,0.4250684678554535,0.4250684678554535
11088,0.42413973808288574,0.42413973808288574,0.42413973808288574
11089,0.42421847581863403,0.42421847581863403,0.42421847581863403
11091,0.4244655668735504,0.4244655668735504,0.4244655668735504
11094,0.42407989501953125,0.42407989501953125,0.42407989501953125
11101,0.4241311550140381,0.4241311550140381,0.4241311550140381
11115,0.4224022924900055,0.4224022924900055,0.4224022924900055
11118,0.4222988784313202,0.4222988784313202,0.4222988784313202
11124,0.4218403100967407,0.4218403100967407,0.4218403100967407
11127,0.42134565114974976,0.42134565114974976,0.42134565114974976
11134,0.4204564690589905,0.4204564690589905,0.4204564690589905
11147,0.41851332783699036,0.41851332783699036,0.41851332783699036
11161,0.4161659777164459,0.4161659777164459,0.4161659777164459
11162,0.4162505865097046,0.4162505865097046,0.4162505865097046
11165,0.416178435087204,0.416178435087204,0.416178435087204
11176,0.41545021533966064,0.41545021533966064,0.41545021533966064
11179,0.41512638330459595,0.41512638330459595,0.41512638330459595
11180,0.4148409962654114,0.4148409962654114,0.4148409962654114
11183,0.41361114382743835,0.41361114382743835,0.41361114382743835
11195,0.41171133518218994,0.41171133518218994,0.41171133518218994
11197,0.4118615984916687,0.4118615984916687,0.4118615984916687
11204,0.41128894686698914,0.41128894686698914,0.41128894686698914
11215,0.41094478964805603,0.41094478964805603,0.41094478964805603
11216,0.41107845306396484,0.41107845306396484,0.41107845306396484
11217,0.41129058599472046,0.41129058599472046,0.41129058599472046
11219,0.4115036427974701,0.4115036427974701,0.4115036427974701
11230,0.4113509953022003,0.4113509953022003,0.4113509953022003
11232,0.41094711422920227,0.41094711422920227,0.41094711422920227
11233,0.41092127561569214,0.41092127561569214,0.41092127561569214
11235,0.41024965047836304,0.41024965047836304,0.41024965047836304
11258,0.40995389223098755,0.40995389223098755,0.40995389223098755
11259,0.4098365306854248,0.4098365306854248,0.4098365306854248
11263,0.40978172421455383,0.40978172421455383,0.40978172421455383
11269,0.40950700640678406,0.40950700640678406,0.40950700640678406
11273,0.40908750891685486,0.40908750891685486,0.40908750891685486
11278,0.4096827507019043,0.4096827507019043,0.4096827507019043
11293,0.41187506914138794,0.41187506914138794,0.41187506914138794
11296,0.41654133796691895,0.41654133796691895,0.41654133796691895
11301,0.4231843948364258,0.4231843948364258,0.4231843948364258
11306,0.42645347118377686,0.42645347118377686,0.42645347118377686
11310,0.42989587783813477,0.42989587783813477,0.42989587783813477
11316,0.43265190720558167,0.43265190720558167,0.43265190720558167
11328,0.43805795907974243,0.43805795907974243,0.43805795907974243
11329,0.43820059299468994,0.43820059299468994,0.43820059299468994
11330,0.4383774995803833,0.4383774995803833,0.4383774995803833
11340,0.44098007678985596,0.44098007678985596,0.44098007678985596
11346,0.43970760703086853,0.43970760703086853,0.43970760703086853
11348,0.43917548656463623,0.43917548656463623,0.43917548656463623
11350,0.4382288157939911,0.4382288157939911,0.4382288157939911
11354,0.4365844428539276,0.4365844428539276,0.4365844428539276
11355,0.43602195382118225,0.43602195382118225,0.43602195382118225
11359,0.4345652163028717,0.4345652163028717,0.4345652163028717
11364,0.43370476365089417,0.43370476365089417,0.43370476365089417
11365,0.43378210067749023,0.43378210067749023,0.43378210067749023
11366,0.4337567389011383,0.4337567389011383,0.4337567389011383
11368,0.43376633524894714,0.43376633524894714,0.43376633524894714
11374,0.4329298138618469,0.4329298138618469,0.4329298138618469
11385,0.4298844039440155,0.4298844039440155,0.4298844039440155
11392,0.4314420521259308,0.4314420521259308,0.4314420521259308
11397,0.43226784467697144,0.43226784467697144,0.43226784467697144
11406,0.4304838478565216,0.4304838478565216,0.4304838478565216
11410,0.43057557940483093,0.43057557940483093,0.43057557940483093
11413,0.43058693408966064,0.43058693408966064,0.43058693408966064
11414,0.4299582839012146,0.4299582839012146,0.4299582839012146
11416,0.42976638674736023,0.42976638674736023,0.42976638674736023
11431,0.4288075268268585,0.4288075268268585,0.4288075268268585
11437,0.4300498068332672,0.4300498068332672,0.4300498068332672
11443,0.4294014871120453,0.4294014871120453,0.4294014871120453
11444,0.4289264380931854,0.4289264380931854,0.4289264380931854
11459,0.42796650528907776,0.42796650528907776,0.42796650528907776
11460,0.42806991934776306,0.42806991934776306,0.42806991934776306
11462,0.4277206361293793,0.4277206361293793,0.4277206361293793
11463,0.42780375480651855,0.42780375480651855,0.42780375480651855
11466,0.42772984504699707,0.42772984504699707,0.42772984504699707
11469,0.4283359944820404,0.4283359944820404,0.4283359944820404
11471,0.42793360352516174,0.42793360352516174,0.42793360352516174
11477,0.4276074171066284,0.4276074171066284,0.4276074171066284
11486,0.4253384470939636,0.4253384470939636,0.4253384470939636
11513,0.42147910594940186,0.42147910594940186,0.42147910594940186
11519,0.4210650622844696,0.4210650622844696,0.4210650622844696
11530,0.41996878385543823,0.41996878385543823,0.41996878385543823
11532,0.4198419749736786,0.4198419749736786,0.4198419749736786
11543,0.4195668399333954,0.4195668399333954,0.4195668399333954
11544,0.4194352626800537,0.4194352626800537,0.4194352626800537
11551,0.41961705684661865,0.41961705684661865,0.41961705684661865
11552,0.4196301996707916,0.4196301996707916,0.4196301996707916
11557,0.4182686507701874,0.4182686507701874,0.4182686507701874
11560,0.4182490110397339,0.4182490110397339,0.4182490110397339
11565,0.41965991258621216,0.41965991258621216,0.41965991258621216
11568,0.419354110956192,0.419354110956192,0.419354110956192
11570,0.418843537569046,0.418843537569046,0.418843537569046
11584,0.4183398485183716,0.4183398485183716,0.4183398485183716
11587,0.41827502846717834,0.41827502846717834,0.41827502846717834
11588,0.4185096025466919,0.4185096025466919,0.4185096025466919
11591,0.4186784029006958,0.4186784029006958,0.4186784029006958
11594,0.41880637407302856,0.41880637407302856,0.41880637407302856
11595,0.4183270037174225,0.4183270037174225,0.4183270037174225
11606,0.4202624559402466,0.4202624559402466,0.4202624559402466
11607,0.42016902565956116,0.42016902565956116,0.42016902565956116
11608,0.4203021228313446,0.4203021228313446,0.4203021228313446
11616,0.42106279730796814,0.42106279730796814,0.42106279730796814
11617,0.4208418130874634,0.4208418130874634,0.4208418130874634
11620,0.41936543583869934,0.41936543583869934,0.41936543583869934
11624,0.41931623220443726,0.41931623220443726,0.41931623220443726
11626,0.41928714513778687,0.41928714513778687,0.41928714513778687
11630,0.4199259281158447,0.4199259281158447,0.4199259281158447
11633,0.42014116048812866,0.42014116048812866,0.42014116048812866
11635,0.419670969247818,0.419670969247818,0.419670969247818
11639,0.41972294449806213,0.41972294449806213,0.41972294449806213
11642,0.419607013463974,0.419607013463974,0.419607013463974
11648,0.4191000461578369,0.4191000461578369,0.4191000461578369
11652,0.4185968339443207,0.4185968339443207,0.4185968339443207
11657,0.4187656342983246,0.4187656342983246,0.4187656342983246
11660,0.4193532466888428,0.4193532466888428,0.4193532466888428
11662,0.4192042648792267,0.4192042648792267,0.4192042648792267
11667,0.4203876852989197,0.4203876852989197,0.4203876852989197
11670,0.4208960235118866,0.4208960235118866,0.4208960235118866
11673,0.42085137963294983,0.42085137963294983,0.42085137963294983
11676,0.4206903278827667,0.4206903278827667,0.4206903278827667
11706,0.42266833782196045,0.42266833782196045,0.42266833782196045
11713,0.42367708683013916,0.42367708683013916,0.42367708683013916
11718,0.4232288897037506,0.4232288897037506,0.4232288897037506
11722,0.42302602529525757,0.42302602529525757,0.42302602529525757
11728,0.4234614074230194,0.4234614074230194,0.4234614074230194
11733,0.4225330352783203,0.4225330352783203,0.4225330352783203
11743,0.422873854637146,0.422873854637146,0.422873854637146
11745,0.4228765666484833,0.4228765666484833,0.4228765666484833
11748,0.42310240864753723,0.42310240864753723,0.42310240864753723
11754,0.42315950989723206,0.42315950989723206,0.42315950989723206
11757,0.42279142141342163,0.42279142141342163,0.42279142141342163
11783,0.42247745394706726,0.42247745394706726,0.42247745394706726
11790,0.4216451346874237,0.4216451346874237,0.4216451346874237
11795,0.4210217297077179,0.4210217297077179,0.4210217297077179
11798,0.42080259323120117,0.42080259323120117,0.42080259323120117
11800,0.4208967983722687,0.4208967983722687,0.4208967983722687
11801,0.4205809533596039,0.4205809533596039,0.4205809533596039
11810,0.4210400879383087,0.4210400879383087,0.4210400879383087
11814,0.42078423500061035,0.42078423500061035,0.42078423500061035
11816,0.4207077920436859,0.4207077920436859,0.4207077920436859
11817,0.4206639528274536,0.4206639528274536,0.4206639528274536
11839,0.4196840226650238,0.4196840226650238,0.4196840226650238
11863,0.42093995213508606,0.42093995213508606,0.42093995213508606
11864,0.42074066400527954,0.42074066400527954,0.42074066400527954
11869,0.41974297165870667,0.41974297165870667,0.41974297165870667
11875,0.4180784821510315,0.4180784821510315,0.4180784821510315
11877,0.41738295555114746,0.41738295555114746,0.41738295555114746
11880,0.4169328808784485,0.4169328808784485,0.4169328808784485
11890,0.4159364700317383,0.4159364700317383,0.4159364700317383
11891,0.4159580171108246,0.4159580171108246,0.4159580171108246
11906,0.41379350423812866,0.41379350423812866,0.41379350423812866
11920,0.41206464171409607,0.41206464171409607,0.41206464171409607
11934,0.4087681770324707,0.4087681770324707,0.4087681770324707
11939,0.4082922637462616,0.4082922637462616,0.4082922637462616
11940,0.4084388315677643,0.4084388315677643,0.4084388315677643
11951,0.40699782967567444,0.40699782967567444,0.40699782967567444
11953,0.40675026178359985,0.40675026178359985,0.40675026178359985
11954,0.4065402150154114,0.4065402150154114,0.4065402150154114
11956,0.406446635723114,0.406446635723114,0.406446635723114
11969,0.40424323081970215,0.40424323081970215,0.40424323081970215
11983,0.4037624001502991,0.4037624001502991,0.4037624001502991
11986,0.4027988612651825,0.4027988612651825,0.4027988612651825
11989,0.40238356590270996,0.40238356590270996,0.40238356590270996
11990,0.4020616412162781,0.4020616412162781,0.4020616412162781
11991,0.40190011262893677,0.40190011262893677,0.40190011262893677
11992,0.40157508850097656,0.40157508850097656,0.40157508850097656
11993,0.40131568908691406,0.40131568908691406,0.40131568908691406
11997,0.40104910731315613,0.40104910731315613,0.40104910731315613
12018,0.40344661474227905,0.40344661474227905,0.40344661474227905
12019,0.4033840000629425,0.4033840000629425,0.4033840000629425
12025,0.4031732678413391,0.4031732678413391,0.4031732678413391
12039,0.4058400094509125,0.4058400094509125,0.4058400094509125
12047,0.41188642382621765,0.41188642382621765,0.41188642382621765
12049,0.41348499059677124,0.41348499059677124,0.41348499059677124
12057,0.4149623513221741,0.4149623513221741,0.4149623513221741
12059,0.41455116868019104,0.41455116868019104,0.41455116868019104
12065,0.4159686267375946,0.4159686267375946,0.4159686267375946
12070,0.41645488142967224,0.41645488142967224,0.41645488142967224
12079,0.41629862785339355,0.41629862785339355,0.41629862785339355
12085,0.415009081363678,0.415009081363678,0.415009081363678
12086,0.41479286551475525,0.41479286551475525,0.41479286551475525
12096,0.41391322016716003,0.41391322016716003,0.41391322016716003
12102,0.4135948717594147,0.4135948717594147,0.4135948717594147
12112,0.41534167528152466,0.41534167528152466,0.41534167528152466
12115,0.4148341417312622,0.4148341417312622,0.4148341417312622
12120,0.4135068356990814,0.4135068356990814,0.4135068356990814
12124,0.41296935081481934,0.41296935081481934,0.41296935081481934
12132,0.41157710552215576,0.41157710552215576,0.41157710552215576
12140,0.4098418951034546,0.4098418951034546,0.4098418951034546
12141,0.4096377491950989,0.4096377491950989,0.4096377491950989
12144,0.40938347578048706,0.40938347578048706,0.40938347578048706
12145,0.4092631936073303,0.4092631936073303,0.4092631936073303
12152,0.4073362648487091,0.4073362648487091,0.4073362648487091
12157,0.4068574607372284,0.4068574607372284,0.4068574607372284
12161,0.4058583676815033,0.4058583676815033,0.4058583676815033
12171,0.403234601020813,0.403234601020813,0.403234601020813
12172,0.40295612812042236,0.40295612812042236,0.40295612812042236
12173,0.4029819667339325,0.4029819667339325,0.4029819667339325
12177,0.4023473858833313,0.4023473858833313,0.4023473858833313
12187,0.40143677592277527,0.40143677592277527,0.40143677592277527
12189,0.4013426899909973,0.4013426899909973,0.4013426899909973
12190,0.401349276304245,0.401349276304245,0.401349276304245
12197,0.4010806977748871,0.4010806977748871,0.4010806977748871
12215,0.40705767273902893,0.40705767273902893,0.40705767273902893
12239,0.4172137379646301,0.4172137379646301,0.4172137379646301
12240,0.4171512722969055,0.4171512722969055,0.4171512722969055
12241,0.4170878231525421,0.4170878231525421,0.4170878231525421
12243,0.4165921211242676,0.4165921211242676,0.4165921211242676
12257,0.41349315643310547,0.41349315643310547,0.41349315643310547
12275,0.4133512079715729,0.4133512079715729,0.4133512079715729
12277,0.4132155179977417,0.4132155179977417,0.4132155179977417
12279,0.41317984461784363,0.41317984461784363,0.41317984461784363
12293,0.41153374314308167,0.41153374314308167,0.41153374314308167
12295,0.41166919469833374,0.41166919469833374,0.41166919469833374
12297,0.4115265905857086,0.4115265905857086,0.4115265905857086
12305,0.4107179045677185,0.4107179045677185,0.4107179045677185
12312,0.40941107273101807,0.40941107273101807,0.40941107273101807
12313,0.40941178798675537,0.40941178798675537,0.40941178798675537
12317,0.4088207483291626,0.4088207483291626,0.4088207483291626
12319,0.40785107016563416,0.40785107016563416,0.40785107016563416
12329,0.4071508049964905,0.4071508049964905,0.4071508049964905
12330,0.40676677227020264,0.40676677227020264,0.40676677227020264
12331,0.40651455521583557,0.40651455521583557,0.40651455521583557
12337,0.4061281085014343,0.4061281085014343,0.4061281085014343
12342,0.4051894545555115,0.4051894545555115,0.4051894545555115
12345,0.40529221296310425,0.40529221296310425,0.40529221296310425
12346,0.40542805194854736,0.40542805194854736,0.40542805194854736
12349,0.4065721333026886,0.4065721333026886,0.4065721333026886
12353,0.41159871220588684,0.41159871220588684,0.41159871220588684
12367,0.4193420708179474,0.4193420708179474,0.4193420708179474
12373,0.421417236328125,0.421417236328125,0.421417236328125
12378,0.42209765315055847,0.42209765315055847,0.42209765315055847
12380,0.4222705662250519,0.4222705662250519,0.4222705662250519
12389,0.4224711060523987,0.4224711060523987,0.4224711060523987
12397,0.42448821663856506,0.42448821663856506,0.42448821663856506
12411,0.424370139837265,0.424370139837265,0.424370139837265
12415,0.42416131496429443,0.42416131496429443,0.42416131496429443
12435,0.42260733246803284,0.42260733246803284,0.42260733246803284
12437,0.4230034053325653,0.4230034053325653,0.4230034053325653
12453,0.42296820878982544,0.42296820878982544,0.42296820878982544
12466,0.4227776825428009,0.4227776825428009,0.4227776825428009
12472,0.423678994178772,0.423678994178772,0.423678994178772
12477,0.4249918758869171,0.4249918758869171,0.4249918758869171
12479,0.42532414197921753,0.42532414197921753,0.42532414197921753
12498,0.42587095499038696,0.42587095499038696,0.42587095499038696
12499,0.4257812798023224,0.4257812798023224,0.4257812798023224
12502,0.4254626929759979,0.4254626929759979,0.4254626929759979
12503,0.42561256885528564,0.42561256885528564,0.42561256885528564
12512,0.42533573508262634,0.42533573508262634,0.42533573508262634
12514,0.4252917468547821,0.4252917468547821,0.4252917468547821
12524,0.4245902895927429,0.4245902895927429,0.4245902895927429
12526,0.42418819665908813,0.42418819665908813,0.42418819665908813
12527,0.4241325855255127,0.4241325855255127,0.4241325855255127
12533,0.42302677035331726,0.42302677035331726,0.42302677035331726
12535,0.42225632071495056,0.42225632071495056,0.42225632071495056
12547,0.419595867395401,0.419595867395401,0.419595867395401
12550,0.4187912940979004,0.4187912940979004,0.4187912940979004
12567,0.41532230377197266,0.41532230377197266,0.41532230377197266
12573,0.4141561686992645,0.4141561686992645,0.4141561686992645
12575,0.4139901101589203,0.4139901101589203,0.4139901101589203
12587,0.4122419059276581,0.4122419059276581,0.4122419059276581
12599,0.416029691696167,0.416029691696167,0.416029691696167
12602,0.41588425636291504,0.41588425636291504,0.41588425636291504
12609,0.4163428246974945,0.4163428246974945,0.4163428246974945
12617,0.4158409833908081,0.4158409833908081,0.4158409833908081
12631,0.4160500168800354,0.4160500168800354,0.4160500168800354
12633,0.4164292812347412,0.4164292812347412,0.4164292812347412
12639,0.41615456342697144,0.41615456342697144,0.41615456342697144
12642,0.41585081815719604,0.41585081815719604,0.41585081815719604
12643,0.4157522916793823,0.4157522916793823,0.4157522916793823
12644,0.4163631796836853,0.4163631796836853,0.4163631796836853
12657,0.4168139398097992,0.4168139398097992,0.4168139398097992
12663,0.4153093695640564,0.4153093695640564,0.4153093695640564
12672,0.41584035754203796,0.41584035754203796,0.41584035754203796
12676,0.415901243686676,0.415901243686676,0.415901243686676
12708,0.4168589115142822,0.4168589115142822,0.4168589115142822
12713,0.41573286056518555,0.41573286056518555,0.41573286056518555
12714,0.41568368673324585,0.41568368673324585,0.41568368673324585
12723,0.4148693382740021,0.4148693382740021,0.4148693382740021
12725,0.41489964723587036,0.41489964723587036,0.41489964723587036
12731,0.41460466384887695,0.41460466384887695,0.41460466384887695
12732,0.414455771446228,0.414455771446228,0.414455771446228
12735,0.41366735100746155,0.41366735100746155,0.41366735100746155
12736,0.4133293032646179,0.4133293032646179,0.4133293032646179
12737,0.4130397140979767,0.4130397140979767,0.4130397140979767
12743,0.4142536520957947,0.4142536520957947,0.4142536520957947
12749,0.4153596758842468,0.4153596758842468,0.4153596758842468
12758,0.4150693416595459,0.4150693416595459,0.4150693416595459
12759,0.41500577330589294,0.41500577330589294,0.41500577330589294
12766,0.4161008596420288,0.4161008596420288,0.4161008596420288
12767,0.416158527135849,0.416158527135849,0.416158527135849
12772,0.4144934117794037,0.4144934117794037,0.4144934117794037
12773,0.41415250301361084,0.41415250301361084,0.41415250301361084
12778,0.41407495737075806,0.41407495737075806,0.41407495737075806
12790,0.41182440519332886,0.41182440519332886,0.41182440519332886
12807,0.41003549098968506,0.41003549098968506,0.41003549098968506
12809,0.4095049500465393,0.4095049500465393,0.4095049500465393
12815,0.4100823700428009,0.4100823700428009,0.4100823700428009
12816,0.41028666496276855,0.41028666496276855,0.41028666496276855
12820,0.41147926449775696,0.41147926449775696,0.41147926449775696
12826,0.4110765755176544,0.4110765755176544,0.4110765755176544
12829,0.4107653498649597,0.4107653498649597,0.4107653498649597
12833,0.41188135743141174,0.41188135743141174,0.41188135743141174
12834,0.4120112657546997,0.4120112657546997,0.4120112657546997
12842,0.4115307331085205,0.4115307331085205,0.4115307331085205
12850,0.4117070436477661,0.4117070436477661,0.4117070436477661
12851,0.4119151532649994,0.4119151532649994,0.4119151532649994
12858,0.413438618183136,0.413438618183136,0.413438618183136
12865,0.4142492115497589,0.4142492115497589,0.4142492115497589
12882,0.41271522641181946,0.41271522641181946,0.41271522641181946
12883,0.4127907454967499,0.4127907454967499,0.4127907454967499
12885,0.4135451018810272,0.4135451018810272,0.4135451018810272
12889,0.4142824113368988,0.4142824113368988,0.4142824113368988
12894,0.4140343964099884,0.4140343964099884,0.4140343964099884
12898,0.41394978761672974,0.41394978761672974,0.41394978761672974
12904,0.41487324237823486,0.41487324237823486,0.41487324237823486
12908,0.4142163097858429,0.4142163097858429,0.4142163097858429
12924,0.4135201573371887,0.4135201573371887,0.4135201573371887
12930,0.4130607545375824,0.4130607545375824,0.4130607545375824
12931,0.41322875022888184,0.41322875022888184,0.41322875022888184
12932,0.4130432605743408,0.4130432605743408,0.4130432605743408
12935,0.4122826159000397,0.4122826159000397,0.4122826159000397
12942,0.4121483862400055,0.4121483862400055,0.4121483862400055
12957,0.41444161534309387,0.41444161534309387,0.41444161534309387
12960,0.4140932857990265,0.4140932857990265,0.4140932857990265
12966,0.41399264335632324,0.41399264335632324,0.41399264335632324
12971,0.41564783453941345,0.41564783453941345,0.41564783453941345
12972,0.4160866141319275,0.4160866141319275,0.4160866141319275
12973,0.41607755422592163,0.41607755422592163,0.41607755422592163
12976,0.4157457947731018,0.4157457947731018,0.4157457947731018
12982,0.4160965085029602,0.4160965085029602,0.4160965085029602
12998,0.4183518886566162,0.4183518886566162,0.4183518886566162
12999,0.418300598859787,0.418300598859787,0.418300598859787
13002,0.4189870357513428,0.4189870357513428,0.4189870357513428
13010,0.41923487186431885,0.41923487186431885,0.41923487186431885
13012,0.41946446895599365,0.41946446895599365,0.41946446895599365
13016,0.41904184222221375,0.41904184222221375,0.41904184222221375
13021,0.41885027289390564,0.41885027289390564,0.41885027289390564
13026,0.417595773935318,0.417595773935318,0.417595773935318
13035,0.4191611707210541,0.4191611707210541,0.4191611707210541
13036,0.41974857449531555,0.41974857449531555,0.41974857449531555
13039,0.4199857711791992,0.4199857711791992,0.4199857711791992
13040,0.41997161507606506,0.41997161507606506,0.41997161507606506
13043,0.4210129678249359,0.4210129678249359,0.4210129678249359
13047,0.42134377360343933,0.42134377360343933,0.42134377360343933
13057,0.42308858036994934,0.42308858036994934,0.42308858036994934
13062,0.4244087338447571,0.4244087338447571,0.4244087338447571
13066,0.424064040184021,0.424064040184021,0.424064040184021
13073,0.423719584941864,0.423719584941864,0.423719584941864
13082,0.4243464469909668,0.4243464469909668,0.4243464469909668
13091,0.42251747846603394,0.42251747846603394,0.42251747846603394
13098,0.42266130447387695,0.42266130447387695,0.42266130447387695
13101,0.4228445589542389,0.4228445589542389,0.4228445589542389
13105,0.42325592041015625,0.42325592041015625,0.42325592041015625
13110,0.4223942458629608,0.4223942458629608,0.4223942458629608
13112,0.42197105288505554,0.42197105288505554,0.42197105288505554
13114,0.42095229029655457,0.42095229029655457,0.42095229029655457
13116,0.42088645696640015,0.42088645696640015,0.42088645696640015
13130,0.4212726056575775,0.4212726056575775,0.4212726056575775
13137,0.42130088806152344,0.42130088806152344,0.42130088806152344
13139,0.42117592692375183,0.42117592692375183,0.42117592692375183
13143,0.4207029938697815,0.4207029938697815,0.4207029938697815
13150,0.4205639064311981,0.4205639064311981,0.4205639064311981
13159,0.41929835081100464,0.41929835081100464,0.41929835081100464
13173,0.4209526777267456,0.4209526777267456,0.4209526777267456
13175,0.42183923721313477,0.42183923721313477,0.42183923721313477
13177,0.42232608795166016,0.42232608795166016,0.42232608795166016
13183,0.4215933680534363,0.4215933680534363,0.4215933680534363
13186,0.42171451449394226,0.42171451449394226,0.42171451449394226
13191,0.42077550292015076,0.42077550292015076,0.42077550292015076
13199,0.42052221298217773,0.42052221298217773,0.42052221298217773
13205,0.4206327795982361,0.4206327795982361,0.4206327795982361
13209,0.41975003480911255,0.41975003480911255,0.41975003480911255
13210,0.4196579158306122,0.4196579158306122,0.4196579158306122
13223,0.4202333390712738,0.4202333390712738,0.4202333390712738
13233,0.4180702567100525,0.4180702567100525,0.4180702567100525
13237,0.4163931906223297,0.4163931906223297,0.4163931906223297
13238,0.41675716638565063,0.41675716638565063,0.41675716638565063
13239,0.41708171367645264,0.41708171367645264,0.41708171367645264
13254,0.41559940576553345,0.41559940576553345,0.41559940576553345
13259,0.4147748053073883,0.4147748053073883,0.4147748053073883
13268,0.41525042057037354,0.41525042057037354,0.41525042057037354
13279,0.4163004457950592,0.4163004457950592,0.4163004457950592
13290,0.41552191972732544,0.41552191972732544,0.41552191972732544
13296,0.4154978096485138,0.4154978096485138,0.4154978096485138
13300,0.4152074158191681,0.4152074158191681,0.4152074158191681
13304,0.41512030363082886,0.41512030363082886,0.41512030363082886
13305,0.41491666436195374,0.41491666436195374,0.41491666436195374
13308,0.41527867317199707,0.41527867317199707,0.41527867317199707
13310,0.4154171943664551,0.4154171943664551,0.4154171943664551
13311,0.41560041904449463,0.41560041904449463,0.41560041904449463
13312,0.41558897495269775,0.41558897495269775,0.41558897495269775
13319,0.41635721921920776,0.41635721921920776,0.41635721921920776
13322,0.416870653629303,0.416870653629303,0.416870653629303
13324,0.41679278016090393,0.41679278016090393,0.41679278016090393
13325,0.4168280065059662,0.4168280065059662,0.4168280065059662
13329,0.4171053171157837,0.4171053171157837,0.4171053171157837
13333,0.41809558868408203,0.41809558868408203,0.41809558868408203
13336,0.4180697500705719,0.4180697500705719,0.4180697500705719
13337,0.41794446110725403,0.41794446110725403,0.41794446110725403
13339,0.4176180064678192,0.4176180064678192,0.4176180064678192
13341,0.4169773757457733,0.4169773757457733,0.4169773757457733
13348,0.4161812663078308,0.4161812663078308,0.4161812663078308
13350,0.41586834192276,0.41586834192276,0.41586834192276
13353,0.4151574373245239,0.4151574373245239,0.4151574373245239
13355,0.4146413505077362,0.4146413505077362,0.4146413505077362
13358,0.41438448429107666,0.41438448429107666,0.41438448429107666
13376,0.41408687829971313,0.41408687829971313,0.41408687829971313
13382,0.4135298728942871,0.4135298728942871,0.4135298728942871
13389,0.41286808252334595,0.41286808252334595,0.41286808252334595
13394,0.412507563829422,0.412507563829422,0.412507563829422
13399,0.4120042324066162,0.4120042324066162,0.4120042324066162
13401,0.4120655953884125,0.4120655953884125,0.4120655953884125
13403,0.4119705855846405,0.4119705855846405,0.4119705855846405
13423,0.41450491547584534,0.41450491547584534,0.41450491547584534
13453,0.4157700538635254,0.4157700538635254,0.4157700538635254
13454,0.4156308174133301,0.4156308174133301,0.4156308174133301
13457,0.41544824838638306,0.41544824838638306,0.41544824838638306
13466,0.4148734509944916,0.4148734509944916,0.4148734509944916
13468,0.4150950312614441,0.4150950312614441,0.4150950312614441
13470,0.41507524251937866,0.41507524251937866,0.41507524251937866
13478,0.418118417263031,0.418118417263031,0.418118417263031
13489,0.42422717809677124,0.42422717809677124,0.42422717809677124
13494,0.4260315001010895,0.4260315001010895,0.4260315001010895
13497,0.42632490396499634,0.42632490396499634,0.42632490396499634
13499,0.42619094252586365,0.42619094252586365,0.42619094252586365
13501,0.4268312454223633,0.4268312454223633,0.4268312454223633
13514,0.4261951446533203,0.4261951446533203,0.4261951446533203
13515,0.4265390932559967,0.4265390932559967,0.4265390932559967
13519,0.4275621473789215,0.4275621473789215,0.4275621473789215
13520,0.4274134635925293,0.4274134635925293,0.4274134635925293
13523,0.4272819459438324,0.4272819459438324,0.4272819459438324
13533,0.4269064962863922,0.4269064962863922,0.4269064962863922
13543,0.4249178171157837,0.4249178171157837,0.4249178171157837
13547,0.4244708716869354,0.4244708716869354,0.4244708716869354
13548,0.4243033826351166,0.4243033826351166,0.4243033826351166
13554,0.424212783575058,0.424212783575058,0.424212783575058
13563,0.4231538772583008,0.4231538772583008,0.4231538772583008
13564,0.42303869128227234,0.42303869128227234,0.42303869128227234
13567,0.4226914346218109,0.4226914346218109,0.4226914346218109
13569,0.422262579202652,0.422262579202652,0.422262579202652
13570,0.4219394326210022,0.4219394326210022,0.4219394326210022
13587,0.4212581515312195,0.4212581515312195,0.4212581515312195
13591,0.4205496311187744,0.4205496311187744,0.4205496311187744
13594,0.4191690683364868,0.4191690683364868,0.4191690683364868
13597,0.41870248317718506,0.41870248317718506,0.41870248317718506
13598,0.4189305305480957,0.4189305305480957,0.4189305305480957
13604,0.41868898272514343,0.41868898272514343,0.41868898272514343
13605,0.41846764087677,0.41846764087677,0.41846764087677
13615,0.41747960448265076,0.41747960448265076,0.41747960448265076
13617,0.41737863421440125,0.41737863421440125,0.41737863421440125
13618,0.4170795679092407,0.4170795679092407,0.4170795679092407
13621,0.4175143539905548,0.4175143539905548,0.4175143539905548
13625,0.41633912920951843,0.41633912920951843,0.41633912920951843
13627,0.4162096679210663,0.4162096679210663,0.4162096679210663
13632,0.4161902368068695,0.4161902368068695,0.4161902368068695
13637,0.4153116047382355,0.4153116047382355,0.4153116047382355
13648,0.41604912281036377,0.41604912281036377,0.41604912281036377
13660,0.41715046763420105,0.41715046763420105,0.41715046763420105
13693,0.42350947856903076,0.42350947856903076,0.42350947856903076
13698,0.42401981353759766,0.42401981353759766,0.42401981353759766
13699,0.423611581325531,0.423611581325531,0.423611581325531
13709,0.42358464002609253,0.42358464002609253,0.42358464002609253
13727,0.42700931429862976,0.42700931429862976,0.42700931429862976
13728,0.42777711153030396,0.42777711153030396,0.42777711153030396
13743,0.4369824528694153,0.4369824528694153,0.4369824528694153
13749,0.4360133707523346,0.4360133707523346,0.4360133707523346
13768,0.4343377649784088,0.4343377649784088,0.4343377649784088
13776,0.4329564869403839,0.4329564869403839,0.4329564869403839
13783,0.43001505732536316,0.43001505732536316,0.43001505732536316
13801,0.42868584394454956,0.42868584394454956,0.42868584394454956
13803,0.4283711314201355,0.4283711314201355,0.4283711314201355
13813,0.42749205231666565,0.42749205231666565,0.42749205231666565
13817,0.4269830882549286,0.4269830882549286,0.4269830882549286
13822,0.4252835512161255,0.4252835512161255,0.4252835512161255
13843,0.4208422005176544,0.4208422005176544,0.4208422005176544
13845,0.42011648416519165,0.42011648416519165,0.42011648416519165
13846,0.41963526606559753,0.41963526606559753,0.41963526606559753
13849,0.41901451349258423,0.41901451349258423,0.41901451349258423
13850,0.41876834630966187,0.41876834630966187,0.41876834630966187
13854,0.41789859533309937,0.41789859533309937,0.41789859533309937
13862,0.4170452654361725,0.4170452654361725,0.4170452654361725
13867,0.41653013229370117,0.41653013229370117,0.41653013229370117
13882,0.4150724411010742,0.4150724411010742,0.4150724411010742
13888,0.4158746600151062,0.4158746600151062,0.4158746600151062
13891,0.4161717891693115,0.4161717891693115,0.4161717891693115
13901,0.42076417803764343,0.42076417803764343,0.42076417803764343
13909,0.42223650217056274,0.42223650217056274,0.42223650217056274
13933,0.4232831299304962,0.4232831299304962,0.4232831299304962
13948,0.42137977480888367,0.42137977480888367,0.42137977480888367
13949,0.421215683221817,0.421215683221817,0.421215683221817
13958,0.4198417365550995,0.4198417365550995,0.4198417365550995
13963,0.42107829451560974,0.42107829451560974,0.42107829451560974
13975,0.4252212643623352,0.4252212643623352,0.4252212643623352
13977,0.42574962973594666,0.42574962973594666,0.42574962973594666
13986,0.42586466670036316,0.42586466670036316,0.42586466670036316
13996,0.4281158149242401,0.4281158149242401,0.4281158149242401
14000,0.42694851756095886,0.42694851756095886,0.42694851756095886
14001,0.42706331610679626,0.42706331610679626,0.42706331610679626
14019,0.4229688346385956,0.4229688346385956,0.4229688346385956
14029,0.42062079906463623,0.42062079906463623,0.42062079906463623
14050,0.4192664325237274,0.4192664325237274,0.4192664325237274
14059,0.4166555404663086,0.4166555404663086,0.4166555404663086
14067,0.4163600206375122,0.4163600206375122,0.4163600206375122
14068,0.41666603088378906,0.41666603088378906,0.41666603088378906
14079,0.4189879894256592,0.4189879894256592,0.4189879894256592
14080,0.41943269968032837,0.41943269968032837,0.41943269968032837
14081,0.41979312896728516,0.41979312896728516,0.41979312896728516
14083,0.4190599322319031,0.4190599322319031,0.4190599322319031
14091,0.4209073781967163,0.4209073781967163,0.4209073781967163
14093,0.4219752252101898,0.4219752252101898,0.4219752252101898
14094,0.4224429130554199,0.4224429130554199,0.4224429130554199
14097,0.42370444536209106,0.42370444536209106,0.42370444536209106
14112,0.4249027371406555,0.4249027371406555,0.4249027371406555
14117,0.42422595620155334,0.42422595620155334,0.42422595620155334
14131,0.4205312132835388,0.4205312132835388,0.4205312132835388
14137,0.41918784379959106,0.41918784379959106,0.41918784379959106
14138,0.41866427659988403,0.41866427659988403,0.41866427659988403
14142,0.41738009452819824,0.41738009452819824,0.41738009452819824
14149,0.4172557294368744,0.4172557294368744,0.4172557294368744
14153,0.4160943925380707,0.4160943925380707,0.4160943925380707
14154,0.4157940447330475,0.4157940447330475,0.4157940447330475
14162,0.41478925943374634,0.41478925943374634,0.41478925943374634
14170,0.41369393467903137,0.41369393467903137,0.41369393467903137
14171,0.41359132528305054,0.41359132528305054,0.41359132528305054
14178,0.41319966316223145,0.41319966316223145,0.41319966316223145
14182,0.4129754900932312,0.4129754900932312,0.4129754900932312
14186,0.4121791124343872,0.4121791124343872,0.4121791124343872
14192,0.4125117063522339,0.4125117063522339,0.4125117063522339
14195,0.41192397475242615,0.41192397475242615,0.41192397475242615
14207,0.4104296565055847,0.4104296565055847,0.4104296565055847
14208,0.41012099385261536,0.41012099385261536,0.41012099385261536
14214,0.4099699556827545,0.4099699556827545,0.4099699556827545
14228,0.41885218024253845,0.41885218024253845,0.41885218024253845
14230,0.4189806282520294,0.4189806282520294,0.4189806282520294
14247,0.4226607084274292,0.4226607084274292,0.4226607084274292
14251,0.42416179180145264,0.42416179180145264,0.42416179180145264
14253,0.424580454826355,0.424580454826355,0.424580454826355
14254,0.4246215224266052,0.4246215224266052,0.4246215224266052
14256,0.42480528354644775,0.42480528354644775,0.42480528354644775
14276,0.4299541115760803,0.4299541115760803,0.4299541115760803
14279,0.4307388961315155,0.4307388961315155,0.4307388961315155
14281,0.4311530888080597,0.4311530888080597,0.4311530888080597
14282,0.43106314539909363,0.43106314539909363,0.43106314539909363
14292,0.4302375316619873,0.4302375316619873,0.4302375316619873
14298,0.43004533648490906,0.43004533648490906,0.43004533648490906
14299,0.42995965480804443,0.42995965480804443,0.42995965480804443
14307,0.4301234781742096,0.4301234781742096,0.4301234781742096
14319,0.4310479462146759,0.4310479462146759,0.4310479462146759
14322,0.4308660626411438,0.4308660626411438,0.4308660626411438
14337,0.43229618668556213,0.43229618668556213,0.43229618668556213
14338,0.4323366582393646,0.4323366582393646,0.4323366582393646
14344,0.43253448605537415,0.43253448605537415,0.43253448605537415
14345,0.43239477276802063,0.43239477276802063,0.43239477276802063
14349,0.43329286575317383,0.43329286575317383,0.43329286575317383
14359,0.4339698553085327,0.4339698553085327,0.4339698553085327
14367,0.4334782361984253,0.4334782361984253,0.4334782361984253
14378,0.4333544373512268,0.4333544373512268,0.4333544373512268
14380,0.4335307776927948,0.4335307776927948,0.4335307776927948
14383,0.43342697620391846,0.43342697620391846,0.43342697620391846
14390,0.43413349986076355,0.43413349986076355,0.43413349986076355
14392,0.4337054193019867,0.4337054193019867,0.4337054193019867
14419,0.4324387013912201,0.4324387013912201,0.4324387013912201
14423,0.4327954053878784,0.4327954053878784,0.4327954053878784
14437,0.4327360987663269,0.4327360987663269,0.4327360987663269
14440,0.43312013149261475,0.43312013149261475,0.43312013149261475
14443,0.4327472746372223,0.4327472746372223,0.4327472746372223
14449,0.4322051703929901,0.4322051703929901,0.4322051703929901
14452,0.431473046541214,0.431473046541214,0.431473046541214
14458,0.4310711622238159,0.4310711622238159,0.4310711622238159
14462,0.4311748147010803,0.4311748147010803,0.4311748147010803
14479,0.43102389574050903,0.43102389574050903,0.43102389574050903
14482,0.43076789379119873,0.43076789379119873,0.43076789379119873
14483,0.4308170676231384,0.4308170676231384,0.4308170676231384
14484,0.4310399889945984,0.4310399889945984,0.4310399889945984
14485,0.43107712268829346,0.43107712268829346,0.43107712268829346
14495,0.43113091588020325,0.43113091588020325,0.43113091588020325
14508,0.4301285147666931,0.4301285147666931,0.4301285147666931
14510,0.43000975251197815,0.43000975251197815,0.43000975251197815
14512,0.42933058738708496,0.42933058738708496,0.42933058738708496
14513,0.42923885583877563,0.42923885583877563,0.42923885583877563
14516,0.42883360385894775,0.42883360385894775,0.42883360385894775
14518,0.42846623063087463,0.42846623063087463,0.42846623063087463
14530,0.42621004581451416,0.42621004581451416,0.42621004581451416
14540,0.4248121976852417,0.4248121976852417,0.4248121976852417
14553,0.42502105236053467,0.42502105236053467,0.42502105236053467
14568,0.42657893896102905,0.42657893896102905,0.42657893896102905
14571,0.42592740058898926,0.42592740058898926,0.42592740058898926
14576,0.426056832075119,0.426056832075119,0.426056832075119
14590,0.42570704221725464,0.42570704221725464,0.42570704221725464
14594,0.42522498965263367,0.42522498965263367,0.42522498965263367
14611,0.4210786819458008,0.4210786819458008,0.4210786819458008
14612,0.42102476954460144,0.42102476954460144,0.42102476954460144
14613,0.4210852384567261,0.4210852384567261,0.4210852384567261
14627,0.417989581823349,0.417989581823349,0.417989581823349
14630,0.41816312074661255,0.41816312074661255,0.41816312074661255
14631,0.4179050326347351,0.4179050326347351,0.4179050326347351
14635,0.41687729954719543,0.41687729954719543,0.41687729954719543
14641,0.414686381816864,0.414686381816864,0.414686381816864
14647,0.4136454164981842,0.4136454164981842,0.4136454164981842
14653,0.4125528931617737,0.4125528931617737,0.4125528931617737
14654,0.4125770926475525,0.4125770926475525,0.4125770926475525
14656,0.41260775923728943,0.41260775923728943,0.41260775923728943
14664,0.4116414487361908,0.4116414487361908,0.4116414487361908
14666,0.4116380512714386,0.4116380512714386,0.4116380512714386
14668,0.4112580120563507,0.4112580120563507,0.4112580120563507
14672,0.4119635224342346,0.4119635224342346,0.4119635224342346
14673,0.41169485449790955,0.41169485449790955,0.41169485449790955
14678,0.41160812973976135,0.41160812973976135,0.41160812973976135
14688,0.4108952581882477,0.4108952581882477,0.4108952581882477
14690,0.4109537601470947,0.4109537601470947,0.4109537601470947
14693,0.4110594093799591,0.4110594093799591,0.4110594093799591
14698,0.4108526110649109,0.4108526110649109,0.4108526110649109
14709,0.41062161326408386,0.41062161326408386,0.41062161326408386
14711,0.4104059636592865,0.4104059636592865,0.4104059636592865
14716,0.4108530282974243,0.4108530282974243,0.4108530282974243
14718,0.41091156005859375,0.41091156005859375,0.41091156005859375
14719,0.41093775629997253,0.41093775629997253,0.41093775629997253
14724,0.4115089476108551,0.4115089476108551,0.4115089476108551
14725,0.41194412112236023,0.41194412112236023,0.41194412112236023
14734,0.41201820969581604,0.41201820969581604,0.41201820969581604
14737,0.41188573837280273,0.41188573837280273,0.41188573837280273
14738,0.4120826721191406,0.4120826721191406,0.4120826721191406
14747,0.41271528601646423,0.41271528601646423,0.41271528601646423
14748,0.41276171803474426,0.41276171803474426,0.41276171803474426
14750,0.41339191794395447,0.41339191794395447,0.41339191794395447
14754,0.41483768820762634,0.41483768820762634,0.41483768820762634
14757,0.4157469868659973,0.4157469868659973,0.4157469868659973
14758,0.41589832305908203,0.41589832305908203,0.41589832305908203
14763,0.42096537351608276,0.42096537351608276,0.42096537351608276
14772,0.4243006110191345,0.4243006110191345,0.4243006110191345
14779,0.42386114597320557,0.42386114597320557,0.42386114597320557
14783,0.42363646626472473,0.42363646626472473,0.42363646626472473
14785,0.42399299144744873,0.42399299144744873,0.42399299144744873
14788,0.4234357476234436,0.4234357476234436,0.4234357476234436
14793,0.42276763916015625,0.42276763916015625,0.42276763916015625
14799,0.4206455647945404,0.4206455647945404,0.4206455647945404
14801,0.4207644462585449,0.4207644462585449,0.4207644462585449
14805,0.4205714464187622,0.4205714464187622,0.4205714464187622
14806,0.4206205904483795,0.4206205904483795,0.4206205904483795
14826,0.42359769344329834,0.42359769344329834,0.42359769344329834
14831,0.4230313003063202,0.4230313003063202,0.4230313003063202
14850,0.42233166098594666,0.42233166098594666,0.42233166098594666
14862,0.4217810034751892,0.4217810034751892,0.4217810034751892
14870,0.42120981216430664,0.42120981216430664,0.42120981216430664
14875,0.4213773310184479,0.4213773310184479,0.4213773310184479
14877,0.4215549826622009,0.4215549826622009,0.4215549826622009
14879,0.42249560356140137,0.42249560356140137,0.42249560356140137
14885,0.42719128727912903,0.42719128727912903,0.42719128727912903
14889,0.42989078164100647,0.42989078164100647,0.42989078164100647
14895,0.429532527923584,0.429532527923584,0.429532527923584
14900,0.43364787101745605,0.43364787101745605,0.43364787101745605
14906,0.4346621036529541,0.4346621036529541,0.4346621036529541
14907,0.43452364206314087,0.43452364206314087,0.43452364206314087
14908,0.43439531326293945,0.43439531326293945,0.43439531326293945
14910,0.4344085454940796,0.4344085454940796,0.4344085454940796
14917,0.43297260999679565,0.43297260999679565,0.43297260999679565
14925,0.4328567683696747,0.4328567683696747,0.4328567683696747
14929,0.4334392845630646,0.4334392845630646,0.4334392845630646
14932,0.4341336488723755,0.4341336488723755,0.4341336488723755
14940,0.437107115983963,0.437107115983963,0.437107115983963
14956,0.4386407434940338,0.4386407434940338,0.4386407434940338
14960,0.43780213594436646,0.43780213594436646,0.43780213594436646
14968,0.43650299310684204,0.43650299310684204,0.43650299310684204
14978,0.43485116958618164,0.43485116958618164,0.43485116958618164
14981,0.43439316749572754,0.43439316749572754,0.43439316749572754
14983,0.4340011775493622,0.4340011775493622,0.4340011775493622
14989,0.43263959884643555,0.43263959884643555,0.43263959884643555
15004,0.4291648268699646,0.4291648268699646,0.4291648268699646
15012,0.42773672938346863,0.42773672938346863,0.42773672938346863
15014,0.42742183804512024,0.42742183804512024,0.42742183804512024
15017,0.42733654379844666,0.42733654379844666,0.42733654379844666
15021,0.4269861876964569,0.4269861876964569,0.4269861876964569
15033,0.4266246557235718,0.4266246557235718,0.4266246557235718
15034,0.42664018273353577,0.42664018273353577,0.42664018273353577
15042,0.427920401096344,0.427920401096344,0.427920401096344
15048,0.4266318082809448,0.4266318082809448,0.4266318082809448
15055,0.4259742498397827,0.4259742498397827,0.4259742498397827
15064,0.4252192974090576,0.4252192974090576,0.4252192974090576
15077,0.4254518449306488,0.4254518449306488,0.4254518449306488
15078,0.4252428710460663,0.4252428710460663,0.4252428710460663
15084,0.4250679612159729,0.4250679612159729,0.4250679612159729
15086,0.4251324236392975,0.4251324236392975,0.4251324236392975
15088,0.4254324436187744,0.4254324436187744,0.4254324436187744
15092,0.4263778328895569,0.4263778328895569,0.4263778328895569
15099,0.4264525771141052,0.4264525771141052,0.4264525771141052
15111,0.42556291818618774,0.42556291818618774,0.42556291818618774
15114,0.4263151288032532,0.4263151288032532,0.4263151288032532
15124,0.42759737372398376,0.42759737372398376,0.42759737372398376
15132,0.42897501587867737,0.42897501587867737,0.42897501587867737
15140,0.42934539914131165,0.42934539914131165,0.42934539914131165
15150,0.43321147561073303,0.43321147561073303,0.43321147561073303
15151,0.43342381715774536,0.43342381715774536,0.43342381715774536
15158,0.4358941614627838,0.4358941614627838,0.4358941614627838
15159,0.4362866282463074,0.4362866282463074,0.4362866282463074
15165,0.43624359369277954,0.43624359369277954,0.43624359369277954
15177,0.44477611780166626,0.44477611780166626,0.44477611780166626
15179,0.4446388781070709,0.4446388781070709,0.4446388781070709
15183,0.44550907611846924,0.44550907611846924,0.44550907611846924
15187,0.4465595483779907,0.4465595483779907,0.4465595483779907
15198,0.4468415677547455,0.4468415677547455,0.4468415677547455
15219,0.44453704357147217,0.44453704357147217,0.44453704357147217
15223,0.4435494542121887,0.4435494542121887,0.4435494542121887
15226,0.4431605935096741,0.4431605935096741,0.4431605935096741
15228,0.4429715871810913,0.4429715871810913,0.4429715871810913
15230,0.44255754351615906,0.44255754351615906,0.44255754351615906
15234,0.4416087865829468,0.4416087865829468,0.4416087865829468
15235,0.44200095534324646,0.44200095534324646,0.44200095534324646
15236,0.44190409779548645,0.44190409779548645,0.44190409779548645
15240,0.4411444365978241,0.4411444365978241,0.4411444365978241
15243,0.4416895806789398,0.4416895806789398,0.4416895806789398
15245,0.4418976604938507,0.4418976604938507,0.4418976604938507
15249,0.44200602173805237,0.44200602173805237,0.44200602173805237
15261,0.4412785470485687,0.4412785470485687,0.4412785470485687
15283,0.43932151794433594,0.43932151794433594,0.43932151794433594
15290,0.43781915307044983,0.43781915307044983,0.43781915307044983
15294,0.4369649589061737,0.4369649589061737,0.4369649589061737
15303,0.43560728430747986,0.43560728430747986,0.43560728430747986
15307,0.43442708253860474,0.43442708253860474,0.43442708253860474
15308,0.4345059096813202,0.4345059096813202,0.4345059096813202
15310,0.4349232017993927,0.4349232017993927,0.4349232017993927
15330,0.430974543094635,0.430974543094635,0.430974543094635
15347,0.42942798137664795,0.42942798137664795,0.42942798137664795
15350,0.4292144477367401,0.4292144477367401,0.4292144477367401
15354,0.4279763996601105,0.4279763996601105,0.4279763996601105
15363,0.4257550537586212,0.4257550537586212,0.4257550537586212
15367,0.424818754196167,0.424818754196167,0.424818754196167
15386,0.4195410907268524,0.4195410907268524,0.4195410907268524
15390,0.41960978507995605,0.41960978507995605,0.41960978507995605
15405,0.42278334498405457,0.42278334498405457,0.42278334498405457
15417,0.42234107851982117,0.42234107851982117,0.42234107851982117
15422,0.4230097532272339,0.4230097532272339,0.4230097532272339
15435,0.42285481095314026,0.42285481095314026,0.42285481095314026
15442,0.4222848415374756,0.4222848415374756,0.4222848415374756
15444,0.4218020439147949,0.4218020439147949,0.4218020439147949
15445,0.421475887298584,0.421475887298584,0.421475887298584
15449,0.42055314779281616,0.42055314779281616,0.42055314779281616
15451,0.421027809381485,0.421027809381485,0.421027809381485
15455,0.4214131534099579,0.4214131534099579,0.4214131534099579
15460,0.42120322585105896,0.42120322585105896,0.42120322585105896
15465,0.4212523102760315,0.4212523102760315,0.4212523102760315
15468,0.42093783617019653,0.42093783617019653,0.42093783617019653
15469,0.42075303196907043,0.42075303196907043,0.42075303196907043
15475,0.42050835490226746,0.42050835490226746,0.42050835490226746
15476,0.42044201493263245,0.42044201493263245,0.42044201493263245
15477,0.4204941987991333,0.4204941987991333,0.4204941987991333
15482,0.4199773371219635,0.4199773371219635,0.4199773371219635
15491,0.4188258647918701,0.4188258647918701,0.4188258647918701
15505,0.42437541484832764,0.42437541484832764,0.42437541484832764
15507,0.42410340905189514,0.42410340905189514,0.42410340905189514
15513,0.4273175895214081,0.4273175895214081,0.4273175895214081
15517,0.42873406410217285,0.42873406410217285,0.42873406410217285
15536,0.4330986738204956,0.4330986738204956,0.4330986738204956
15546,0.4346752464771271,0.4346752464771271,0.4346752464771271
15550,0.4342041611671448,0.4342041611671448,0.4342041611671448
15553,0.4345356523990631,0.4345356523990631,0.4345356523990631
15567,0.4378930628299713,0.4378930628299713,0.4378930628299713
15568,0.4382704496383667,0.4382704496383667,0.4382704496383667
15574,0.4380374252796173,0.4380374252796173,0.4380374252796173
15582,0.43691396713256836,0.43691396713256836,0.43691396713256836
15584,0.43619292974472046,0.43619292974472046,0.43619292974472046
15594,0.4350752532482147,0.4350752532482147,0.4350752532482147
15606,0.4323813319206238,0.4323813319206238,0.4323813319206238
15607,0.4320315718650818,0.4320315718650818,0.4320315718650818
15620,0.430989146232605,0.430989146232605,0.430989146232605
15631,0.4318028390407562,0.4318028390407562,0.4318028390407562
15641,0.4315122663974762,0.4315122663974762,0.4315122663974762
15644,0.4307916462421417,0.4307916462421417,0.4307916462421417
15646,0.4306102693080902,0.4306102693080902,0.4306102693080902
15662,0.4307416081428528,0.4307416081428528,0.4307416081428528
15663,0.4311719536781311,0.4311719536781311,0.4311719536781311
15667,0.43104612827301025,0.43104612827301025,0.43104612827301025
15674,0.42908239364624023,0.42908239364624023,0.42908239364624023
15682,0.4281957149505615,0.4281957149505615,0.4281957149505615
15684,0.4280959665775299,0.4280959665775299,0.4280959665775299
15685,0.4277854263782501,0.4277854263782501,0.4277854263782501
15687,0.4273574948310852,0.4273574948310852,0.4273574948310852
15688,0.42706552147865295,0.42706552147865295,0.42706552147865295
15692,0.4267898499965668,0.4267898499965668,0.4267898499965668
15693,0.4268823266029358,0.4268823266029358,0.4268823266029358
15701,0.42609748244285583,0.42609748244285583,0.42609748244285583
15707,0.4243294894695282,0.4243294894695282,0.4243294894695282
15712,0.4244915843009949,0.4244915843009949,0.4244915843009949
15713,0.4244745969772339,0.4244745969772339,0.4244745969772339
15714,0.42459017038345337,0.42459017038345337,0.42459017038345337
15716,0.4249405860900879,0.4249405860900879,0.4249405860900879
15736,0.42373529076576233,0.42373529076576233,0.42373529076576233
15741,0.42357367277145386,0.42357367277145386,0.42357367277145386
15747,0.4253573417663574,0.4253573417663574,0.4253573417663574
15748,0.42534691095352173,0.42534691095352173,0.42534691095352173
15749,0.4248538911342621,0.4248538911342621,0.4248538911342621
15750,0.4242485761642456,0.4242485761642456,0.4242485761642456
15774,0.4213060438632965,0.4213060438632965,0.4213060438632965
15777,0.42114850878715515,0.42114850878715515,0.42114850878715515
15789,0.4188038408756256,0.4188038408756256,0.4188038408756256
15801,0.41856133937835693,0.41856133937835693,0.41856133937835693
15803,0.41828861832618713,0.41828861832618713,0.41828861832618713
15805,0.4180717170238495,0.4180717170238495,0.4180717170238495
15808,0.41723307967185974,0.41723307967185974,0.41723307967185974
15816,0.4172721207141876,0.4172721207141876,0.4172721207141876
15817,0.4171651303768158,0.4171651303768158,0.4171651303768158
15819,0.41745051741600037,0.41745051741600037,0.41745051741600037
15827,0.41728395223617554,0.41728395223617554,0.41728395223617554
15829,0.4166029393672943,0.4166029393672943,0.4166029393672943
15832,0.4157233238220215,0.4157233238220215,0.4157233238220215
15838,0.41585418581962585,0.41585418581962585,0.41585418581962585
15845,0.4159141778945923,0.4159141778945923,0.4159141778945923
15846,0.4154655933380127,0.4154655933380127,0.4154655933380127
15857,0.41661638021469116,0.41661638021469116,0.41661638021469116
15861,0.4165249764919281,0.4165249764919281,0.4165249764919281
15879,0.41647377610206604,0.41647377610206604,0.41647377610206604
15889,0.4158097803592682,0.4158097803592682,0.4158097803592682
15890,0.4157635271549225,0.4157635271549225,0.4157635271549225
15891,0.4154510498046875,0.4154510498046875,0.4154510498046875
15898,0.41420218348503113,0.41420218348503113,0.41420218348503113
15899,0.4139534831047058,0.4139534831047058,0.4139534831047058
15900,0.41376399993896484,0.41376399993896484,0.41376399993896484
15901,0.4137014150619507,0.4137014150619507,0.4137014150619507
15904,0.4127157926559448,0.4127157926559448,0.4127157926559448
15912,0.41351765394210815,0.41351765394210815,0.41351765394210815
15913,0.4140312969684601,0.4140312969684601,0.4140312969684601
15917,0.41466474533081055,0.41466474533081055,0.41466474533081055
15919,0.41517138481140137,0.41517138481140137,0.41517138481140137
15923,0.4158186614513397,0.4158186614513397,0.4158186614513397
15924,0.41575688123703003,0.41575688123703003,0.41575688123703003
15927,0.4161059558391571,0.4161059558391571,0.4161059558391571
15928,0.416311651468277,0.416311651468277,0.416311651468277
15942,0.418926864862442,0.418926864862442,0.418926864862442
15953,0.41677767038345337,0.41677767038345337,0.41677767038345337
15955,0.41613268852233887,0.41613268852233887,0.41613268852233887
15957,0.41593316197395325,0.41593316197395325,0.41593316197395325
15961,0.4158076345920563,0.4158076345920563,0.4158076345920563
15976,0.41381970047950745,0.41381970047950745,0.41381970047950745
15987,0.41293418407440186,0.41293418407440186,0.41293418407440186
15992,0.41213351488113403,0.41213351488113403,0.41213351488113403
15997,0.4121023118495941,0.4121023118495941,0.4121023118495941
16000,0.4124555289745331,0.4124555289745331,0.4124555289745331
16001,0.4128051698207855,0.4128051698207855,0.4128051698207855
16012,0.41686347126960754,0.41686347126960754,0.41686347126960754
16020,0.41690483689308167,0.41690483689308167,0.41690483689308167
16032,0.41466084122657776,0.41466084122657776,0.41466084122657776
16036,0.41398322582244873,0.41398322582244873,0.41398322582244873
16052,0.41108107566833496,0.41108107566833496,0.41108107566833496
16056,0.4106525480747223,0.4106525480747223,0.4106525480747223
16059,0.41043537855148315,0.41043537855148315,0.41043537855148315
16071,0.40874215960502625,0.40874215960502625,0.40874215960502625
16074,0.4081351161003113,0.4081351161003113,0.4081351161003113
16076,0.4079681932926178,0.4079681932926178,0.4079681932926178
16087,0.40773627161979675,0.40773627161979675,0.40773627161979675
16089,0.4082270860671997,0.4082270860671997,0.4082270860671997
16092,0.4074932336807251,0.4074932336807251,0.4074932336807251
16101,0.4065781235694885,0.4065781235694885,0.4065781235694885
16104,0.4063582718372345,0.4063582718372345,0.4063582718372345
16118,0.4072644114494324,0.4072644114494324,0.4072644114494324
16143,0.4142908453941345,0.4142908453941345,0.4142908453941345
16146,0.4138839840888977,0.4138839840888977,0.4138839840888977
16148,0.4133216142654419,0.4133216142654419,0.4133216142654419
16155,0.41396254301071167,0.41396254301071167,0.41396254301071167
16164,0.4159204959869385,0.4159204959869385,0.4159204959869385
16165,0.41653650999069214,0.41653650999069214,0.41653650999069214
16182,0.4198189675807953,0.4198189675807953,0.4198189675807953
16184,0.4206821322441101,0.4206821322441101,0.4206821322441101
16190,0.4213009476661682,0.4213009476661682,0.4213009476661682
16194,0.4220733046531677,0.4220733046531677,0.4220733046531677
16195,0.4221597909927368,0.4221597909927368,0.4221597909927368
16200,0.42345869541168213,0.42345869541168213,0.42345869541168213
16203,0.4238368272781372,0.4238368272781372,0.4238368272781372
16204,0.42357686161994934,0.42357686161994934,0.42357686161994934
16206,0.4220796823501587,0.4220796823501587,0.4220796823501587
16208,0.42186111211776733,0.42186111211776733,0.42186111211776733
16215,0.42017483711242676,0.42017483711242676,0.42017483711242676
16216,0.4201646149158478,0.4201646149158478,0.4201646149158478
16224,0.41939374804496765,0.41939374804496765,0.41939374804496765
16226,0.4193973243236542,0.4193973243236542,0.4193973243236542
16239,0.41878747940063477,0.41878747940063477,0.41878747940063477
16241,0.4188109338283539,0.4188109338283539,0.4188109338283539
16243,0.4184558689594269,0.4184558689594269,0.4184558689594269
16250,0.4183134436607361,0.4183134436607361,0.4183134436607361
16255,0.4186466634273529,0.4186466634273529,0.4186466634273529
16261,0.4178008437156677,0.4178008437156677,0.4178008437156677
16269,0.416970431804657,0.416970431804657,0.416970431804657
16273,0.4165195822715759,0.4165195822715759,0.4165195822715759
16274,0.4164939522743225,0.4164939522743225,0.4164939522743225
16279,0.4161950349807739,0.4161950349807739,0.4161950349807739
16281,0.4161297380924225,0.4161297380924225,0.4161297380924225
16285,0.4154793620109558,0.4154793620109558,0.4154793620109558
16288,0.4164785146713257,0.4164785146713257,0.4164785146713257
16291,0.4173562526702881,0.4173562526702881,0.4173562526702881
16309,0.41913747787475586,0.41913747787475586,0.41913747787475586
16315,0.4209933876991272,0.4209933876991272,0.4209933876991272
16317,0.421097993850708,0.421097993850708,0.421097993850708
16319,0.4207771420478821,0.4207771420478821,0.4207771420478821
16320,0.4208773374557495,0.4208773374557495,0.4208773374557495
16330,0.4190397262573242,0.4190397262573242,0.4190397262573242
16334,0.4197215437889099,0.4197215437889099,0.4197215437889099
16337,0.4198569357395172,0.4198569357395172,0.4198569357395172
16340,0.4185556173324585,0.4185556173324585,0.4185556173324585
16342,0.4184878468513489,0.4184878468513489,0.4184878468513489
16343,0.4183844327926636,0.4183844327926636,0.4183844327926636
16349,0.4179333448410034,0.4179333448410034,0.4179333448410034
16351,0.4176093637943268,0.4176093637943268,0.4176093637943268
16353,0.4174753427505493,0.4174753427505493,0.4174753427505493
16358,0.4164195954799652,0.4164195954799652,0.4164195954799652
16370,0.417538583278656,0.417538583278656,0.417538583278656
16382,0.4176417291164398,0.4176417291164398,0.4176417291164398
16396,0.41633346676826477,0.41633346676826477,0.41633346676826477
16400,0.4173576533794403,0.4173576533794403,0.4173576533794403
16411,0.41488271951675415,0.41488271951675415,0.41488271951675415
16412,0.41471055150032043,0.41471055150032043,0.41471055150032043
16431,0.414422869682312,0.414422869682312,0.414422869682312
16453,0.41559576988220215,0.41559576988220215,0.41559576988220215
16458,0.4169357120990753,0.4169357120990753,0.4169357120990753
16467,0.41659870743751526,0.41659870743751526,0.41659870743751526
16470,0.41674119234085083,0.41674119234085083,0.41674119234085083
16474,0.41681843996047974,0.41681843996047974,0.41681843996047974
16484,0.4170110523700714,0.4170110523700714,0.4170110523700714
16486,0.4171966314315796,0.4171966314315796,0.4171966314315796
16488,0.41693785786628723,0.41693785786628723,0.41693785786628723
16489,0.4169113039970398,0.4169113039970398,0.4169113039970398
16491,0.41700616478919983,0.41700616478919983,0.41700616478919983
16492,0.41681718826293945,0.41681718826293945,0.41681718826293945
16498,0.41626009345054626,0.41626009345054626,0.41626009345054626
16502,0.41579315066337585,0.41579315066337585,0.41579315066337585
16503,0.41574645042419434,0.41574645042419434,0.41574645042419434
16517,0.4173503816127777,0.4173503816127777,0.4173503816127777
16519,0.41692855954170227,0.41692855954170227,0.41692855954170227
16523,0.4165054261684418,0.4165054261684418,0.4165054261684418
16528,0.41583383083343506,0.41583383083343506,0.41583383083343506
16530,0.4151257872581482,0.4151257872581482,0.4151257872581482
16531,0.4151226282119751,0.4151226282119751,0.4151226282119751
16535,0.4145030379295349,0.4145030379295349,0.4145030379295349
16541,0.41334298253059387,0.41334298253059387,0.41334298253059387
16542,0.41301971673965454,0.41301971673965454,0.41301971673965454
16545,0.41186559200286865,0.41186559200286865,0.41186559200286865
16555,0.4104553759098053,0.4104553759098053,0.4104553759098053
16557,0.4104733467102051,0.4104733467102051,0.4104733467102051
16572,0.4083741009235382,0.4083741009235382,0.4083741009235382
16586,0.40702617168426514,0.40702617168426514,0.40702617168426514
16587,0.4068281948566437,0.4068281948566437,0.4068281948566437
16588,0.40683913230895996,0.40683913230895996,0.40683913230895996
16597,0.40920838713645935,0.40920838713645935,0.40920838713645935
16614,0.4158480167388916,0.4158480167388916,0.4158480167388916
16616,0.41537800431251526,0.41537800431251526,0.41537800431251526
16617,0.41553211212158203,0.41553211212158203,0.41553211212158203
16618,0.41523900628089905,0.41523900628089905,0.41523900628089905
16622,0.4166976809501648,0.4166976809501648,0.4166976809501648
16624,0.4171948730945587,0.4171948730945587,0.4171948730945587
16626,0.4171563982963562,0.4171563982963562,0.4171563982963562
16629,0.4166542887687683,0.4166542887687683,0.4166542887687683
16631,0.41662997007369995,0.41662997007369995,0.41662997007369995
16637,0.4178539514541626,0.4178539514541626,0.4178539514541626
16640,0.41772744059562683,0.41772744059562683,0.41772744059562683
16649,0.417031854391098,0.417031854391098,0.417031854391098
16650,0.4170750677585602,0.4170750677585602,0.4170750677585602
16655,0.41695719957351685,0.41695719957351685,0.41695719957351685
16656,0.4168097972869873,0.4168097972869873,0.4168097972869873
16671,0.4147781431674957,0.4147781431674957,0.4147781431674957
16673,0.41442713141441345,0.41442713141441345,0.41442713141441345
16686,0.4137624502182007,0.4137624502182007,0.4137624502182007
16687,0.4137917160987854,0.4137917160987854,0.4137917160987854
16692,0.4135277569293976,0.4135277569293976,0.4135277569293976
16694,0.4135918617248535,0.4135918617248535,0.4135918617248535
16706,0.4142957329750061,0.4142957329750061,0.4142957329750061
16725,0.4219557046890259,0.4219557046890259,0.4219557046890259
16726,0.42307329177856445,0.42307329177856445,0.42307329177856445
16732,0.4252782464027405,0.4252782464027405,0.4252782464027405
16735,0.4274466335773468,0.4274466335773468,0.4274466335773468
16737,0.4271523058414459,0.4271523058414459,0.4271523058414459
16740,0.4278531074523926,0.4278531074523926,0.4278531074523926
16746,0.4281471073627472,0.4281471073627472,0.4281471073627472
16753,0.4292076528072357,0.4292076528072357,0.4292076528072357
16759,0.4297085106372833,0.4297085106372833,0.4297085106372833
16760,0.4302361309528351,0.4302361309528351,0.4302361309528351
16763,0.4314081370830536,0.4314081370830536,0.4314081370830536
16765,0.43199247121810913,0.43199247121810913,0.43199247121810913
16768,0.43152564764022827,0.43152564764022827,0.43152564764022827
16781,0.43207114934921265,0.43207114934921265,0.43207114934921265
16784,0.4325674772262573,0.4325674772262573,0.4325674772262573
16787,0.4330172538757324,0.4330172538757324,0.4330172538757324
16793,0.43273261189460754,0.43273261189460754,0.43273261189460754
16795,0.43271011114120483,0.43271011114120483,0.43271011114120483
16796,0.43265777826309204,0.43265777826309204,0.43265777826309204
16799,0.4325293302536011,0.4325293302536011,0.4325293302536011
16802,0.4323931038379669,0.4323931038379669,0.4323931038379669
16805,0.4322681427001953,0.4322681427001953,0.4322681427001953
16815,0.4321762025356293,0.4321762025356293,0.4321762025356293
16823,0.4319952726364136,0.4319952726364136,0.4319952726364136
16824,0.4319511950016022,0.4319511950016022,0.4319511950016022
16826,0.4314527213573456,0.4314527213573456,0.4314527213573456
16833,0.42922165989875793,0.42922165989875793,0.42922165989875793
16854,0.4277329742908478,0.4277329742908478,0.4277329742908478
16862,0.4252029061317444,0.4252029061317444,0.4252029061317444
16867,0.4244237542152405,0.4244237542152405,0.4244237542152405
16877,0.42363807559013367,0.42363807559013367,0.42363807559013367
16878,0.4237789809703827,0.4237789809703827,0.4237789809703827
16881,0.4231520891189575,0.4231520891189575,0.4231520891189575
16883,0.42293453216552734,0.42293453216552734,0.42293453216552734
16885,0.42286449670791626,0.42286449670791626,0.42286449670791626
16893,0.42247211933135986,0.42247211933135986,0.42247211933135986
16894,0.4222584664821625,0.4222584664821625,0.4222584664821625
16900,0.4213182330131531,0.4213182330131531,0.4213182330131531
16902,0.42130717635154724,0.42130717635154724,0.42130717635154724
16905,0.42282482981681824,0.42282482981681824,0.42282482981681824
16909,0.423953115940094,0.423953115940094,0.423953115940094
16914,0.4236002564430237,0.4236002564430237,0.4236002564430237
16917,0.4229709804058075,0.4229709804058075,0.4229709804058075
16919,0.423425555229187,0.423425555229187,0.423425555229187
16924,0.42276531457901,0.42276531457901,0.42276531457901
16928,0.4220558702945709,0.4220558702945709,0.4220558702945709
16932,0.4210374355316162,0.4210374355316162,0.4210374355316162
16936,0.42042842507362366,0.42042842507362366,0.42042842507362366
16941,0.41986602544784546,0.41986602544784546,0.41986602544784546
16952,0.41835564374923706,0.41835564374923706,0.41835564374923706
16955,0.4180985391139984,0.4180985391139984,0.4180985391139984
16971,0.41737455129623413,0.41737455129623413,0.41737455129623413
16981,0.41820189356803894,0.41820189356803894,0.41820189356803894
16982,0.4179830551147461,0.4179830551147461,0.4179830551147461
16983,0.4175926148891449,0.4175926148891449,0.4175926148891449
16991,0.41737645864486694,0.41737645864486694,0.41737645864486694
16994,0.4166994094848633,0.4166994094848633,0.4166994094848633
17007,0.41824597120285034,0.41824597120285034,0.41824597120285034
17014,0.4188414514064789,0.4188414514064789,0.4188414514064789
17026,0.41686293482780457,0.41686293482780457,0.41686293482780457
17031,0.41559457778930664,0.41559457778930664,0.41559457778930664
17034,0.41482627391815186,0.41482627391815186,0.41482627391815186
17038,0.41435566544532776,0.41435566544532776,0.41435566544532776
17042,0.4136933386325836,0.4136933386325836,0.4136933386325836
17064,0.41017791628837585,0.41017791628837585,0.41017791628837585
17065,0.4099278450012207,0.4099278450012207,0.4099278450012207
17068,0.4097003638744354,0.4097003638744354,0.4097003638744354
17078,0.4084426760673523,0.4084426760673523,0.4084426760673523
17102,0.4058065414428711,0.4058065414428711,0.4058065414428711
17104,0.40530890226364136,0.40530890226364136,0.40530890226364136
17112,0.40344366431236267,0.40344366431236267,0.40344366431236267
17113,0.40327587723731995,0.40327587723731995,0.40327587723731995
17114,0.40326282382011414,0.40326282382011414,0.40326282382011414
17133,0.40167585015296936,0.40167585015296936,0.40167585015296936
17140,0.4010586738586426,0.4010586738586426,0.4010586738586426
17143,0.40062540769577026,0.40062540769577026,0.40062540769577026
17161,0.4026024639606476,0.4026024639606476,0.4026024639606476
17169,0.40996670722961426,0.40996670722961426,0.40996670722961426
17179,0.41398942470550537,0.41398942470550537,0.41398942470550537
17206,0.4102102518081665,0.4102102518081665,0.4102102518081665
17207,0.4100565016269684,0.4100565016269684,0.4100565016269684
17226,0.40860292315483093,0.40860292315483093,0.40860292315483093
17230,0.4077494442462921,0.4077494442462921,0.4077494442462921
17236,0.4064326286315918,0.4064326286315918,0.4064326286315918
17248,0.4055933654308319,0.4055933654308319,0.4055933654308319
17249,0.40528637170791626,0.40528637170791626,0.40528637170791626
17257,0.4061238169670105,0.4061238169670105,0.4061238169670105
17258,0.4060940444469452,0.4060940444469452,0.4060940444469452
17260,0.40589800477027893,0.40589800477027893,0.40589800477027893
17286,0.4074060320854187,0.4074060320854187,0.4074060320854187
17292,0.40770113468170166,0.40770113468170166,0.40770113468170166
17299,0.41065093874931335,0.41065093874931335,0.41065093874931335
17307,0.4159221649169922,0.4159221649169922,0.4159221649169922
17313,0.4173372983932495,0.4173372983932495,0.4173372983932495
17317,0.4159294366836548,0.4159294366836548,0.4159294366836548
17323,0.415168434381485,0.415168434381485,0.415168434381485
17324,0.41505536437034607,0.41505536437034607,0.41505536437034607
17329,0.4151163101196289,0.4151163101196289,0.4151163101196289
17332,0.41404417157173157,0.41404417157173157,0.41404417157173157
17337,0.41284263134002686,0.41284263134002686,0.41284263134002686
17346,0.4141603708267212,0.4141603708267212,0.4141603708267212
17349,0.4151570796966553,0.4151570796966553,0.4151570796966553
17354,0.41812005639076233,0.41812005639076233,0.41812005639076233
17357,0.41858774423599243,0.41858774423599243,0.41858774423599243
17358,0.41878068447113037,0.41878068447113037,0.41878068447113037
17361,0.42026978731155396,0.42026978731155396,0.42026978731155396
17364,0.4195556044578552,0.4195556044578552,0.4195556044578552
17369,0.41840457916259766,0.41840457916259766,0.41840457916259766
17370,0.418259859085083,0.418259859085083,0.418259859085083
17373,0.4184776842594147,0.4184776842594147,0.4184776842594147
17382,0.4188305735588074,0.4188305735588074,0.4188305735588074
17384,0.41933897137641907,0.41933897137641907,0.41933897137641907
17387,0.419615775346756,0.419615775346756,0.419615775346756
17390,0.42014843225479126,0.42014843225479126,0.42014843225479126
17400,0.42025026679039,0.42025026679039,0.42025026679039
17406,0.4229297637939453,0.4229297637939453,0.4229297637939453
17409,0.42366424202919006,0.42366424202919006,0.42366424202919006
17411,0.4239307940006256,0.4239307940006256,0.4239307940006256
17418,0.4242371916770935,0.4242371916770935,0.4242371916770935
17431,0.42419683933258057,0.42419683933258057,0.42419683933258057
17449,0.42435121536254883,0.42435121536254883,0.42435121536254883
17451,0.42459332942962646,0.42459332942962646,0.42459332942962646
17459,0.4250418543815613,0.4250418543815613,0.4250418543815613
17467,0.4249948263168335,0.4249948263168335,0.4249948263168335
17475,0.42327287793159485,0.42327287793159485,0.42327287793159485
17483,0.422427773475647,0.422427773475647,0.422427773475647
17485,0.4212062656879425,0.4212062656879425,0.4212062656879425
17489,0.42036357522010803,0.42036357522010803,0.42036357522010803
17500,0.41976866126060486,0.41976866126060486,0.41976866126060486
17515,0.41728606820106506,0.41728606820106506,0.41728606820106506
17518,0.4159635007381439,0.4159635007381439,0.4159635007381439
17522,0.41497400403022766,0.41497400403022766,0.41497400403022766
17523,0.4146241843700409,0.4146241843700409,0.4146241843700409
17528,0.4140271842479706,0.4140271842479706,0.4140271842479706
17536,0.41277897357940674,0.41277897357940674,0.41277897357940674
17541,0.4111315608024597,0.4111315608024597,0.4111315608024597
17544,0.41014364361763,0.41014364361763,0.41014364361763
17546,0.40951722860336304,0.40951722860336304,0.40951722860336304
17549,0.40891289710998535,0.40891289710998535,0.40891289710998535
17566,0.4051007926464081,0.4051007926464081,0.4051007926464081
17568,0.4052881896495819,0.4052881896495819,0.4052881896495819
17572,0.40628257393836975,0.40628257393836975,0.40628257393836975
17582,0.40702858567237854,0.40702858567237854,0.40702858567237854
17587,0.4065553545951843,0.4065553545951843,0.4065553545951843
17595,0.40766769647598267,0.40766769647598267,0.40766769647598267
17600,0.407601535320282,0.407601535320282,0.407601535320282
17609,0.40853115916252136,0.40853115916252136,0.40853115916252136
17618,0.40770024061203003,0.40770024061203003,0.40770024061203003
17621,0.4070030152797699,0.4070030152797699,0.4070030152797699
17634,0.4074232280254364,0.4074232280254364,0.4074232280254364
17639,0.40622204542160034,0.40622204542160034,0.40622204542160034
17647,0.40529027581214905,0.40529027581214905,0.40529027581214905
17650,0.40507930517196655,0.40507930517196655,0.40507930517196655
17652,0.40481922030448914,0.40481922030448914,0.40481922030448914
17658,0.4041132926940918,0.4041132926940918,0.4041132926940918
17660,0.40415313839912415,0.40415313839912415,0.40415313839912415
17662,0.4041896164417267,0.4041896164417267,0.4041896164417267
17665,0.40445828437805176,0.40445828437805176,0.40445828437805176
17673,0.40320122241973877,0.40320122241973877,0.40320122241973877
17683,0.4053724408149719,0.4053724408149719,0.4053724408149719
17685,0.40584900975227356,0.40584900975227356,0.40584900975227356
17689,0.4052249491214752,0.4052249491214752,0.4052249491214752
17690,0.40523916482925415,0.40523916482925415,0.40523916482925415
17695,0.4067789614200592,0.4067789614200592,0.4067789614200592
17699,0.4075888991355896,0.4075888991355896,0.4075888991355896
17702,0.4083542227745056,0.4083542227745056,0.4083542227745056
17727,0.41264817118644714,0.41264817118644714,0.41264817118644714
17734,0.413546085357666,0.413546085357666,0.413546085357666
17735,0.41314658522605896,0.41314658522605896,0.41314658522605896
17742,0.411407470703125,0.411407470703125,0.411407470703125
17749,0.41018787026405334,0.41018787026405334,0.41018787026405334
17750,0.41005077958106995,0.41005077958106995,0.41005077958106995
17757,0.40883669257164,0.40883669257164,0.40883669257164
17761,0.40737271308898926,0.40737271308898926,0.40737271308898926
17763,0.4066225290298462,0.4066225290298462,0.4066225290298462
17766,0.4058774709701538,0.4058774709701538,0.4058774709701538
17768,0.40508586168289185,0.40508586168289185,0.40508586168289185
17777,0.403512179851532,0.403512179851532,0.403512179851532
17779,0.4028204381465912,0.4028204381465912,0.4028204381465912
17782,0.4019409716129303,0.4019409716129303,0.4019409716129303
17785,0.40246865153312683,0.40246865153312683,0.40246865153312683
17786,0.4022950530052185,0.4022950530052185,0.4022950530052185
17792,0.4013780355453491,0.4013780355453491,0.4013780355453491
17796,0.40179547667503357,0.40179547667503357,0.40179547667503357
17798,0.40127065777778625,0.40127065777778625,0.40127065777778625
17799,0.4009604752063751,0.4009604752063751,0.4009604752063751
17807,0.39978060126304626,0.39978060126304626,0.39978060126304626
17810,0.3996550142765045,0.3996550142765045,0.3996550142765045
17820,0.39957356452941895,0.39957356452941895,0.39957356452941895
17825,0.40094634890556335,0.40094634890556335,0.40094634890556335
17836,0.4058051109313965,0.4058051109313965,0.4058051109313965
17841,0.40799766778945923,0.40799766778945923,0.40799766778945923
17845,0.40972962975502014,0.40972962975502014,0.40972962975502014
17855,0.4120940566062927,0.4120940566062927,0.4120940566062927
17858,0.4127444624900818,0.4127444624900818,0.4127444624900818
17862,0.41340145468711853,0.41340145468711853,0.41340145468711853
17866,0.4119768440723419,0.4119768440723419,0.4119768440723419
17874,0.4157927632331848,0.4157927632331848,0.4157927632331848
17878,0.41535118222236633,0.41535118222236633,0.41535118222236633
17884,0.41609320044517517,0.41609320044517517,0.41609320044517517
17899,0.416732519865036,0.416732519865036,0.416732519865036
17916,0.4169013202190399,0.4169013202190399,0.4169013202190399
17934,0.4144957363605499,0.4144957363605499,0.4144957363605499
17945,0.41542500257492065,0.41542500257492065,0.41542500257492065
17950,0.4164424538612366,0.4164424538612366,0.4164424538612366
17953,0.41672483086586,0.41672483086586,0.41672483086586
17954,0.4167056679725647,0.4167056679725647,0.4167056679725647
17962,0.41410312056541443,0.41410312056541443,0.41410312056541443
17966,0.4148235023021698,0.4148235023021698,0.4148235023021698
17975,0.416242390871048,0.416242390871048,0.416242390871048
17986,0.41670212149620056,0.41670212149620056,0.41670212149620056
17991,0.41650018095970154,0.41650018095970154,0.41650018095970154
17995,0.41621309518814087,0.41621309518814087,0.41621309518814087
18001,0.4159688949584961,0.4159688949584961,0.4159688949584961
18007,0.4164987802505493,0.4164987802505493,0.4164987802505493
18013,0.41618257761001587,0.41618257761001587,0.41618257761001587
18023,0.41657185554504395,0.41657185554504395,0.41657185554504395
18027,0.4171352684497833,0.4171352684497833,0.4171352684497833
18034,0.4169842302799225,0.4169842302799225,0.4169842302799225
18037,0.4164756238460541,0.4164756238460541,0.4164756238460541
18046,0.4159199595451355,0.4159199595451355,0.4159199595451355
18054,0.4184236228466034,0.4184236228466034,0.4184236228466034
18055,0.41820356249809265,0.41820356249809265,0.41820356249809265
18062,0.41783443093299866,0.41783443093299866,0.41783443093299866
18068,0.4174599349498749,0.4174599349498749,0.4174599349498749
18069,0.41723939776420593,0.41723939776420593,0.41723939776420593
18086,0.41454675793647766,0.41454675793647766,0.41454675793647766
18091,0.4134003221988678,0.4134003221988678,0.4134003221988678
18094,0.4123886525630951,0.4123886525630951,0.4123886525630951
18102,0.4108637869358063,0.4108637869358063,0.4108637869358063
18108,0.40941286087036133,0.40941286087036133,0.40941286087036133
18109,0.40928179025650024,0.40928179025650024,0.40928179025650024
18117,0.4095025956630707,0.4095025956630707,0.4095025956630707
18118,0.40933477878570557,0.40933477878570557,0.40933477878570557
18119,0.4090934991836548,0.4090934991836548,0.4090934991836548
18121,0.40911009907722473,0.40911009907722473,0.40911009907722473
18122,0.4090254604816437,0.4090254604816437,0.4090254604816437
18136,0.4071084260940552,0.4071084260940552,0.4071084260940552
18137,0.4072193205356598,0.4072193205356598,0.4072193205356598
18145,0.405956894159317,0.405956894159317,0.405956894159317
18161,0.40465304255485535,0.40465304255485535,0.40465304255485535
18171,0.40510228276252747,0.40510228276252747,0.40510228276252747
18173,0.40498220920562744,0.40498220920562744,0.40498220920562744
18177,0.4052252173423767,0.4052252173423767,0.4052252173423767
18181,0.4039595425128937,0.4039595425128937,0.4039595425128937
18182,0.40376660227775574,0.40376660227775574,0.40376660227775574
18185,0.40341916680336,0.40341916680336,0.40341916680336
18192,0.40469831228256226,0.40469831228256226,0.40469831228256226
18193,0.40491220355033875,0.40491220355033875,0.40491220355033875
18203,0.4052745997905731,0.4052745997905731,0.4052745997905731
18205,0.40542691946029663,0.40542691946029663,0.40542691946029663
18217,0.4071123003959656,0.4071123003959656,0.4071123003959656
18218,0.40686628222465515,0.40686628222465515,0.40686628222465515
18236,0.4042767584323883,0.4042767584323883,0.4042767584323883
18254,0.4020809531211853,0.4020809531211853,0.4020809531211853
18260,0.4009409248828888,0.4009409248828888,0.4009409248828888
18262,0.40143194794654846,0.40143194794654846,0.40143194794654846
18265,0.40284955501556396,0.40284955501556396,0.40284955501556396
18277,0.4072380065917969,0.4072380065917969,0.4072380065917969
18308,0.4006194770336151,0.4006194770336151,0.4006194770336151
18312,0.3991353213787079,0.3991353213787079,0.3991353213787079
18319,0.39863672852516174,0.39863672852516174,0.39863672852516174
18322,0.39846566319465637,0.39846566319465637,0.39846566319465637
18330,0.39978623390197754,0.39978623390197754,0.39978623390197754
18332,0.39980536699295044,0.39980536699295044,0.39980536699295044
18334,0.39939945936203003,0.39939945936203003,0.39939945936203003
18347,0.3983800411224365,0.3983800411224365,0.3983800411224365
18363,0.3980337977409363,0.3980337977409363,0.3980337977409363
18364,0.3979990482330322,0.3979990482330322,0.3979990482330322
18365,0.3976897597312927,0.3976897597312927,0.3976897597312927
18370,0.3977203071117401,0.3977203071117401,0.3977203071117401
18373,0.39784833788871765,0.39784833788871765,0.39784833788871765
18385,0.39853617548942566,0.39853617548942566,0.39853617548942566
18391,0.40039998292922974,0.40039998292922974,0.40039998292922974
18397,0.40030819177627563,0.40030819177627563,0.40030819177627563
18405,0.4016927182674408,0.4016927182674408,0.4016927182674408
18409,0.40143126249313354,0.40143126249313354,0.40143126249313354
18413,0.40156278014183044,0.40156278014183044,0.40156278014183044
18416,0.4019392728805542,0.4019392728805542,0.4019392728805542
18431,0.40550345182418823,0.40550345182418823,0.40550345182418823
18432,0.4063277244567871,0.4063277244567871,0.4063277244567871
18436,0.4113022983074188,0.4113022983074188,0.4113022983074188
18437,0.4115770161151886,0.4115770161151886,0.4115770161151886
18442,0.41450807452201843,0.41450807452201843,0.41450807452201843
18447,0.41293787956237793,0.41293787956237793,0.41293787956237793
18450,0.4128188192844391,0.4128188192844391,0.4128188192844391
18452,0.4129115641117096,0.4129115641117096,0.4129115641117096
18453,0.41272488236427307,0.41272488236427307,0.41272488236427307
18456,0.41241535544395447,0.41241535544395447,0.41241535544395447
18471,0.4130018949508667,0.4130018949508667,0.4130018949508667
18477,0.4161387085914612,0.4161387085914612,0.4161387085914612
18479,0.416961669921875,0.416961669921875,0.416961669921875
18483,0.41912466287612915,0.41912466287612915,0.41912466287612915
18487,0.42094725370407104,0.42094725370407104,0.42094725370407104
18489,0.42400407791137695,0.42400407791137695,0.42400407791137695
18494,0.42725029587745667,0.42725029587745667,0.42725029587745667
18500,0.42744314670562744,0.42744314670562744,0.42744314670562744
18507,0.4299825131893158,0.4299825131893158,0.4299825131893158
18521,0.4280255436897278,0.4280255436897278,0.4280255436897278
18522,0.42741626501083374,0.42741626501083374,0.42741626501083374
18531,0.42559614777565,0.42559614777565,0.42559614777565
18533,0.425534188747406,0.425534188747406,0.425534188747406
18536,0.42505618929862976,0.42505618929862976,0.42505618929862976
18542,0.4241545498371124,0.4241545498371124,0.4241545498371124
18550,0.4225402772426605,0.4225402772426605,0.4225402772426605
18551,0.42218250036239624,0.42218250036239624,0.42218250036239624
18571,0.4202300012111664,0.4202300012111664,0.4202300012111664
18577,0.4195636212825775,0.4195636212825775,0.4195636212825775
18581,0.4184171259403229,0.4184171259403229,0.4184171259403229
18584,0.41765686869621277,0.41765686869621277,0.41765686869621277
18585,0.41768088936805725,0.41768088936805725,0.41768088936805725
18590,0.4169495701789856,0.4169495701789856,0.4169495701789856
18594,0.41647249460220337,0.41647249460220337,0.41647249460220337
18613,0.41406241059303284,0.41406241059303284,0.41406241059303284
18620,0.41390320658683777,0.41390320658683777,0.41390320658683777
18635,0.41360044479370117,0.41360044479370117,0.41360044479370117
18637,0.41329425573349,0.41329425573349,0.41329425573349
18651,0.4139084219932556,0.4139084219932556,0.4139084219932556
18664,0.41591185331344604,0.41591185331344604,0.41591185331344604
18667,0.4169239401817322,0.4169239401817322,0.4169239401817322
18668,0.41690364480018616,0.41690364480018616,0.41690364480018616
18669,0.41683709621429443,0.41683709621429443,0.41683709621429443
18670,0.4167448580265045,0.4167448580265045,0.4167448580265045
18672,0.41681379079818726,0.41681379079818726,0.41681379079818726
18673,0.4165411591529846,0.4165411591529846,0.4165411591529846
18678,0.4166586101055145,0.4166586101055145,0.4166586101055145
18685,0.4161092936992645,0.4161092936992645,0.4161092936992645
18689,0.4154313802719116,0.4154313802719116,0.4154313802719116
18692,0.4153822064399719,0.4153822064399719,0.4153822064399719
18705,0.41332486271858215,0.41332486271858215,0.41332486271858215
18711,0.4136660099029541,0.4136660099029541,0.4136660099029541
18722,0.414658784866333,0.414658784866333,0.414658784866333
18740,0.42105746269226074,0.42105746269226074,0.42105746269226074
18743,0.42234355211257935,0.42234355211257935,0.42234355211257935
18755,0.42423731088638306,0.42423731088638306,0.42423731088638306
18776,0.4283275604248047,0.4283275604248047,0.4283275604248047
18780,0.42962226271629333,0.42962226271629333,0.42962226271629333
18781,0.42925259470939636,0.42925259470939636,0.42925259470939636
18793,0.429929256439209,0.429929256439209,0.429929256439209
18796,0.43102630972862244,0.43102630972862244,0.43102630972862244
18800,0.43288785219192505,0.43288785219192505,0.43288785219192505
18803,0.43354350328445435,0.43354350328445435,0.43354350328445435
18806,0.4335072636604309,0.4335072636604309,0.4335072636604309
18818,0.43395963311195374,0.43395963311195374,0.43395963311195374
18820,0.4339810013771057,0.4339810013771057,0.4339810013771057
18821,0.4340335428714752,0.4340335428714752,0.4340335428714752
18825,0.4341196119785309,0.4341196119785309,0.4341196119785309
18826,0.43400251865386963,0.43400251865386963,0.43400251865386963
18841,0.43202728033065796,0.43202728033065796,0.43202728033065796
18844,0.4321240484714508,0.4321240484714508,0.4321240484714508
18849,0.43312135338783264,0.43312135338783264,0.43312135338783264
18864,0.43483588099479675,0.43483588099479675,0.43483588099479675
18870,0.4330350160598755,0.4330350160598755,0.4330350160598755
18872,0.43298444151878357,0.43298444151878357,0.43298444151878357
18874,0.4340440034866333,0.4340440034866333,0.4340440034866333
18876,0.4335874319076538,0.4335874319076538,0.4335874319076538
18878,0.43314576148986816,0.43314576148986816,0.43314576148986816
18879,0.4329942762851715,0.4329942762851715,0.4329942762851715
18888,0.43172693252563477,0.43172693252563477,0.43172693252563477
18891,0.43130090832710266,0.43130090832710266,0.43130090832710266
18894,0.4310535788536072,0.4310535788536072,0.4310535788536072
18898,0.43075522780418396,0.43075522780418396,0.43075522780418396
18904,0.43159252405166626,0.43159252405166626,0.43159252405166626
18913,0.4321077764034271,0.4321077764034271,0.4321077764034271
18920,0.43095168471336365,0.43095168471336365,0.43095168471336365
18923,0.43016478419303894,0.43016478419303894,0.43016478419303894
18925,0.42963844537734985,0.42963844537734985,0.42963844537734985
18934,0.42888936400413513,0.42888936400413513,0.42888936400413513
18935,0.42876946926116943,0.42876946926116943,0.42876946926116943
18938,0.42833244800567627,0.42833244800567627,0.42833244800567627
18946,0.42611849308013916,0.42611849308013916,0.42611849308013916
18949,0.42547863721847534,0.42547863721847534,0.42547863721847534
18950,0.42526236176490784,0.42526236176490784,0.42526236176490784
18951,0.42507195472717285,0.42507195472717285,0.42507195472717285
18975,0.42067089676856995,0.42067089676856995,0.42067089676856995
18976,0.4203971028327942,0.4203971028327942,0.4203971028327942
18983,0.41992858052253723,0.41992858052253723,0.41992858052253723
18985,0.41954055428504944,0.41954055428504944,0.41954055428504944
18987,0.419217973947525,0.419217973947525,0.419217973947525
18990,0.41931384801864624,0.41931384801864624,0.41931384801864624
18996,0.41893357038497925,0.41893357038497925,0.41893357038497925
19003,0.41808679699897766,0.41808679699897766,0.41808679699897766
19006,0.4179336428642273,0.4179336428642273,0.4179336428642273
19007,0.4181121587753296,0.4181121587753296,0.4181121587753296
19010,0.4193035364151001,0.4193035364151001,0.4193035364151001
19027,0.41908708214759827,0.41908708214759827,0.41908708214759827
19032,0.4185125231742859,0.4185125231742859,0.4185125231742859
19040,0.4170847237110138,0.4170847237110138,0.4170847237110138
19042,0.4161434769630432,0.4161434769630432,0.4161434769630432
19044,0.4157538414001465,0.4157538414001465,0.4157538414001465
19046,0.4152495265007019,0.4152495265007019,0.4152495265007019
19062,0.4184870421886444,0.4184870421886444,0.4184870421886444
19069,0.4195077419281006,0.4195077419281006,0.4195077419281006
19073,0.42004725337028503,0.42004725337028503,0.42004725337028503
19076,0.42250964045524597,0.42250964045524597,0.42250964045524597
19093,0.42486515641212463,0.42486515641212463,0.42486515641212463
19095,0.42454349994659424,0.42454349994659424,0.42454349994659424
19109,0.423296183347702,0.423296183347702,0.423296183347702
19111,0.4229380488395691,0.4229380488395691,0.4229380488395691
19115,0.4219356179237366,0.4219356179237366,0.4219356179237366
19116,0.4218040704727173,0.4218040704727173,0.4218040704727173
19126,0.42282772064208984,0.42282772064208984,0.42282772064208984
19136,0.42062804102897644,0.42062804102897644,0.42062804102897644
19139,0.4213424623012543,0.4213424623012543,0.4213424623012543
19140,0.4214497208595276,0.4214497208595276,0.4214497208595276
19148,0.4211779236793518,0.4211779236793518,0.4211779236793518
19167,0.420341819524765,0.420341819524765,0.420341819524765
19168,0.42060890793800354,0.42060890793800354,0.42060890793800354
19170,0.4203245937824249,0.4203245937824249,0.4203245937824249
19177,0.41994354128837585,0.41994354128837585,0.41994354128837585
19180,0.4186449646949768,0.4186449646949768,0.4186449646949768
19197,0.41858047246932983,0.41858047246932983,0.41858047246932983
19199,0.4180085062980652,0.4180085062980652,0.4180085062980652
19201,0.4169944226741791,0.4169944226741791,0.4169944226741791
19208,0.41559338569641113,0.41559338569641113,0.41559338569641113
19210,0.4163493514060974,0.4163493514060974,0.4163493514060974
19216,0.41677746176719666,0.41677746176719666,0.41677746176719666
19222,0.4171971380710602,0.4171971380710602,0.4171971380710602
19225,0.41671767830848694,0.41671767830848694,0.41671767830848694
19236,0.41597887873649597,0.41597887873649597,0.41597887873649597
19251,0.4153168797492981,0.4153168797492981,0.4153168797492981
19256,0.41477882862091064,0.41477882862091064,0.41477882862091064
19258,0.41427353024482727,0.41427353024482727,0.41427353024482727
19261,0.41491076350212097,0.41491076350212097,0.41491076350212097
19263,0.4156952500343323,0.4156952500343323,0.4156952500343323
19266,0.4149150550365448,0.4149150550365448,0.4149150550365448
19281,0.41241326928138733,0.41241326928138733,0.41241326928138733
19290,0.41149795055389404,0.41149795055389404,0.41149795055389404
19296,0.41252896189689636,0.41252896189689636,0.41252896189689636
19297,0.4119832515716553,0.4119832515716553,0.4119832515716553
19320,0.4101584553718567,0.4101584553718567,0.4101584553718567
19326,0.4104081988334656,0.4104081988334656,0.4104081988334656
19350,0.40819716453552246,0.40819716453552246,0.40819716453552246
19359,0.4083765149116516,0.4083765149116516,0.4083765149116516
19371,0.40910249948501587,0.40910249948501587,0.40910249948501587
19377,0.4087813198566437,0.4087813198566437,0.4087813198566437
19381,0.4086322486400604,0.4086322486400604,0.4086322486400604
19388,0.40735092759132385,0.40735092759132385,0.40735092759132385
19389,0.4070883095264435,0.4070883095264435,0.4070883095264435
19396,0.4077122211456299,0.4077122211456299,0.4077122211456299
19405,0.4071508049964905,0.4071508049964905,0.4071508049964905
19408,0.40769416093826294,0.40769416093826294,0.40769416093826294
19411,0.4065342843532562,0.4065342843532562,0.4065342843532562
19414,0.4062364399433136,0.4062364399433136,0.4062364399433136
19416,0.4063687324523926,0.4063687324523926,0.4063687324523926
19435,0.4058920443058014,0.4058920443058014,0.4058920443058014
19446,0.40490347146987915,0.40490347146987915,0.40490347146987915
19450,0.40485838055610657,0.40485838055610657,0.40485838055610657
19464,0.40294164419174194,0.40294164419174194,0.40294164419174194
19471,0.40278390049934387,0.40278390049934387,0.40278390049934387
19478,0.4034251272678375,0.4034251272678375,0.4034251272678375
19481,0.40425118803977966,0.40425118803977966,0.40425118803977966
19486,0.4045971930027008,0.4045971930027008,0.4045971930027008
19489,0.4057696759700775,0.4057696759700775,0.4057696759700775
19494,0.4059966206550598,0.4059966206550598,0.4059966206550598
19499,0.40695592761039734,0.40695592761039734,0.40695592761039734
19502,0.4068169891834259,0.4068169891834259,0.4068169891834259
19507,0.4066895842552185,0.4066895842552185,0.4066895842552185
19510,0.40734362602233887,0.40734362602233887,0.40734362602233887
19511,0.407462477684021,0.407462477684021,0.407462477684021
19516,0.40779873728752136,0.40779873728752136,0.40779873728752136
19518,0.4075365662574768,0.4075365662574768,0.4075365662574768
19525,0.406979501247406,0.406979501247406,0.406979501247406
19529,0.4073982238769531,0.4073982238769531,0.4073982238769531
19534,0.4083135426044464,0.4083135426044464,0.4083135426044464
19545,0.4087728261947632,0.4087728261947632,0.4087728261947632
19546,0.40890294313430786,0.40890294313430786,0.40890294313430786
19548,0.40949487686157227,0.40949487686157227,0.40949487686157227
19564,0.41427353024482727,0.41427353024482727,0.41427353024482727
19567,0.4146440029144287,0.4146440029144287,0.4146440029144287
19570,0.4138188660144806,0.4138188660144806,0.4138188660144806
19572,0.4139668345451355,0.4139668345451355,0.4139668345451355
19581,0.413905531167984,0.413905531167984,0.413905531167984
19582,0.4137367606163025,0.4137367606163025,0.4137367606163025
19585,0.4135640859603882,0.4135640859603882,0.4135640859603882
19592,0.4145338237285614,0.4145338237285614,0.4145338237285614
19595,0.4139513671398163,0.4139513671398163,0.4139513671398163
19603,0.4132118225097656,0.4132118225097656,0.4132118225097656
19604,0.41390812397003174,0.41390812397003174,0.41390812397003174
19618,0.4145454168319702,0.4145454168319702,0.4145454168319702
19620,0.4143921434879303,0.4143921434879303,0.4143921434879303
19627,0.41345614194869995,0.41345614194869995,0.41345614194869995
19634,0.4128831624984741,0.4128831624984741,0.4128831624984741
19653,0.4119657874107361,0.4119657874107361,0.4119657874107361
19654,0.41205182671546936,0.41205182671546936,0.41205182671546936
19659,0.41332775354385376,0.41332775354385376,0.41332775354385376
19660,0.41321685910224915,0.41321685910224915,0.41321685910224915
19673,0.41284263134002686,0.41284263134002686,0.41284263134002686
19676,0.41348350048065186,0.41348350048065186,0.41348350048065186
19680,0.41343578696250916,0.41343578696250916,0.41343578696250916
19681,0.41336774826049805,0.41336774826049805,0.41336774826049805
19683,0.41347429156303406,0.41347429156303406,0.41347429156303406
19686,0.41328972578048706,0.41328972578048706,0.41328972578048706
19695,0.4123727083206177,0.4123727083206177,0.4123727083206177
19704,0.4112502336502075,0.4112502336502075,0.4112502336502075
19709,0.4113112986087799,0.4113112986087799,0.4113112986087799
19711,0.4118550419807434,0.4118550419807434,0.4118550419807434
19712,0.41194215416908264,0.41194215416908264,0.41194215416908264
19716,0.4109775125980377,0.4109775125980377,0.4109775125980377
19718,0.41126954555511475,0.41126954555511475,0.41126954555511475
19725,0.41181233525276184,0.41181233525276184,0.41181233525276184
19740,0.4129771888256073,0.4129771888256073,0.4129771888256073
19752,0.41261428594589233,0.41261428594589233,0.41261428594589233
19761,0.41295814514160156,0.41295814514160156,0.41295814514160156
19768,0.41247567534446716,0.41247567534446716,0.41247567534446716
19777,0.4117461144924164,0.4117461144924164,0.4117461144924164
19787,0.4112752079963684,0.4112752079963684,0.4112752079963684
19805,0.41251474618911743,0.41251474618911743,0.41251474618911743
19809,0.4124295115470886,0.4124295115470886,0.4124295115470886
19836,0.4111745357513428,0.4111745357513428,0.4111745357513428
19838,0.41090092062950134,0.41090092062950134,0.41090092062950134
19839,0.4108310639858246,0.4108310639858246,0.4108310639858246
19841,0.4112330973148346,0.4112330973148346,0.4112330973148346
19843,0.4112499952316284,0.4112499952316284,0.4112499952316284
19864,0.4115760326385498,0.4115760326385498,0.4115760326385498
19878,0.410646915435791,0.410646915435791,0.410646915435791
19883,0.41037890315055847,0.41037890315055847,0.41037890315055847
19891,0.40986472368240356,0.40986472368240356,0.40986472368240356
19899,0.4090184271335602,0.4090184271335602,0.4090184271335602
19900,0.40884479880332947,0.40884479880332947,0.40884479880332947
19901,0.40871694684028625,0.40871694684028625,0.40871694684028625
19906,0.4083087146282196,0.4083087146282196,0.4083087146282196
19911,0.40828144550323486,0.40828144550323486,0.40828144550323486
19912,0.407978355884552,0.407978355884552,0.407978355884552
19916,0.4069136381149292,0.4069136381149292,0.4069136381149292
19918,0.4069306552410126,0.4069306552410126,0.4069306552410126
19924,0.40589237213134766,0.40589237213134766,0.40589237213134766
19929,0.4052313566207886,0.4052313566207886,0.4052313566207886
19931,0.4049168527126312,0.4049168527126312,0.4049168527126312
19934,0.40479809045791626,0.40479809045791626,0.40479809045791626
19935,0.4046383202075958,0.4046383202075958,0.4046383202075958
19937,0.4038749039173126,0.4038749039173126,0.4038749039173126
19938,0.40350762009620667,0.40350762009620667,0.40350762009620667
19939,0.4034798741340637,0.4034798741340637,0.4034798741340637
19946,0.4024428427219391,0.4024428427219391,0.4024428427219391
19950,0.4018450677394867,0.4018450677394867,0.4018450677394867
19981,0.3980177640914917,0.3980177640914917,0.3980177640914917
19986,0.3971136212348938,0.3971136212348938,0.3971136212348938
19992,0.395131915807724,0.395131915807724,0.395131915807724
20001,0.39345085620880127,0.39345085620880127,0.39345085620880127
20010,0.3930957615375519,0.3930957615375519,0.3930957615375519
20011,0.3926805555820465,0.3926805555820465,0.3926805555820465
20014,0.392525851726532,0.392525851726532,0.392525851726532
20018,0.3915018141269684,0.3915018141269684,0.3915018141269684
20019,0.3916815519332886,0.3916815519332886,0.3916815519332886
20026,0.39185184240341187,0.39185184240341187,0.39185184240341187
20029,0.3919232189655304,0.3919232189655304,0.3919232189655304
20033,0.39325591921806335,0.39325591921806335,0.39325591921806335
20043,0.3965924382209778,0.3965924382209778,0.3965924382209778
20046,0.39903226494789124,0.39903226494789124,0.39903226494789124
20054,0.4021438658237457,0.4021438658237457,0.4021438658237457
20062,0.4041447341442108,0.4041447341442108,0.4041447341442108
20069,0.40604454278945923,0.40604454278945923,0.40604454278945923
20072,0.4064755141735077,0.4064755141735077,0.4064755141735077
20079,0.4061857759952545,0.4061857759952545,0.4061857759952545
20088,0.40481123328208923,0.40481123328208923,0.40481123328208923
20092,0.4039551317691803,0.4039551317691803,0.4039551317691803
20101,0.40655115246772766,0.40655115246772766,0.40655115246772766
20118,0.40627607703208923,0.40627607703208923,0.40627607703208923
20120,0.40653565526008606,0.40653565526008606,0.40653565526008606
20122,0.4068075120449066,0.4068075120449066,0.4068075120449066
20129,0.40786775946617126,0.40786775946617126,0.40786775946617126
20130,0.4081096053123474,0.4081096053123474,0.4081096053123474
20131,0.40817564725875854,0.40817564725875854,0.40817564725875854
20135,0.40918055176734924,0.40918055176734924,0.40918055176734924
20137,0.4096643924713135,0.4096643924713135,0.4096643924713135
20156,0.40783557295799255,0.40783557295799255,0.40783557295799255
20166,0.4072321057319641,0.4072321057319641,0.4072321057319641
20170,0.4079001545906067,0.4079001545906067,0.4079001545906067
20178,0.4076411724090576,0.4076411724090576,0.4076411724090576
20184,0.4071822762489319,0.4071822762489319,0.4071822762489319
20192,0.40752947330474854,0.40752947330474854,0.40752947330474854
20199,0.40677252411842346,0.40677252411842346,0.40677252411842346
20205,0.4057057201862335,0.4057057201862335,0.4057057201862335
20208,0.40632569789886475,0.40632569789886475,0.40632569789886475
20209,0.4065220057964325,0.4065220057964325,0.4065220057964325
20213,0.40773630142211914,0.40773630142211914,0.40773630142211914
20231,0.40717047452926636,0.40717047452926636,0.40717047452926636
20232,0.4075249135494232,0.4075249135494232,0.4075249135494232
20233,0.4081043601036072,0.4081043601036072,0.4081043601036072
20241,0.41050830483436584,0.41050830483436584,0.41050830483436584
20249,0.40986907482147217,0.40986907482147217,0.40986907482147217
20252,0.41089707612991333,0.41089707612991333,0.41089707612991333
20253,0.4107380211353302,0.4107380211353302,0.4107380211353302
20257,0.41189104318618774,0.41189104318618774,0.41189104318618774
20259,0.41195085644721985,0.41195085644721985,0.41195085644721985
20265,0.41395971179008484,0.41395971179008484,0.41395971179008484
20266,0.41352078318595886,0.41352078318595886,0.41352078318595886
20277,0.4133170247077942,0.4133170247077942,0.4133170247077942
20278,0.41311654448509216,0.41311654448509216,0.41311654448509216
20285,0.413753867149353,0.413753867149353,0.413753867149353
20290,0.4140141010284424,0.4140141010284424,0.4140141010284424
20297,0.41449227929115295,0.41449227929115295,0.41449227929115295
20302,0.4139280915260315,0.4139280915260315,0.4139280915260315
20315,0.41282781958580017,0.41282781958580017,0.41282781958580017
20317,0.4121730923652649,0.4121730923652649,0.4121730923652649
20337,0.4127028286457062,0.4127028286457062,0.4127028286457062
20338,0.41295289993286133,0.41295289993286133,0.41295289993286133
20345,0.41432812809944153,0.41432812809944153,0.41432812809944153
20350,0.4146961271762848,0.4146961271762848,0.4146961271762848
20355,0.41425564885139465,0.41425564885139465,0.41425564885139465
20372,0.41473326086997986,0.41473326086997986,0.41473326086997986
20381,0.4154714047908783,0.4154714047908783,0.4154714047908783
20384,0.4155665934085846,0.4155665934085846,0.4155665934085846
20386,0.41548386216163635,0.41548386216163635,0.41548386216163635
20387,0.4151044487953186,0.4151044487953186,0.4151044487953186
20390,0.4155282974243164,0.4155282974243164,0.4155282974243164
20392,0.4156852960586548,0.4156852960586548,0.4156852960586548
20393,0.4162639081478119,0.4162639081478119,0.4162639081478119
20397,0.41572293639183044,0.41572293639183044,0.41572293639183044
20399,0.4159627854824066,0.4159627854824066,0.4159627854824066
20401,0.41599202156066895,0.41599202156066895,0.41599202156066895
20407,0.41635778546333313,0.41635778546333313,0.41635778546333313
20411,0.4167146682739258,0.4167146682739258,0.4167146682739258
20421,0.4154697060585022,0.4154697060585022,0.4154697060585022
20423,0.4154641330242157,0.4154641330242157,0.4154641330242157
20425,0.41548365354537964,0.41548365354537964,0.41548365354537964
20434,0.41535016894340515,0.41535016894340515,0.41535016894340515
20435,0.41536498069763184,0.41536498069763184,0.41536498069763184
20437,0.41478103399276733,0.41478103399276733,0.41478103399276733
20442,0.414806067943573,0.414806067943573,0.414806067943573
20462,0.4154619872570038,0.4154619872570038,0.4154619872570038
20463,0.41537800431251526,0.41537800431251526,0.41537800431251526
20484,0.41587021946907043,0.41587021946907043,0.41587021946907043
20494,0.41755566000938416,0.41755566000938416,0.41755566000938416
20525,0.41971197724342346,0.41971197724342346,0.41971197724342346
20535,0.42066490650177,0.42066490650177,0.42066490650177
20548,0.41895413398742676,0.41895413398742676,0.41895413398742676
20554,0.41916564106941223,0.41916564106941223,0.41916564106941223
20557,0.4188065826892853,0.4188065826892853,0.4188065826892853
20568,0.42002609372138977,0.42002609372138977,0.42002609372138977
20569,0.42009395360946655,0.42009395360946655,0.42009395360946655
20574,0.41998782753944397,0.41998782753944397,0.41998782753944397
20577,0.4201977849006653,0.4201977849006653,0.4201977849006653
20579,0.41970935463905334,0.41970935463905334,0.41970935463905334
20587,0.42035892605781555,0.42035892605781555,0.42035892605781555
20588,0.42001697421073914,0.42001697421073914,0.42001697421073914
20596,0.41903406381607056,0.41903406381607056,0.41903406381607056
20597,0.4188999533653259,0.4188999533653259,0.4188999533653259
20602,0.4193655252456665,0.4193655252456665,0.4193655252456665
20607,0.41827335953712463,0.41827335953712463,0.41827335953712463
20609,0.4183667302131653,0.4183667302131653,0.4183667302131653
20621,0.41764774918556213,0.41764774918556213,0.41764774918556213
20628,0.4175410270690918,0.4175410270690918,0.4175410270690918
20633,0.4180300831794739,0.4180300831794739,0.4180300831794739
20652,0.41781672835350037,0.41781672835350037,0.41781672835350037
20655,0.4177931547164917,0.4177931547164917,0.4177931547164917
20659,0.41882240772247314,0.41882240772247314,0.41882240772247314
20667,0.4205961525440216,0.4205961525440216,0.4205961525440216
20668,0.42081618309020996,0.42081618309020996,0.42081618309020996
20683,0.4200672507286072,0.4200672507286072,0.4200672507286072
20695,0.4198358952999115,0.4198358952999115,0.4198358952999115
20706,0.41864144802093506,0.41864144802093506,0.41864144802093506
20713,0.4191771149635315,0.4191771149635315,0.4191771149635315
20721,0.4197767972946167,0.4197767972946167,0.4197767972946167
20723,0.4198411703109741,0.4198411703109741,0.4198411703109741
20725,0.4199792146682739,0.4199792146682739,0.4199792146682739
20731,0.4199318587779999,0.4199318587779999,0.4199318587779999
20748,0.416865736246109,0.416865736246109,0.416865736246109
20756,0.41580313444137573,0.41580313444137573,0.41580313444137573
20763,0.41590461134910583,0.41590461134910583,0.41590461134910583
20766,0.4161726236343384,0.4161726236343384,0.4161726236343384
20772,0.41501981019973755,0.41501981019973755,0.41501981019973755
20774,0.4145715832710266,0.4145715832710266,0.4145715832710266
20781,0.41466084122657776,0.41466084122657776,0.41466084122657776
20792,0.4146738350391388,0.4146738350391388,0.4146738350391388
20795,0.41453447937965393,0.41453447937965393,0.41453447937965393
20797,0.41441482305526733,0.41441482305526733,0.41441482305526733
20814,0.4147352874279022,0.4147352874279022,0.4147352874279022
20817,0.4140510857105255,0.4140510857105255,0.4140510857105255
20820,0.4137662351131439,0.4137662351131439,0.4137662351131439
20828,0.4138893485069275,0.4138893485069275,0.4138893485069275
20833,0.4132799804210663,0.4132799804210663,0.4132799804210663
20835,0.4129860997200012,0.4129860997200012,0.4129860997200012
20847,0.4118802547454834,0.4118802547454834,0.4118802547454834
20851,0.41119295358657837,0.41119295358657837,0.41119295358657837
20853,0.4115030765533447,0.4115030765533447,0.4115030765533447
20854,0.4116029739379883,0.4116029739379883,0.4116029739379883
20855,0.4113052189350128,0.4113052189350128,0.4113052189350128
20868,0.40988031029701233,0.40988031029701233,0.40988031029701233
20872,0.409536749124527,0.409536749124527,0.409536749124527
20873,0.4096967577934265,0.4096967577934265,0.4096967577934265
20891,0.409498393535614,0.409498393535614,0.409498393535614
20893,0.40847301483154297,0.40847301483154297,0.40847301483154297
20895,0.408519446849823,0.408519446849823,0.408519446849823
20926,0.40461790561676025,0.40461790561676025,0.40461790561676025
20930,0.4042524993419647,0.4042524993419647,0.4042524993419647
20944,0.4023258090019226,0.4023258090019226,0.4023258090019226
20971,0.4017311632633209,0.4017311632633209,0.4017311632633209
20973,0.4010744094848633,0.4010744094848633,0.4010744094848633
20978,0.3998011350631714,0.3998011350631714,0.3998011350631714
20982,0.3992955982685089,0.3992955982685089,0.3992955982685089
20984,0.39868226647377014,0.39868226647377014,0.39868226647377014
20987,0.39845308661460876,0.39845308661460876,0.39845308661460876
20993,0.39757946133613586,0.39757946133613586,0.39757946133613586
20995,0.397115558385849,0.397115558385849,0.397115558385849
21001,0.3959108591079712,0.3959108591079712,0.3959108591079712
21018,0.39234402775764465,0.39234402775764465,0.39234402775764465
21022,0.391348659992218,0.391348659992218,0.391348659992218
21047,0.3906998932361603,0.3906998932361603,0.3906998932361603
21048,0.3911660611629486,0.3911660611629486,0.3911660611629486
21051,0.3916080892086029,0.3916080892086029,0.3916080892086029
21056,0.3935604393482208,0.3935604393482208,0.3935604393482208
21059,0.3952268958091736,0.3952268958091736,0.3952268958091736
21069,0.3979777991771698,0.3979777991771698,0.3979777991771698
21071,0.3976663053035736,0.3976663053035736,0.3976663053035736
21075,0.3991250693798065,0.3991250693798065,0.3991250693798065
21077,0.399760365486145,0.399760365486145,0.399760365486145
21079,0.3994545340538025,0.3994545340538025,0.3994545340538025
21083,0.40143218636512756,0.40143218636512756,0.40143218636512756
21084,0.40153953433036804,0.40153953433036804,0.40153953433036804
21089,0.4008338153362274,0.4008338153362274,0.4008338153362274
21092,0.4008939862251282,0.4008939862251282,0.4008939862251282
21093,0.4012892544269562,0.4012892544269562,0.4012892544269562
21096,0.4012962877750397,0.4012962877750397,0.4012962877750397
21098,0.4003845751285553,0.4003845751285553,0.4003845751285553
21102,0.40159934759140015,0.40159934759140015,0.40159934759140015
21115,0.40262487530708313,0.40262487530708313,0.40262487530708313
21116,0.4027552306652069,0.4027552306652069,0.4027552306652069
21118,0.4026975631713867,0.4026975631713867,0.4026975631713867
21123,0.4034079313278198,0.4034079313278198,0.4034079313278198
21128,0.40325042605400085,0.40325042605400085,0.40325042605400085
21141,0.40688836574554443,0.40688836574554443,0.40688836574554443
21144,0.4073268175125122,0.4073268175125122,0.4073268175125122
21149,0.40836605429649353,0.40836605429649353,0.40836605429649353
21157,0.4078076481819153,0.4078076481819153,0.4078076481819153
21160,0.4085886776447296,0.4085886776447296,0.4085886776447296
21164,0.4089008569717407,0.4089008569717407,0.4089008569717407
21194,0.41044092178344727,0.41044092178344727,0.41044092178344727
21201,0.41073077917099,0.41073077917099,0.41073077917099
21218,0.4108944237232208,0.4108944237232208,0.4108944237232208
21226,0.41308316588401794,0.41308316588401794,0.41308316588401794
21230,0.4142293334007263,0.4142293334007263,0.4142293334007263
21243,0.41380804777145386,0.41380804777145386,0.41380804777145386
21254,0.4139384627342224,0.4139384627342224,0.4139384627342224
21268,0.41516584157943726,0.41516584157943726,0.41516584157943726
21271,0.4157055914402008,0.4157055914402008,0.4157055914402008
21276,0.4142303466796875,0.4142303466796875,0.4142303466796875
21278,0.41369691491127014,0.41369691491127014,0.41369691491127014
21279,0.413248747587204,0.413248747587204,0.413248747587204
21284,0.4117315113544464,0.4117315113544464,0.4117315113544464
21290,0.41256779432296753,0.41256779432296753,0.41256779432296753
21312,0.41259804368019104,0.41259804368019104,0.41259804368019104
21314,0.41204267740249634,0.41204267740249634,0.41204267740249634
21324,0.4108210802078247,0.4108210802078247,0.4108210802078247
21327,0.41186457872390747,0.41186457872390747,0.41186457872390747
21338,0.4111509621143341,0.4111509621143341,0.4111509621143341
21341,0.4109598994255066,0.4109598994255066,0.4109598994255066
21352,0.4100615680217743,0.4100615680217743,0.4100615680217743
21355,0.4090938866138458,0.4090938866138458,0.4090938866138458
21356,0.4085242748260498,0.4085242748260498,0.4085242748260498
21357,0.40843039751052856,0.40843039751052856,0.40843039751052856
21363,0.40746504068374634,0.40746504068374634,0.40746504068374634
21364,0.4073140025138855,0.4073140025138855,0.4073140025138855
21370,0.40622779726982117,0.40622779726982117,0.40622779726982117
21382,0.40503203868865967,0.40503203868865967,0.40503203868865967
21383,0.4047628939151764,0.4047628939151764,0.4047628939151764
21392,0.4050043821334839,0.4050043821334839,0.4050043821334839
21404,0.4048595726490021,0.4048595726490021,0.4048595726490021
21410,0.40424832701683044,0.40424832701683044,0.40424832701683044
21435,0.40262603759765625,0.40262603759765625,0.40262603759765625
21441,0.4022381603717804,0.4022381603717804,0.4022381603717804
21444,0.4033072292804718,0.4033072292804718,0.4033072292804718
21447,0.4026518762111664,0.4026518762111664,0.4026518762111664
21449,0.4028095006942749,0.4028095006942749,0.4028095006942749
21459,0.40185338258743286,0.40185338258743286,0.40185338258743286
21472,0.40205347537994385,0.40205347537994385,0.40205347537994385
21474,0.4014660716056824,0.4014660716056824,0.4014660716056824
21487,0.39845696091651917,0.39845696091651917,0.39845696091651917
21491,0.3987223505973816,0.3987223505973816,0.3987223505973816
21493,0.39821672439575195,0.39821672439575195,0.39821672439575195
21495,0.39783138036727905,0.39783138036727905,0.39783138036727905
21500,0.3974313735961914,0.3974313735961914,0.3974313735961914
21504,0.39707884192466736,0.39707884192466736,0.39707884192466736
21505,0.3968004286289215,0.3968004286289215,0.3968004286289215
21513,0.3951122760772705,0.3951122760772705,0.3951122760772705
21530,0.39360323548316956,0.39360323548316956,0.39360323548316956
21547,0.3913893401622772,0.3913893401622772,0.3913893401622772
21549,0.39120858907699585,0.39120858907699585,0.39120858907699585
21573,0.3900288939476013,0.3900288939476013,0.3900288939476013
21574,0.3899606168270111,0.3899606168270111,0.3899606168270111
21587,0.38868898153305054,0.38868898153305054,0.38868898153305054
21588,0.3884925842285156,0.3884925842285156,0.3884925842285156
21590,0.3880954682826996,0.3880954682826996,0.3880954682826996
21593,0.3884379267692566,0.3884379267692566,0.3884379267692566
21594,0.3885684013366699,0.3885684013366699,0.3885684013366699
21597,0.3883770704269409,0.3883770704269409,0.3883770704269409
21598,0.38835832476615906,0.38835832476615906,0.38835832476615906
21603,0.38841789960861206,0.38841789960861206,0.38841789960861206
21614,0.38820475339889526,0.38820475339889526,0.38820475339889526
21622,0.3876487612724304,0.3876487612724304,0.3876487612724304
21625,0.3895663321018219,0.3895663321018219,0.3895663321018219
21630,0.3934191167354584,0.3934191167354584,0.3934191167354584
21639,0.39428454637527466,0.39428454637527466,0.39428454637527466
21641,0.39407747983932495,0.39407747983932495,0.39407747983932495
21651,0.39254361391067505,0.39254361391067505,0.39254361391067505
21657,0.3918282389640808,0.3918282389640808,0.3918282389640808
21666,0.39116570353507996,0.39116570353507996,0.39116570353507996
21667,0.391073077917099,0.391073077917099,0.391073077917099
21684,0.38881880044937134,0.38881880044937134,0.38881880044937134
21693,0.3893474340438843,0.3893474340438843,0.3893474340438843
21703,0.38721197843551636,0.38721197843551636,0.38721197843551636
21708,0.3872443437576294,0.3872443437576294,0.3872443437576294
21714,0.38680872321128845,0.38680872321128845,0.38680872321128845
21716,0.38742703199386597,0.38742703199386597,0.38742703199386597
21723,0.3877037465572357,0.3877037465572357,0.3877037465572357
21729,0.3874799609184265,0.3874799609184265,0.3874799609184265
21730,0.3871884346008301,0.3871884346008301,0.3871884346008301
21737,0.3880271017551422,0.3880271017551422,0.3880271017551422
21740,0.3883684277534485,0.3883684277534485,0.3883684277534485
21747,0.3882809281349182,0.3882809281349182,0.3882809281349182
21757,0.3891329765319824,0.3891329765319824,0.3891329765319824
21765,0.39484965801239014,0.39484965801239014,0.39484965801239014
21770,0.3951566219329834,0.3951566219329834,0.3951566219329834
21778,0.4016178846359253,0.4016178846359253,0.4016178846359253
21784,0.4015783369541168,0.4015783369541168,0.4015783369541168
21788,0.4003646969795227,0.4003646969795227,0.4003646969795227
21801,0.39888232946395874,0.39888232946395874,0.39888232946395874
21806,0.3994992971420288,0.3994992971420288,0.3994992971420288
21809,0.40170904994010925,0.40170904994010925,0.40170904994010925
21816,0.40227729082107544,0.40227729082107544,0.40227729082107544
21829,0.40527456998825073,0.40527456998825073,0.40527456998825073
21831,0.40564286708831787,0.40564286708831787,0.40564286708831787
21853,0.40551331639289856,0.40551331639289856,0.40551331639289856
21856,0.405385285615921,0.405385285615921,0.405385285615921
21866,0.4043264091014862,0.4043264091014862,0.4043264091014862
21876,0.40503808856010437,0.40503808856010437,0.40503808856010437
21881,0.4064909517765045,0.4064909517765045,0.4064909517765045
21887,0.40562596917152405,0.40562596917152405,0.40562596917152405
21890,0.40623342990875244,0.40623342990875244,0.40623342990875244
21892,0.4061393737792969,0.4061393737792969,0.4061393737792969
21893,0.406594842672348,0.406594842672348,0.406594842672348
21898,0.4063117504119873,0.4063117504119873,0.4063117504119873
21901,0.4065375030040741,0.4065375030040741,0.4065375030040741
21907,0.40543028712272644,0.40543028712272644,0.40543028712272644
21915,0.40509170293807983,0.40509170293807983,0.40509170293807983
21920,0.4066251218318939,0.4066251218318939,0.4066251218318939
21925,0.406496524810791,0.406496524810791,0.406496524810791
21947,0.409363716840744,0.409363716840744,0.409363716840744
21953,0.4083327651023865,0.4083327651023865,0.4083327651023865
21955,0.4071866571903229,0.4071866571903229,0.4071866571903229
21962,0.40575823187828064,0.40575823187828064,0.40575823187828064
21970,0.40450096130371094,0.40450096130371094,0.40450096130371094
21976,0.4052070677280426,0.4052070677280426,0.4052070677280426
21985,0.4062266945838928,0.4062266945838928,0.4062266945838928
21986,0.40633848309516907,0.40633848309516907,0.40633848309516907
21988,0.4067368507385254,0.4067368507385254,0.4067368507385254
22003,0.40499642491340637,0.40499642491340637,0.40499642491340637
22005,0.40582895278930664,0.40582895278930664,0.40582895278930664
22011,0.4054499864578247,0.4054499864578247,0.4054499864578247
22022,0.4056265652179718,0.4056265652179718,0.4056265652179718
22023,0.40541496872901917,0.40541496872901917,0.40541496872901917
22024,0.40551671385765076,0.40551671385765076,0.40551671385765076
22026,0.405167818069458,0.405167818069458,0.405167818069458
22028,0.4059806168079376,0.4059806168079376,0.4059806168079376
22033,0.40606385469436646,0.40606385469436646,0.40606385469436646
22060,0.4035049080848694,0.4035049080848694,0.4035049080848694
22064,0.4043339788913727,0.4043339788913727,0.4043339788913727
22065,0.40468522906303406,0.40468522906303406,0.40468522906303406
22076,0.4043038785457611,0.4043038785457611,0.4043038785457611
22081,0.40290209650993347,0.40290209650993347,0.40290209650993347
22087,0.40308716893196106,0.40308716893196106,0.40308716893196106
22088,0.4036213755607605,0.4036213755607605,0.4036213755607605
22106,0.40341413021087646,0.40341413021087646,0.40341413021087646
22118,0.4014039933681488,0.4014039933681488,0.4014039933681488
22133,0.4006573557853699,0.4006573557853699,0.4006573557853699
22134,0.4004107713699341,0.4004107713699341,0.4004107713699341
22141,0.4013262987136841,0.4013262987136841,0.4013262987136841
22152,0.40105706453323364,0.40105706453323364,0.40105706453323364
22153,0.4011690020561218,0.4011690020561218,0.4011690020561218
22173,0.4031625986099243,0.4031625986099243,0.4031625986099243
22195,0.4024902880191803,0.4024902880191803,0.4024902880191803
22197,0.4028596580028534,0.4028596580028534,0.4028596580028534
22205,0.40246322751045227,0.40246322751045227,0.40246322751045227
22218,0.4023544192314148,0.4023544192314148,0.4023544192314148
22228,0.40169379115104675,0.40169379115104675,0.40169379115104675
22229,0.4013986885547638,0.4013986885547638,0.4013986885547638
22245,0.39806097745895386,0.39806097745895386,0.39806097745895386
22272,0.3947734236717224,0.3947734236717224,0.3947734236717224
22284,0.3931407630443573,0.3931407630443573,0.3931407630443573
22285,0.3932623565196991,0.3932623565196991,0.3932623565196991
22288,0.39298194646835327,0.39298194646835327,0.39298194646835327
22289,0.3929446041584015,0.3929446041584015,0.3929446041584015
22291,0.3926445245742798,0.3926445245742798,0.3926445245742798
22301,0.3946356475353241,0.3946356475353241,0.3946356475353241
22309,0.39806097745895386,0.39806097745895386,0.39806097745895386
22312,0.400578111410141,0.400578111410141,0.400578111410141
22317,0.4011497497558594,0.4011497497558594,0.4011497497558594
22318,0.40072867274284363,0.40072867274284363,0.40072867274284363
22321,0.40074318647384644,0.40074318647384644,0.40074318647384644
22335,0.39970770478248596,0.39970770478248596,0.39970770478248596
22337,0.39923030138015747,0.39923030138015747,0.39923030138015747
22340,0.3984426259994507,0.3984426259994507,0.3984426259994507
22345,0.3980203866958618,0.3980203866958618,0.3980203866958618
22352,0.39720144867897034,0.39720144867897034,0.39720144867897034
22358,0.39670389890670776,0.39670389890670776,0.39670389890670776
22361,0.3966885209083557,0.3966885209083557,0.3966885209083557
22365,0.3964990973472595,0.3964990973472595,0.3964990973472595
22375,0.39977583289146423,0.39977583289146423,0.39977583289146423
22379,0.39971813559532166,0.39971813559532166,0.39971813559532166
22384,0.39940446615219116,0.39940446615219116,0.39940446615219116
22387,0.4004834294319153,0.4004834294319153,0.4004834294319153
22392,0.400940477848053,0.400940477848053,0.400940477848053
22393,0.4014509618282318,0.4014509618282318,0.4014509618282318
22401,0.4034310281276703,0.4034310281276703,0.4034310281276703
22406,0.40407586097717285,0.40407586097717285,0.40407586097717285
22427,0.4025380313396454,0.4025380313396454,0.4025380313396454
22429,0.40232741832733154,0.40232741832733154,0.40232741832733154
22452,0.40260034799575806,0.40260034799575806,0.40260034799575806
22467,0.40389448404312134,0.40389448404312134,0.40389448404312134
22481,0.40393033623695374,0.40393033623695374,0.40393033623695374
22486,0.4039922058582306,0.4039922058582306,0.4039922058582306
22487,0.4042005240917206,0.4042005240917206,0.4042005240917206
22493,0.4022929072380066,0.4022929072380066,0.4022929072380066
22502,0.40137818455696106,0.40137818455696106,0.40137818455696106
22524,0.40066972374916077,0.40066972374916077,0.40066972374916077
22527,0.4011040925979614,0.4011040925979614,0.4011040925979614
22531,0.40078654885292053,0.40078654885292053,0.40078654885292053
22535,0.4013962149620056,0.4013962149620056,0.4013962149620056
22536,0.40164506435394287,0.40164506435394287,0.40164506435394287
22538,0.4018110930919647,0.4018110930919647,0.4018110930919647
22544,0.4018014073371887,0.4018014073371887,0.4018014073371887
22552,0.40249621868133545,0.40249621868133545,0.40249621868133545
22566,0.4028572142124176,0.4028572142124176,0.4028572142124176
22574,0.40203341841697693,0.40203341841697693,0.40203341841697693
22578,0.4028596878051758,0.4028596878051758,0.4028596878051758
22581,0.40230944752693176,0.40230944752693176,0.40230944752693176
22594,0.40044230222702026,0.40044230222702026,0.40044230222702026
22598,0.3999922275543213,0.3999922275543213,0.3999922275543213
22599,0.39973267912864685,0.39973267912864685,0.39973267912864685
22600,0.3996516466140747,0.3996516466140747,0.3996516466140747
22608,0.39942464232444763,0.39942464232444763,0.39942464232444763
22615,0.4022449254989624,0.4022449254989624,0.4022449254989624
22618,0.40297043323516846,0.40297043323516846,0.40297043323516846
22632,0.4038456976413727,0.4038456976413727,0.4038456976413727
22635,0.4055594801902771,0.4055594801902771,0.4055594801902771
22644,0.4062345325946808,0.4062345325946808,0.4062345325946808
22645,0.40659186244010925,0.40659186244010925,0.40659186244010925
22647,0.40671414136886597,0.40671414136886597,0.40671414136886597
22649,0.4061390161514282,0.4061390161514282,0.4061390161514282
22651,0.4071253836154938,0.4071253836154938,0.4071253836154938
22661,0.4075523614883423,0.4075523614883423,0.4075523614883423
22667,0.4069455564022064,0.4069455564022064,0.4069455564022064
22670,0.4059220850467682,0.4059220850467682,0.4059220850467682
22683,0.40460729598999023,0.40460729598999023,0.40460729598999023
22689,0.4026893377304077,0.4026893377304077,0.4026893377304077
22694,0.4034641981124878,0.4034641981124878,0.4034641981124878
22705,0.4034059941768646,0.4034059941768646,0.4034059941768646
22712,0.40244126319885254,0.40244126319885254,0.40244126319885254
22714,0.40207639336586,0.40207639336586,0.40207639336586
22716,0.4019010365009308,0.4019010365009308,0.4019010365009308
22718,0.4017542004585266,0.4017542004585266,0.4017542004585266
22724,0.40044549107551575,0.40044549107551575,0.40044549107551575
22730,0.39866575598716736,0.39866575598716736,0.39866575598716736
22736,0.39890989661216736,0.39890989661216736,0.39890989661216736
22747,0.3980666399002075,0.3980666399002075,0.3980666399002075
22759,0.4004778265953064,0.4004778265953064,0.4004778265953064
22781,0.4047524333000183,0.4047524333000183,0.4047524333000183
22790,0.4070146083831787,0.4070146083831787,0.4070146083831787
22807,0.4081425666809082,0.4081425666809082,0.4081425666809082
22814,0.40789708495140076,0.40789708495140076,0.40789708495140076
22815,0.40766412019729614,0.40766412019729614,0.40766412019729614
22820,0.4074174463748932,0.4074174463748932,0.4074174463748932
22821,0.40745580196380615,0.40745580196380615,0.40745580196380615
22827,0.4086916744709015,0.4086916744709015,0.4086916744709015
22833,0.40796807408332825,0.40796807408332825,0.40796807408332825
22836,0.40719935297966003,0.40719935297966003,0.40719935297966003
22838,0.40692219138145447,0.40692219138145447,0.40692219138145447
22844,0.4075302481651306,0.4075302481651306,0.4075302481651306
22847,0.40832972526550293,0.40832972526550293,0.40832972526550293
22849,0.4083464443683624,0.4083464443683624,0.4083464443683624
22853,0.4079984426498413,0.4079984426498413,0.4079984426498413
22862,0.4079696536064148,0.4079696536064148,0.4079696536064148
22866,0.4091131091117859,0.4091131091117859,0.4091131091117859
22867,0.4092157483100891,0.4092157483100891,0.4092157483100891
22869,0.40969619154930115,0.40969619154930115,0.40969619154930115
22870,0.4101637303829193,0.4101637303829193,0.4101637303829193
22880,0.41043832898139954,0.41043832898139954,0.41043832898139954
22891,0.40806344151496887,0.40806344151496887,0.40806344151496887
22893,0.40835994482040405,0.40835994482040405,0.40835994482040405
22900,0.4082350730895996,0.4082350730895996,0.4082350730895996
22901,0.407997727394104,0.407997727394104,0.407997727394104
22917,0.4094012677669525,0.4094012677669525,0.4094012677669525
22924,0.4095669686794281,0.4095669686794281,0.4095669686794281
22931,0.41021472215652466,0.41021472215652466,0.41021472215652466
22936,0.410282164812088,0.410282164812088,0.410282164812088
22957,0.4088178277015686,0.4088178277015686,0.4088178277015686
22959,0.40869656205177307,0.40869656205177307,0.40869656205177307
22960,0.4087056517601013,0.4087056517601013,0.4087056517601013
22961,0.40861475467681885,0.40861475467681885,0.40861475467681885
22966,0.4089527428150177,0.4089527428150177,0.4089527428150177
22967,0.40894079208374023,0.40894079208374023,0.40894079208374023
22972,0.4086523652076721,0.4086523652076721,0.4086523652076721
22974,0.4085165858268738,0.4085165858268738,0.4085165858268738
22976,0.40759268403053284,0.40759268403053284,0.40759268403053284
22978,0.40721821784973145,0.40721821784973145,0.40721821784973145
22994,0.40325748920440674,0.40325748920440674,0.40325748920440674
23000,0.40235188603401184,0.40235188603401184,0.40235188603401184
23001,0.4023175835609436,0.4023175835609436,0.4023175835609436
23003,0.4017426669597626,0.4017426669597626,0.4017426669597626
23005,0.4016021490097046,0.4016021490097046,0.4016021490097046
23006,0.40191441774368286,0.40191441774368286,0.40191441774368286
23010,0.4019346535205841,0.4019346535205841,0.4019346535205841
23012,0.4018494486808777,0.4018494486808777,0.4018494486808777
23014,0.4012504518032074,0.4012504518032074,0.4012504518032074
23018,0.400636225938797,0.400636225938797,0.400636225938797
23020,0.3997041583061218,0.3997041583061218,0.3997041583061218
23021,0.3992738127708435,0.3992738127708435,0.3992738127708435
23024,0.3994191586971283,0.3994191586971283,0.3994191586971283
23031,0.3982871174812317,0.3982871174812317,0.3982871174812317
23034,0.39774733781814575,0.39774733781814575,0.39774733781814575
23036,0.39762595295906067,0.39762595295906067,0.39762595295906067
23048,0.3958387076854706,0.3958387076854706,0.3958387076854706
23056,0.3992050290107727,0.3992050290107727,0.3992050290107727
23067,0.40115371346473694,0.40115371346473694,0.40115371346473694
23084,0.39639267325401306,0.39639267325401306,0.39639267325401306
23087,0.3951568603515625,0.3951568603515625,0.3951568603515625
23090,0.39469796419143677,0.39469796419143677,0.39469796419143677
23091,0.39452672004699707,0.39452672004699707,0.39452672004699707
23120,0.39069923758506775,0.39069923758506775,0.39069923758506775
23125,0.3904305696487427,0.3904305696487427,0.3904305696487427
23132,0.3897664546966553,0.3897664546966553,0.3897664546966553
23136,0.38919171690940857,0.38919171690940857,0.38919171690940857
23139,0.3885369896888733,0.3885369896888733,0.3885369896888733
23142,0.38876447081565857,0.38876447081565857,0.38876447081565857
23143,0.38868260383605957,0.38868260383605957,0.38868260383605957
23150,0.3887391984462738,0.3887391984462738,0.3887391984462738
23154,0.38852885365486145,0.38852885365486145,0.38852885365486145
23159,0.3886004090309143,0.3886004090309143,0.3886004090309143
23163,0.38780477643013,0.38780477643013,0.38780477643013
23165,0.3874708414077759,0.3874708414077759,0.3874708414077759
23171,0.38701555132865906,0.38701555132865906,0.38701555132865906
23176,0.3868715167045593,0.3868715167045593,0.3868715167045593
23179,0.3863351047039032,0.3863351047039032,0.3863351047039032
23182,0.38570675253868103,0.38570675253868103,0.38570675253868103
23195,0.38721174001693726,0.38721174001693726,0.38721174001693726
23215,0.3976675271987915,0.3976675271987915,0.3976675271987915
23224,0.4003552496433258,0.4003552496433258,0.4003552496433258
23226,0.4007176458835602,0.4007176458835602,0.4007176458835602
23227,0.40078219771385193,0.40078219771385193,0.40078219771385193
23231,0.40062522888183594,0.40062522888183594,0.40062522888183594
23232,0.40115484595298767,0.40115484595298767,0.40115484595298767
23236,0.40272873640060425,0.40272873640060425,0.40272873640060425
23246,0.4044923186302185,0.4044923186302185,0.4044923186302185
23260,0.40563181042671204,0.40563181042671204,0.40563181042671204
23277,0.4074111580848694,0.4074111580848694,0.4074111580848694
23278,0.40777483582496643,0.40777483582496643,0.40777483582496643
23285,0.4063073396682739,0.4063073396682739,0.4063073396682739
23286,0.40620172023773193,0.40620172023773193,0.40620172023773193
23295,0.4060806632041931,0.4060806632041931,0.4060806632041931
23300,0.40490758419036865,0.40490758419036865,0.40490758419036865
23303,0.40458688139915466,0.40458688139915466,0.40458688139915466
23304,0.40454429388046265,0.40454429388046265,0.40454429388046265
23308,0.40428757667541504,0.40428757667541504,0.40428757667541504
23323,0.4048413038253784,0.4048413038253784,0.4048413038253784
23325,0.4046436846256256,0.4046436846256256,0.4046436846256256
23326,0.40486541390419006,0.40486541390419006,0.40486541390419006
23329,0.40498411655426025,0.40498411655426025,0.40498411655426025
23332,0.4048943519592285,0.4048943519592285,0.4048943519592285
23335,0.4058649241924286,0.4058649241924286,0.4058649241924286
23342,0.4031558334827423,0.4031558334827423,0.4031558334827423
23346,0.4034736156463623,0.4034736156463623,0.4034736156463623
23348,0.4038158357143402,0.4038158357143402,0.4038158357143402
23356,0.4036559760570526,0.4036559760570526,0.4036559760570526
23364,0.40286099910736084,0.40286099910736084,0.40286099910736084
23376,0.4047408998012543,0.4047408998012543,0.4047408998012543
23385,0.4057798683643341,0.4057798683643341,0.4057798683643341
23402,0.40430042147636414,0.40430042147636414,0.40430042147636414
23410,0.4041239023208618,0.4041239023208618,0.4041239023208618
23411,0.40393897891044617,0.40393897891044617,0.40393897891044617
23414,0.40335720777511597,0.40335720777511597,0.40335720777511597
23419,0.4033711552619934,0.4033711552619934,0.4033711552619934
23425,0.40277132391929626,0.40277132391929626,0.40277132391929626
23430,0.40393880009651184,0.40393880009651184,0.40393880009651184
23435,0.40506523847579956,0.40506523847579956,0.40506523847579956
23437,0.40562283992767334,0.40562283992767334,0.40562283992767334
23442,0.405460923910141,0.405460923910141,0.405460923910141
23443,0.40520501136779785,0.40520501136779785,0.40520501136779785
23450,0.4038943648338318,0.4038943648338318,0.4038943648338318
23455,0.40265175700187683,0.40265175700187683,0.40265175700187683
23462,0.40140607953071594,0.40140607953071594,0.40140607953071594
23463,0.40126872062683105,0.40126872062683105,0.40126872062683105
23468,0.39967358112335205,0.39967358112335205,0.39967358112335205
23474,0.3984323740005493,0.3984323740005493,0.3984323740005493
23477,0.39834141731262207,0.39834141731262207,0.39834141731262207
23479,0.3984602391719818,0.3984602391719818,0.3984602391719818
23482,0.3979935646057129,0.3979935646057129,0.3979935646057129
23498,0.3959294557571411,0.3959294557571411,0.3959294557571411
23509,0.39646515250205994,0.39646515250205994,0.39646515250205994
23514,0.39761629700660706,0.39761629700660706,0.39761629700660706
23521,0.3986749053001404,0.3986749053001404,0.3986749053001404
23527,0.39957836270332336,0.39957836270332336,0.39957836270332336
23533,0.4012993276119232,0.4012993276119232,0.4012993276119232
23543,0.40127578377723694,0.40127578377723694,0.40127578377723694
23549,0.4020247161388397,0.4020247161388397,0.4020247161388397
23554,0.4011882245540619,0.4011882245540619,0.4011882245540619
23561,0.4017622172832489,0.4017622172832489,0.4017622172832489
23580,0.4037376940250397,0.4037376940250397,0.4037376940250397
23586,0.40527695417404175,0.40527695417404175,0.40527695417404175
23589,0.40554338693618774,0.40554338693618774,0.40554338693618774
23590,0.4054546356201172,0.4054546356201172,0.4054546356201172
23597,0.4061254560947418,0.4061254560947418,0.4061254560947418
23598,0.40598416328430176,0.40598416328430176,0.40598416328430176
23602,0.40685969591140747,0.40685969591140747,0.40685969591140747
23606,0.4068352282047272,0.4068352282047272,0.4068352282047272
23610,0.406981885433197,0.406981885433197,0.406981885433197
23611,0.4066394865512848,0.4066394865512848,0.4066394865512848
23617,0.406840980052948,0.406840980052948,0.406840980052948
23619,0.40704819560050964,0.40704819560050964,0.40704819560050964
23620,0.4076535701751709,0.4076535701751709,0.4076535701751709
23625,0.4081527590751648,0.4081527590751648,0.4081527590751648
23636,0.40974631905555725,0.40974631905555725,0.40974631905555725
23645,0.409803569316864,0.409803569316864,0.409803569316864
23652,0.4082100987434387,0.4082100987434387,0.4082100987434387
23654,0.40697214007377625,0.40697214007377625,0.40697214007377625
23660,0.40702927112579346,0.40702927112579346,0.40702927112579346
23662,0.4067193269729614,0.4067193269729614,0.4067193269729614
23664,0.4070492088794708,0.4070492088794708,0.4070492088794708
23670,0.40621769428253174,0.40621769428253174,0.40621769428253174
23699,0.4053930640220642,0.4053930640220642,0.4053930640220642
23708,0.40563035011291504,0.40563035011291504,0.40563035011291504
23713,0.40516194701194763,0.40516194701194763,0.40516194701194763
23725,0.4067530930042267,0.4067530930042267,0.4067530930042267
23727,0.4068116247653961,0.4068116247653961,0.4068116247653961
23737,0.4045855402946472,0.4045855402946472,0.4045855402946472
23744,0.40427249670028687,0.40427249670028687,0.40427249670028687
23747,0.4054122865200043,0.4054122865200043,0.4054122865200043
23748,0.4048963487148285,0.4048963487148285,0.4048963487148285
23753,0.40481239557266235,0.40481239557266235,0.40481239557266235
23755,0.4052788317203522,0.4052788317203522,0.4052788317203522
23764,0.40558919310569763,0.40558919310569763,0.40558919310569763
23766,0.4050557315349579,0.4050557315349579,0.4050557315349579
23774,0.40490370988845825,0.40490370988845825,0.40490370988845825
23784,0.40532395243644714,0.40532395243644714,0.40532395243644714
23796,0.40396955609321594,0.40396955609321594,0.40396955609321594
23797,0.403901606798172,0.403901606798172,0.403901606798172
23801,0.4035953879356384,0.4035953879356384,0.4035953879356384
23803,0.4034534692764282,0.4034534692764282,0.4034534692764282
23814,0.40370267629623413,0.40370267629623413,0.40370267629623413
23815,0.40385353565216064,0.40385353565216064,0.40385353565216064
23819,0.4039953649044037,0.4039953649044037,0.4039953649044037
23824,0.40378639101982117,0.40378639101982117,0.40378639101982117
23829,0.4026072919368744,0.4026072919368744,0.4026072919368744
23844,0.40622881054878235,0.40622881054878235,0.40622881054878235
23850,0.40543240308761597,0.40543240308761597,0.40543240308761597
23852,0.4045620858669281,0.4045620858669281,0.4045620858669281
23857,0.40429842472076416,0.40429842472076416,0.40429842472076416
23858,0.40454819798469543,0.40454819798469543,0.40454819798469543
23859,0.4045834243297577,0.4045834243297577,0.4045834243297577
23865,0.4047452211380005,0.4047452211380005,0.4047452211380005
23873,0.4042344093322754,0.4042344093322754,0.4042344093322754
23876,0.40452638268470764,0.40452638268470764,0.40452638268470764
23877,0.4040758013725281,0.4040758013725281,0.4040758013725281
23880,0.40496826171875,0.40496826171875,0.40496826171875
23883,0.4052427411079407,0.4052427411079407,0.4052427411079407
23894,0.4050660729408264,0.4050660729408264,0.4050660729408264
23895,0.405098021030426,0.405098021030426,0.405098021030426
23903,0.40507614612579346,0.40507614612579346,0.40507614612579346
23910,0.4035431146621704,0.4035431146621704,0.4035431146621704
23913,0.403207004070282,0.403207004070282,0.403207004070282
23919,0.40303343534469604,0.40303343534469604,0.40303343534469604
23921,0.40306010842323303,0.40306010842323303,0.40306010842323303
23922,0.4031119644641876,0.4031119644641876,0.4031119644641876
23936,0.4038653075695038,0.4038653075695038,0.4038653075695038
23942,0.40400782227516174,0.40400782227516174,0.40400782227516174
23945,0.4043061137199402,0.4043061137199402,0.4043061137199402
23946,0.4043029546737671,0.4043029546737671,0.4043029546737671
23952,0.4050888121128082,0.4050888121128082,0.4050888121128082
23961,0.4057850241661072,0.4057850241661072,0.4057850241661072
23963,0.4056803584098816,0.4056803584098816,0.4056803584098816
23974,0.4066091477870941,0.4066091477870941,0.4066091477870941
23985,0.4080711901187897,0.4080711901187897,0.4080711901187897
24000,0.4064421057701111,0.4064421057701111,0.4064421057701111
24003,0.40644732117652893,0.40644732117652893,0.40644732117652893
24031,0.406843364238739,0.406843364238739,0.406843364238739
24032,0.4070528447628021,0.4070528447628021,0.4070528447628021
24033,0.4065288305282593,0.4065288305282593,0.4065288305282593
24037,0.40562906861305237,0.40562906861305237,0.40562906861305237
24045,0.4048493206501007,0.4048493206501007,0.4048493206501007
24047,0.40490517020225525,0.40490517020225525,0.40490517020225525
24055,0.4045804440975189,0.4045804440975189,0.4045804440975189
24079,0.4035995900630951,0.4035995900630951,0.4035995900630951
24082,0.4036548435688019,0.4036548435688019,0.4036548435688019
24087,0.4039214551448822,0.4039214551448822,0.4039214551448822
24096,0.403921902179718,0.403921902179718,0.403921902179718
24100,0.4048389494419098,0.4048389494419098,0.4048389494419098
24103,0.40527012944221497,0.40527012944221497,0.40527012944221497
24119,0.40371936559677124,0.40371936559677124,0.40371936559677124
24120,0.4038549065589905,0.4038549065589905,0.4038549065589905
24129,0.4052141010761261,0.4052141010761261,0.4052141010761261
24130,0.4054739475250244,0.4054739475250244,0.4054739475250244
24132,0.40537720918655396,0.40537720918655396,0.40537720918655396
24139,0.4046076536178589,0.4046076536178589,0.4046076536178589
24140,0.40450358390808105,0.40450358390808105,0.40450358390808105
24165,0.40665745735168457,0.40665745735168457,0.40665745735168457
24166,0.40695852041244507,0.40695852041244507,0.40695852041244507
24167,0.4069570302963257,0.4069570302963257,0.4069570302963257
24171,0.405985951423645,0.405985951423645,0.405985951423645
24180,0.4061123728752136,0.4061123728752136,0.4061123728752136
24181,0.40586167573928833,0.40586167573928833,0.40586167573928833
24182,0.4058310389518738,0.4058310389518738,0.4058310389518738
24190,0.4051387310028076,0.4051387310028076,0.4051387310028076
24194,0.4044954180717468,0.4044954180717468,0.4044954180717468
24197,0.40463095903396606,0.40463095903396606,0.40463095903396606
24199,0.40413227677345276,0.40413227677345276,0.40413227677345276
24209,0.4079763889312744,0.4079763889312744,0.4079763889312744
24217,0.4076276421546936,0.4076276421546936,0.4076276421546936
24224,0.406765341758728,0.406765341758728,0.406765341758728
24231,0.40747880935668945,0.40747880935668945,0.40747880935668945
24240,0.40757593512535095,0.40757593512535095,0.40757593512535095
24246,0.4071902930736542,0.4071902930736542,0.4071902930736542
24252,0.40668627619743347,0.40668627619743347,0.40668627619743347
24255,0.40562573075294495,0.40562573075294495,0.40562573075294495
24267,0.4064398407936096,0.4064398407936096,0.4064398407936096
24275,0.40470194816589355,0.40470194816589355,0.40470194816589355
24284,0.4039359390735626,0.4039359390735626,0.4039359390735626
24291,0.40404435992240906,0.40404435992240906,0.40404435992240906
24298,0.40335121750831604,0.40335121750831604,0.40335121750831604
24299,0.4034675061702728,0.4034675061702728,0.4034675061702728
24312,0.4036543071269989,0.4036543071269989,0.4036543071269989
24315,0.40375861525535583,0.40375861525535583,0.40375861525535583
24334,0.40288951992988586,0.40288951992988586,0.40288951992988586
24349,0.4028628468513489,0.4028628468513489,0.4028628468513489
24366,0.4023081362247467,0.4023081362247467,0.4023081362247467
24372,0.4028199315071106,0.4028199315071106,0.4028199315071106
24380,0.4023003578186035,0.4023003578186035,0.4023003578186035
24382,0.40252649784088135,0.40252649784088135,0.40252649784088135
24384,0.40326449275016785,0.40326449275016785,0.40326449275016785
24388,0.40279632806777954,0.40279632806777954,0.40279632806777954
24389,0.4029065668582916,0.4029065668582916,0.4029065668582916
24391,0.40245431661605835,0.40245431661605835,0.40245431661605835
24392,0.40253010392189026,0.40253010392189026,0.40253010392189026
24396,0.40219923853874207,0.40219923853874207,0.40219923853874207
24397,0.40198785066604614,0.40198785066604614,0.40198785066604614
24402,0.40175461769104004,0.40175461769104004,0.40175461769104004
24411,0.4025081992149353,0.4025081992149353,0.4025081992149353
24416,0.4024425745010376,0.4024425745010376,0.4024425745010376
24417,0.40233808755874634,0.40233808755874634,0.40233808755874634
24425,0.4019867777824402,0.4019867777824402,0.4019867777824402
24428,0.4022136926651001,0.4022136926651001,0.4022136926651001
24429,0.40226641297340393,0.40226641297340393,0.40226641297340393
24431,0.4015663266181946,0.4015663266181946,0.4015663266181946
24434,0.40126103162765503,0.40126103162765503,0.40126103162765503
24439,0.4018627405166626,0.4018627405166626,0.4018627405166626
24443,0.4014187455177307,0.4014187455177307,0.4014187455177307
24450,0.40123942494392395,0.40123942494392395,0.40123942494392395
24456,0.4019334614276886,0.4019334614276886,0.4019334614276886
24461,0.4028269946575165,0.4028269946575165,0.4028269946575165
24463,0.4026227295398712,0.4026227295398712,0.4026227295398712
24465,0.4026974141597748,0.4026974141597748,0.4026974141597748
24471,0.4018673896789551,0.4018673896789551,0.4018673896789551
24480,0.4024733006954193,0.4024733006954193,0.4024733006954193
24481,0.402481347322464,0.402481347322464,0.402481347322464
24486,0.40236350893974304,0.40236350893974304,0.40236350893974304
24487,0.40205809473991394,0.40205809473991394,0.40205809473991394
24488,0.4021837115287781,0.4021837115287781,0.4021837115287781
24499,0.40164104104042053,0.40164104104042053,0.40164104104042053
24501,0.4008873403072357,0.4008873403072357,0.4008873403072357
24504,0.4008530080318451,0.4008530080318451,0.4008530080318451
24509,0.40067368745803833,0.40067368745803833,0.40067368745803833
24512,0.4012119174003601,0.4012119174003601,0.4012119174003601
24518,0.40023159980773926,0.40023159980773926,0.40023159980773926
24522,0.4003891944885254,0.4003891944885254,0.4003891944885254
24523,0.40077638626098633,0.40077638626098633,0.40077638626098633
24538,0.39990437030792236,0.39990437030792236,0.39990437030792236
24544,0.4007239043712616,0.4007239043712616,0.4007239043712616
24554,0.3996846377849579,0.3996846377849579,0.3996846377849579
24556,0.4006061553955078,0.4006061553955078,0.4006061553955078
24558,0.4004811644554138,0.4004811644554138,0.4004811644554138
24561,0.4003094434738159,0.4003094434738159,0.4003094434738159
24566,0.4005654752254486,0.4005654752254486,0.4005654752254486
24573,0.4015478193759918,0.4015478193759918,0.4015478193759918
24577,0.40102311968803406,0.40102311968803406,0.40102311968803406
24584,0.40067440271377563,0.40067440271377563,0.40067440271377563
24585,0.4004862606525421,0.4004862606525421,0.4004862606525421
24589,0.39946335554122925,0.39946335554122925,0.39946335554122925
24590,0.3995429575443268,0.3995429575443268,0.3995429575443268
24592,0.3995993733406067,0.3995993733406067,0.3995993733406067
24595,0.399129182100296,0.399129182100296,0.399129182100296
24621,0.3955325186252594,0.3955325186252594,0.3955325186252594
24628,0.3949691951274872,0.3949691951274872,0.3949691951274872
24645,0.3937998116016388,0.3937998116016388,0.3937998116016388
24653,0.39261919260025024,0.39261919260025024,0.39261919260025024
24654,0.39296191930770874,0.39296191930770874,0.39296191930770874
24662,0.39516445994377136,0.39516445994377136,0.39516445994377136
24673,0.3977077901363373,0.3977077901363373,0.3977077901363373
24678,0.3989001512527466,0.3989001512527466,0.3989001512527466
24682,0.40040019154548645,0.40040019154548645,0.40040019154548645
24685,0.40116143226623535,0.40116143226623535,0.40116143226623535
24690,0.4019972085952759,0.4019972085952759,0.4019972085952759
24695,0.40318700671195984,0.40318700671195984,0.40318700671195984
24715,0.4047127664089203,0.4047127664089203,0.4047127664089203
24719,0.40433746576309204,0.40433746576309204,0.40433746576309204
24723,0.403323769569397,0.403323769569397,0.403323769569397
24735,0.4000643789768219,0.4000643789768219,0.4000643789768219
24737,0.40032050013542175,0.40032050013542175,0.40032050013542175
24738,0.40061911940574646,0.40061911940574646,0.40061911940574646
24740,0.4008331000804901,0.4008331000804901,0.4008331000804901
24756,0.3995261788368225,0.3995261788368225,0.3995261788368225
24759,0.3990969955921173,0.3990969955921173,0.3990969955921173
24776,0.3972407281398773,0.3972407281398773,0.3972407281398773
24777,0.3969232738018036,0.3969232738018036,0.3969232738018036
24779,0.39699241518974304,0.39699241518974304,0.39699241518974304
24795,0.40788131952285767,0.40788131952285767,0.40788131952285767
24796,0.4080350995063782,0.4080350995063782,0.4080350995063782
24802,0.4088176488876343,0.4088176488876343,0.4088176488876343
24803,0.4094711244106293,0.4094711244106293,0.4094711244106293
24810,0.41127124428749084,0.41127124428749084,0.41127124428749084
24811,0.41122162342071533,0.41122162342071533,0.41122162342071533
24812,0.41148561239242554,0.41148561239242554,0.41148561239242554
24817,0.41223207116127014,0.41223207116127014,0.41223207116127014
24820,0.4122602045536041,0.4122602045536041,0.4122602045536041
24831,0.41343066096305847,0.41343066096305847,0.41343066096305847
24834,0.4146246910095215,0.4146246910095215,0.4146246910095215
24842,0.41516926884651184,0.41516926884651184,0.41516926884651184
24843,0.41526558995246887,0.41526558995246887,0.41526558995246887
24844,0.41533178091049194,0.41533178091049194,0.41533178091049194
24852,0.41559550166130066,0.41559550166130066,0.41559550166130066
24859,0.41374117136001587,0.41374117136001587,0.41374117136001587
24868,0.4122706353664398,0.4122706353664398,0.4122706353664398
24875,0.41230064630508423,0.41230064630508423,0.41230064630508423
24876,0.41222238540649414,0.41222238540649414,0.41222238540649414
24887,0.4141652286052704,0.4141652286052704,0.4141652286052704
24890,0.4146542251110077,0.4146542251110077,0.4146542251110077
24894,0.41520270705223083,0.41520270705223083,0.41520270705223083
24896,0.41476231813430786,0.41476231813430786,0.41476231813430786
24897,0.4148573875427246,0.4148573875427246,0.4148573875427246
24899,0.41503483057022095,0.41503483057022095,0.41503483057022095
24904,0.4147135019302368,0.4147135019302368,0.4147135019302368
24907,0.41523298621177673,0.41523298621177673,0.41523298621177673
24914,0.41419729590415955,0.41419729590415955,0.41419729590415955
24920,0.41454124450683594,0.41454124450683594,0.41454124450683594
24926,0.41573137044906616,0.41573137044906616,0.41573137044906616
24927,0.41581106185913086,0.41581106185913086,0.41581106185913086
24932,0.4165591597557068,0.4165591597557068,0.4165591597557068
24934,0.4164281487464905,0.4164281487464905,0.4164281487464905
24935,0.4162813425064087,0.4162813425064087,0.4162813425064087
24942,0.4163299798965454,0.4163299798965454,0.4163299798965454
24960,0.415499746799469,0.415499746799469,0.415499746799469
24964,0.4154770076274872,0.4154770076274872,0.4154770076274872
24967,0.41511407494544983,0.41511407494544983,0.41511407494544983
24970,0.41518232226371765,0.41518232226371765,0.41518232226371765
24975,0.41546183824539185,0.41546183824539185,0.41546183824539185
24977,0.41464763879776,0.41464763879776,0.41464763879776
24988,0.41390401124954224,0.41390401124954224,0.41390401124954224
25005,0.4150427579879761,0.4150427579879761,0.4150427579879761
25006,0.4151662588119507,0.4151662588119507,0.4151662588119507
25008,0.41483181715011597,0.41483181715011597,0.41483181715011597
25009,0.4145888686180115,0.4145888686180115,0.4145888686180115
25016,0.41384708881378174,0.41384708881378174,0.41384708881378174
25026,0.4131259620189667,0.4131259620189667,0.4131259620189667
25027,0.41275331377983093,0.41275331377983093,0.41275331377983093
25032,0.41148367524147034,0.41148367524147034,0.41148367524147034
25033,0.4113357663154602,0.4113357663154602,0.4113357663154602
25035,0.4116878807544708,0.4116878807544708,0.4116878807544708
25038,0.4117822051048279,0.4117822051048279,0.4117822051048279
25053,0.4123438894748688,0.4123438894748688,0.4123438894748688
25055,0.41264599561691284,0.41264599561691284,0.41264599561691284
25056,0.4122769832611084,0.4122769832611084,0.4122769832611084
25060,0.4123378396034241,0.4123378396034241,0.4123378396034241
25062,0.41166219115257263,0.41166219115257263,0.41166219115257263
25067,0.4125237762928009,0.4125237762928009,0.4125237762928009
25077,0.41244709491729736,0.41244709491729736,0.41244709491729736
25092,0.41333845257759094,0.41333845257759094,0.41333845257759094
25105,0.4137203097343445,0.4137203097343445,0.4137203097343445
25106,0.41389086842536926,0.41389086842536926,0.41389086842536926
25114,0.4146978259086609,0.4146978259086609,0.4146978259086609
25126,0.41388970613479614,0.41388970613479614,0.41388970613479614
25137,0.412041574716568,0.412041574716568,0.412041574716568
25140,0.4118318557739258,0.4118318557739258,0.4118318557739258
25141,0.4118805229663849,0.4118805229663849,0.4118805229663849
25142,0.4118756651878357,0.4118756651878357,0.4118756651878357
25145,0.41170161962509155,0.41170161962509155,0.41170161962509155
25161,0.40873396396636963,0.40873396396636963,0.40873396396636963
25162,0.40868303179740906,0.40868303179740906,0.40868303179740906
25168,0.409710168838501,0.409710168838501,0.409710168838501
25172,0.4100708067417145,0.4100708067417145,0.4100708067417145
25179,0.4098304808139801,0.4098304808139801,0.4098304808139801
25180,0.40989217162132263,0.40989217162132263,0.40989217162132263
25181,0.4099586606025696,0.4099586606025696,0.4099586606025696
25182,0.40984365344047546,0.40984365344047546,0.40984365344047546
25190,0.4075831174850464,0.4075831174850464,0.4075831174850464
25196,0.4066978991031647,0.4066978991031647,0.4066978991031647
25203,0.40505534410476685,0.40505534410476685,0.40505534410476685
25206,0.40442121028900146,0.40442121028900146,0.40442121028900146
25213,0.4031023383140564,0.4031023383140564,0.4031023383140564
25217,0.40185314416885376,0.40185314416885376,0.40185314416885376
25228,0.40051424503326416,0.40051424503326416,0.40051424503326416
25230,0.4008830487728119,0.4008830487728119,0.4008830487728119
25231,0.4010102450847626,0.4010102450847626,0.4010102450847626
25238,0.40034961700439453,0.40034961700439453,0.40034961700439453
25239,0.39990949630737305,0.39990949630737305,0.39990949630737305
25252,0.39783868193626404,0.39783868193626404,0.39783868193626404
25258,0.39654016494750977,0.39654016494750977,0.39654016494750977
25262,0.3948328495025635,0.3948328495025635,0.3948328495025635
25265,0.39454934000968933,0.39454934000968933,0.39454934000968933
25277,0.39291778206825256,0.39291778206825256,0.39291778206825256
25289,0.3907611668109894,0.3907611668109894,0.3907611668109894
25290,0.3906538784503937,0.3906538784503937,0.3906538784503937
25300,0.3889180123806,0.3889180123806,0.3889180123806
25302,0.389242023229599,0.389242023229599,0.389242023229599
25304,0.3895072638988495,0.3895072638988495,0.3895072638988495
25310,0.3888150453567505,0.3888150453567505,0.3888150453567505
25330,0.3890097439289093,0.3890097439289093,0.3890097439289093
25335,0.38930612802505493,0.38930612802505493,0.38930612802505493
25339,0.39016813039779663,0.39016813039779663,0.39016813039779663
25340,0.3901287317276001,0.3901287317276001,0.3901287317276001
25346,0.39055782556533813,0.39055782556533813,0.39055782556533813
25347,0.39073166251182556,0.39073166251182556,0.39073166251182556
25349,0.3906365931034088,0.3906365931034088,0.3906365931034088
25352,0.391571044921875,0.391571044921875,0.391571044921875
25358,0.39497679471969604,0.39497679471969604,0.39497679471969604
25371,0.3999168574810028,0.3999168574810028,0.3999168574810028
25381,0.4024549722671509,0.4024549722671509,0.4024549722671509
25386,0.4025309681892395,0.4025309681892395,0.4025309681892395
25388,0.4046033024787903,0.4046033024787903,0.4046033024787903
25391,0.4052468240261078,0.4052468240261078,0.4052468240261078
25401,0.4050244092941284,0.4050244092941284,0.4050244092941284
25409,0.4061863422393799,0.4061863422393799,0.4061863422393799
25423,0.40378162264823914,0.40378162264823914,0.40378162264823914
25437,0.4036237895488739,0.4036237895488739,0.4036237895488739
25440,0.40386050939559937,0.40386050939559937,0.40386050939559937
25447,0.40346306562423706,0.40346306562423706,0.40346306562423706
25457,0.4020015299320221,0.4020015299320221,0.4020015299320221
25468,0.4015457332134247,0.4015457332134247,0.4015457332134247
25469,0.40083548426628113,0.40083548426628113,0.40083548426628113
25474,0.40021058917045593,0.40021058917045593,0.40021058917045593
25479,0.40015050768852234,0.40015050768852234,0.40015050768852234
25480,0.40091490745544434,0.40091490745544434,0.40091490745544434
25494,0.39920681715011597,0.39920681715011597,0.39920681715011597
25500,0.39857104420661926,0.39857104420661926,0.39857104420661926
25503,0.3977591097354889,0.3977591097354889,0.3977591097354889
25523,0.3961612284183502,0.3961612284183502,0.3961612284183502
25539,0.39410609006881714,0.39410609006881714,0.39410609006881714
25540,0.3944425582885742,0.3944425582885742,0.3944425582885742
25543,0.39446544647216797,0.39446544647216797,0.39446544647216797
25566,0.3929033875465393,0.3929033875465393,0.3929033875465393
25567,0.39268678426742554,0.39268678426742554,0.39268678426742554
25575,0.39372164011001587,0.39372164011001587,0.39372164011001587
25581,0.3948090970516205,0.3948090970516205,0.3948090970516205
25591,0.3944908380508423,0.3944908380508423,0.3944908380508423
25592,0.3947727680206299,0.3947727680206299,0.3947727680206299
25596,0.39456596970558167,0.39456596970558167,0.39456596970558167
25597,0.3947983384132385,0.3947983384132385,0.3947983384132385
25607,0.39503663778305054,0.39503663778305054,0.39503663778305054
25617,0.39611104130744934,0.39611104130744934,0.39611104130744934
25621,0.39671653509140015,0.39671653509140015,0.39671653509140015
25626,0.39580854773521423,0.39580854773521423,0.39580854773521423
25628,0.3959009349346161,0.3959009349346161,0.3959009349346161
25640,0.3940092623233795,0.3940092623233795,0.3940092623233795
25646,0.392418771982193,0.392418771982193,0.392418771982193
25653,0.3921620547771454,0.3921620547771454,0.3921620547771454
25662,0.3898986279964447,0.3898986279964447,0.3898986279964447
25670,0.3888862431049347,0.3888862431049347,0.3888862431049347
25675,0.388985812664032,0.388985812664032,0.388985812664032
25679,0.3906061351299286,0.3906061351299286,0.3906061351299286
25683,0.39081016182899475,0.39081016182899475,0.39081016182899475
25693,0.39102989435195923,0.39102989435195923,0.39102989435195923
25695,0.39065679907798767,0.39065679907798767,0.39065679907798767
25706,0.3909054696559906,0.3909054696559906,0.3909054696559906
25710,0.39187175035476685,0.39187175035476685,0.39187175035476685
25722,0.39200395345687866,0.39200395345687866,0.39200395345687866
25725,0.3914530873298645,0.3914530873298645,0.3914530873298645
25730,0.3909151554107666,0.3909151554107666,0.3909151554107666
25733,0.39085713028907776,0.39085713028907776,0.39085713028907776
25740,0.3891536593437195,0.3891536593437195,0.3891536593437195
25751,0.38874560594558716,0.38874560594558716,0.38874560594558716
25758,0.38798338174819946,0.38798338174819946,0.38798338174819946
25759,0.38762637972831726,0.38762637972831726,0.38762637972831726
25764,0.3873113691806793,0.3873113691806793,0.3873113691806793
25765,0.38748085498809814,0.38748085498809814,0.38748085498809814
25771,0.38812264800071716,0.38812264800071716,0.38812264800071716
25774,0.38798555731773376,0.38798555731773376,0.38798555731773376
25775,0.3879950940608978,0.3879950940608978,0.3879950940608978
25779,0.38709545135498047,0.38709545135498047,0.38709545135498047
25781,0.3870457410812378,0.3870457410812378,0.3870457410812378
25785,0.387143075466156,0.387143075466156,0.387143075466156
25791,0.3889870345592499,0.3889870345592499,0.3889870345592499
25805,0.3885404169559479,0.3885404169559479,0.3885404169559479
25815,0.38918086886405945,0.38918086886405945,0.38918086886405945
25822,0.3893778324127197,0.3893778324127197,0.3893778324127197
25829,0.3901481628417969,0.3901481628417969,0.3901481628417969
25836,0.39311590790748596,0.39311590790748596,0.39311590790748596
25839,0.3944642245769501,0.3944642245769501,0.3944642245769501
25846,0.39864450693130493,0.39864450693130493,0.39864450693130493
25850,0.3988032042980194,0.3988032042980194,0.3988032042980194
25858,0.39855116605758667,0.39855116605758667,0.39855116605758667
25871,0.4025609791278839,0.4025609791278839,0.4025609791278839
25897,0.4055935740470886,0.4055935740470886,0.4055935740470886
25899,0.40606147050857544,0.40606147050857544,0.40606147050857544
25906,0.40611714124679565,0.40611714124679565,0.40611714124679565
25912,0.4071823060512543,0.4071823060512543,0.4071823060512543
25914,0.407155305147171,0.407155305147171,0.407155305147171
25925,0.4088984429836273,0.4088984429836273,0.4088984429836273
25926,0.4089564383029938,0.4089564383029938,0.4089564383029938
25932,0.40796947479248047,0.40796947479248047,0.40796947479248047
25934,0.40785154700279236,0.40785154700279236,0.40785154700279236
25938,0.40830639004707336,0.40830639004707336,0.40830639004707336
25940,0.4083479642868042,0.4083479642868042,0.4083479642868042
25941,0.4084031283855438,0.4084031283855438,0.4084031283855438
25943,0.4086267054080963,0.4086267054080963,0.4086267054080963
25951,0.40926945209503174,0.40926945209503174,0.40926945209503174
25958,0.409293532371521,0.409293532371521,0.409293532371521
25961,0.41029614210128784,0.41029614210128784,0.41029614210128784
25964,0.4112313389778137,0.4112313389778137,0.4112313389778137
25965,0.4109044075012207,0.4109044075012207,0.4109044075012207
25966,0.4104416072368622,0.4104416072368622,0.4104416072368622
25971,0.40954405069351196,0.40954405069351196,0.40954405069351196
25985,0.4099610447883606,0.4099610447883606,0.4099610447883606
26016,0.4109879434108734,0.4109879434108734,0.4109879434108734
26019,0.4104918837547302,0.4104918837547302,0.4104918837547302
26029,0.41097161173820496,0.41097161173820496,0.41097161173820496
26032,0.4109872281551361,0.4109872281551361,0.4109872281551361
26042,0.4107006788253784,0.4107006788253784,0.4107006788253784
26044,0.4103163778781891,0.4103163778781891,0.4103163778781891
26046,0.41017451882362366,0.41017451882362366,0.41017451882362366
26050,0.40973877906799316,0.40973877906799316,0.40973877906799316
26068,0.4070301055908203,0.4070301055908203,0.4070301055908203
26071,0.4070048928260803,0.4070048928260803,0.4070048928260803
26075,0.4070650339126587,0.4070650339126587,0.4070650339126587
26079,0.4068456292152405,0.4068456292152405,0.4068456292152405
26082,0.40570923686027527,0.40570923686027527,0.40570923686027527
26085,0.40537601709365845,0.40537601709365845,0.40537601709365845
26090,0.4053054451942444,0.4053054451942444,0.4053054451942444
26094,0.40500015020370483,0.40500015020370483,0.40500015020370483
26106,0.40550297498703003,0.40550297498703003,0.40550297498703003
26113,0.4043222963809967,0.4043222963809967,0.4043222963809967
26115,0.40429747104644775,0.40429747104644775,0.40429747104644775
26121,0.4030053913593292,0.4030053913593292,0.4030053913593292
26132,0.4045168459415436,0.4045168459415436,0.4045168459415436
26154,0.4040530323982239,0.4040530323982239,0.4040530323982239
26155,0.4033774733543396,0.4033774733543396,0.4033774733543396
26159,0.4037863314151764,0.4037863314151764,0.4037863314151764
26164,0.40452295541763306,0.40452295541763306,0.40452295541763306
26167,0.4038636386394501,0.4038636386394501,0.4038636386394501
26169,0.40368103981018066,0.40368103981018066,0.40368103981018066
26210,0.4002408981323242,0.4002408981323242,0.4002408981323242
26217,0.3993380665779114,0.3993380665779114,0.3993380665779114
26227,0.39730602502822876,0.39730602502822876,0.39730602502822876
26235,0.39607077836990356,0.39607077836990356,0.39607077836990356
26239,0.3951101005077362,0.3951101005077362,0.3951101005077362
26240,0.3949265778064728,0.3949265778064728,0.3949265778064728
26253,0.3921201825141907,0.3921201825141907,0.3921201825141907
26260,0.39141562581062317,0.39141562581062317,0.39141562581062317
26264,0.39117488265037537,0.39117488265037537,0.39117488265037537
26266,0.39147552847862244,0.39147552847862244,0.39147552847862244
26267,0.391476571559906,0.391476571559906,0.391476571559906
26295,0.38935282826423645,0.38935282826423645,0.38935282826423645
26298,0.38897138833999634,0.38897138833999634,0.38897138833999634
26307,0.389106810092926,0.389106810092926,0.389106810092926
26311,0.3889042139053345,0.3889042139053345,0.3889042139053345
26320,0.39444804191589355,0.39444804191589355,0.39444804191589355
26332,0.39464524388313293,0.39464524388313293,0.39464524388313293
26333,0.39443692564964294,0.39443692564964294,0.39443692564964294
26343,0.39707785844802856,0.39707785844802856,0.39707785844802856
26348,0.3964429497718811,0.3964429497718811,0.3964429497718811
26357,0.39543724060058594,0.39543724060058594,0.39543724060058594
26365,0.39345985651016235,0.39345985651016235,0.39345985651016235
26366,0.39346957206726074,0.39346957206726074,0.39346957206726074
26370,0.3929184675216675,0.3929184675216675,0.3929184675216675
26377,0.39174407720565796,0.39174407720565796,0.39174407720565796
26383,0.3923609256744385,0.3923609256744385,0.3923609256744385
26387,0.39287206530570984,0.39287206530570984,0.39287206530570984
26393,0.39244115352630615,0.39244115352630615,0.39244115352630615
26398,0.3906679153442383,0.3906679153442383,0.3906679153442383
26411,0.3889288604259491,0.3889288604259491,0.3889288604259491
26423,0.3878181576728821,0.3878181576728821,0.3878181576728821
26431,0.3857841193675995,0.3857841193675995,0.3857841193675995
26444,0.38573020696640015,0.38573020696640015,0.38573020696640015
26453,0.3855062425136566,0.3855062425136566,0.3855062425136566
26464,0.3881443738937378,0.3881443738937378,0.3881443738937378
26481,0.39846867322921753,0.39846867322921753,0.39846867322921753
26482,0.3981039226055145,0.3981039226055145,0.3981039226055145
26483,0.397591233253479,0.397591233253479,0.397591233253479
26484,0.3973733186721802,0.3973733186721802,0.3973733186721802
26502,0.39580202102661133,0.39580202102661133,0.39580202102661133
26507,0.39580827951431274,0.39580827951431274,0.39580827951431274
26510,0.39578425884246826,0.39578425884246826,0.39578425884246826
26511,0.39542943239212036,0.39542943239212036,0.39542943239212036
26529,0.39253485202789307,0.39253485202789307,0.39253485202789307
26546,0.3904469907283783,0.3904469907283783,0.3904469907283783
26547,0.3902049958705902,0.3902049958705902,0.3902049958705902
26557,0.39433586597442627,0.39433586597442627,0.39433586597442627
26565,0.39662355184555054,0.39662355184555054,0.39662355184555054
26569,0.3969232439994812,0.3969232439994812,0.3969232439994812
26572,0.39688777923583984,0.39688777923583984,0.39688777923583984
26578,0.3996618986129761,0.3996618986129761,0.3996618986129761
26589,0.39898622035980225,0.39898622035980225,0.39898622035980225
26591,0.3991531431674957,0.3991531431674957,0.3991531431674957
26598,0.4017537534236908,0.4017537534236908,0.4017537534236908
26602,0.4017215073108673,0.4017215073108673,0.4017215073108673
26625,0.4023191034793854,0.4023191034793854,0.4023191034793854
26626,0.40208205580711365,0.40208205580711365,0.40208205580711365
26628,0.4019758999347687,0.4019758999347687,0.4019758999347687
26629,0.40267214179039,0.40267214179039,0.40267214179039
26635,0.40406084060668945,0.40406084060668945,0.40406084060668945
26660,0.4032464325428009,0.4032464325428009,0.4032464325428009
26663,0.4032256305217743,0.4032256305217743,0.4032256305217743
26669,0.4038497805595398,0.4038497805595398,0.4038497805595398
26674,0.40245315432548523,0.40245315432548523,0.40245315432548523
26686,0.40116047859191895,0.40116047859191895,0.40116047859191895
26691,0.40169522166252136,0.40169522166252136,0.40169522166252136
26694,0.4015268385410309,0.4015268385410309,0.4015268385410309
26701,0.3997765779495239,0.3997765779495239,0.3997765779495239
26708,0.39878469705581665,0.39878469705581665,0.39878469705581665
26709,0.3985486924648285,0.3985486924648285,0.3985486924648285
26737,0.3967430591583252,0.3967430591583252,0.3967430591583252
26738,0.3962027132511139,0.3962027132511139,0.3962027132511139
26741,0.3956349492073059,0.3956349492073059,0.3956349492073059
26752,0.39451098442077637,0.39451098442077637,0.39451098442077637
26753,0.39408838748931885,0.39408838748931885,0.39408838748931885
26759,0.39236849546432495,0.39236849546432495,0.39236849546432495
26762,0.3924371600151062,0.3924371600151062,0.3924371600151062
26763,0.392631471157074,0.392631471157074,0.392631471157074
26767,0.3937068581581116,0.3937068581581116,0.3937068581581116
26768,0.3937210440635681,0.3937210440635681,0.3937210440635681
26777,0.3927213251590729,0.3927213251590729,0.3927213251590729
26782,0.39214879274368286,0.39214879274368286,0.39214879274368286
26790,0.392887145280838,0.392887145280838,0.392887145280838
26798,0.3941654860973358,0.3941654860973358,0.3941654860973358
26799,0.39453238248825073,0.39453238248825073,0.39453238248825073
26809,0.3941917419433594,0.3941917419433594,0.3941917419433594
26819,0.3941381275653839,0.3941381275653839,0.3941381275653839
26821,0.3940211534500122,0.3940211534500122,0.3940211534500122
26834,0.39466530084609985,0.39466530084609985,0.39466530084609985
26835,0.39461347460746765,0.39461347460746765,0.39461347460746765
26837,0.3949940502643585,0.3949940502643585,0.3949940502643585
26847,0.3958486318588257,0.3958486318588257,0.3958486318588257
26862,0.3937072157859802,0.3937072157859802,0.3937072157859802
26868,0.3917175531387329,0.3917175531387329,0.3917175531387329
26877,0.3903248608112335,0.3903248608112335,0.3903248608112335
26888,0.39284002780914307,0.39284002780914307,0.39284002780914307
26891,0.39323335886001587,0.39323335886001587,0.39323335886001587
26925,0.397422194480896,0.397422194480896,0.397422194480896
26929,0.3983682096004486,0.3983682096004486,0.3983682096004486
26934,0.398294597864151,0.398294597864151,0.398294597864151
26938,0.39940038323402405,0.39940038323402405,0.39940038323402405
26945,0.39836621284484863,0.39836621284484863,0.39836621284484863
26951,0.39748555421829224,0.39748555421829224,0.39748555421829224
26952,0.3974379897117615,0.3974379897117615,0.3974379897117615
26959,0.39659082889556885,0.39659082889556885,0.39659082889556885
26960,0.3968932330608368,0.3968932330608368,0.3968932330608368
26969,0.39705967903137207,0.39705967903137207,0.39705967903137207
26973,0.39741000533103943,0.39741000533103943,0.39741000533103943
26980,0.3963358402252197,0.3963358402252197,0.3963358402252197
26981,0.3960902690887451,0.3960902690887451,0.3960902690887451
26990,0.3972783386707306,0.3972783386707306,0.3972783386707306
26993,0.39774057269096375,0.39774057269096375,0.39774057269096375
27004,0.39872854948043823,0.39872854948043823,0.39872854948043823
27014,0.39860209822654724,0.39860209822654724,0.39860209822654724
27015,0.3984087109565735,0.3984087109565735,0.3984087109565735
27033,0.3984633982181549,0.3984633982181549,0.3984633982181549
27041,0.39786291122436523,0.39786291122436523,0.39786291122436523
27046,0.3970434367656708,0.3970434367656708,0.3970434367656708
27067,0.3966992199420929,0.3966992199420929,0.3966992199420929
27070,0.39700451493263245,0.39700451493263245,0.39700451493263245
27085,0.3951493501663208,0.3951493501663208,0.3951493501663208
27087,0.39530229568481445,0.39530229568481445,0.39530229568481445
27093,0.3937435746192932,0.3937435746192932,0.3937435746192932
27104,0.3950750529766083,0.3950750529766083,0.3950750529766083
27128,0.395976185798645,0.395976185798645,0.395976185798645
27132,0.39600107073783875,0.39600107073783875,0.39600107073783875
27139,0.3951789438724518,0.3951789438724518,0.3951789438724518
27140,0.39515000581741333,0.39515000581741333,0.39515000581741333
27142,0.3950099050998688,0.3950099050998688,0.3950099050998688
27148,0.3937748670578003,0.3937748670578003,0.3937748670578003
27170,0.39017993211746216,0.39017993211746216,0.39017993211746216
27180,0.38793304562568665,0.38793304562568665,0.38793304562568665
27181,0.3878464102745056,0.3878464102745056,0.3878464102745056
27185,0.38743123412132263,0.38743123412132263,0.38743123412132263
27188,0.38721010088920593,0.38721010088920593,0.38721010088920593
27190,0.3871593475341797,0.3871593475341797,0.3871593475341797
27192,0.3868788480758667,0.3868788480758667,0.3868788480758667
27200,0.38562068343162537,0.38562068343162537,0.38562068343162537
27201,0.385509729385376,0.385509729385376,0.385509729385376
27204,0.3854319155216217,0.3854319155216217,0.3854319155216217
27209,0.3843372166156769,0.3843372166156769,0.3843372166156769
27214,0.38366106152534485,0.38366106152534485,0.38366106152534485
27217,0.38351118564605713,0.38351118564605713,0.38351118564605713
27225,0.38357850909233093,0.38357850909233093,0.38357850909233093
27236,0.3815995156764984,0.3815995156764984,0.3815995156764984
27240,0.38081634044647217,0.38081634044647217,0.38081634044647217
27248,0.3811008632183075,0.3811008632183075,0.3811008632183075
27252,0.3804933428764343,0.3804933428764343,0.3804933428764343
27255,0.3809816241264343,0.3809816241264343,0.3809816241264343
27263,0.3824283480644226,0.3824283480644226,0.3824283480644226
27273,0.3874376714229584,0.3874376714229584,0.3874376714229584
27278,0.3887125551700592,0.3887125551700592,0.3887125551700592
27286,0.3897702693939209,0.3897702693939209,0.3897702693939209
27287,0.38994261622428894,0.38994261622428894,0.38994261622428894
27305,0.3911401331424713,0.3911401331424713,0.3911401331424713
27316,0.39230310916900635,0.39230310916900635,0.39230310916900635
27318,0.39395809173583984,0.39395809173583984,0.39395809173583984
27327,0.3952767848968506,0.3952767848968506,0.3952767848968506
27337,0.3952961564064026,0.3952961564064026,0.3952961564064026
27351,0.3931489884853363,0.3931489884853363,0.3931489884853363
27367,0.39473146200180054,0.39473146200180054,0.39473146200180054
27373,0.39474624395370483,0.39474624395370483,0.39474624395370483
27380,0.3948163092136383,0.3948163092136383,0.3948163092136383
27392,0.3937254548072815,0.3937254548072815,0.3937254548072815
27396,0.39430153369903564,0.39430153369903564,0.39430153369903564
27401,0.39507198333740234,0.39507198333740234,0.39507198333740234
27402,0.39550748467445374,0.39550748467445374,0.39550748467445374
27409,0.39502835273742676,0.39502835273742676,0.39502835273742676
27415,0.39552152156829834,0.39552152156829834,0.39552152156829834
27433,0.3927312195301056,0.3927312195301056,0.3927312195301056
27436,0.3927755653858185,0.3927755653858185,0.3927755653858185
27443,0.39203983545303345,0.39203983545303345,0.39203983545303345
27446,0.3923293650150299,0.3923293650150299,0.3923293650150299
27454,0.39084914326667786,0.39084914326667786,0.39084914326667786
27458,0.39073091745376587,0.39073091745376587,0.39073091745376587
27464,0.39234206080436707,0.39234206080436707,0.39234206080436707
27467,0.392292857170105,0.392292857170105,0.392292857170105
27470,0.3916760981082916,0.3916760981082916,0.3916760981082916
27473,0.391832172870636,0.391832172870636,0.391832172870636
27476,0.39182475209236145,0.39182475209236145,0.39182475209236145
27477,0.3918067216873169,0.3918067216873169,0.3918067216873169
27480,0.3910231590270996,0.3910231590270996,0.3910231590270996
27481,0.390680193901062,0.390680193901062,0.390680193901062
27494,0.39172056317329407,0.39172056317329407,0.39172056317329407
27506,0.3898180425167084,0.3898180425167084,0.3898180425167084
27509,0.3888760507106781,0.3888760507106781,0.3888760507106781
27511,0.38845473527908325,0.38845473527908325,0.38845473527908325
27513,0.38819587230682373,0.38819587230682373,0.38819587230682373
27515,0.38723504543304443,0.38723504543304443,0.38723504543304443
27517,0.3873862624168396,0.3873862624168396,0.3873862624168396
27526,0.38696470856666565,0.38696470856666565,0.38696470856666565
27528,0.38652318716049194,0.38652318716049194,0.38652318716049194
27531,0.3866444528102875,0.3866444528102875,0.3866444528102875
27542,0.38544294238090515,0.38544294238090515,0.38544294238090515
27545,0.3850623369216919,0.3850623369216919,0.3850623369216919
27549,0.3850911259651184,0.3850911259651184,0.3850911259651184
27554,0.38529688119888306,0.38529688119888306,0.38529688119888306
27556,0.3857254087924957,0.3857254087924957,0.3857254087924957
27567,0.38465678691864014,0.38465678691864014,0.38465678691864014
27570,0.38458484411239624,0.38458484411239624,0.38458484411239624
27590,0.38627132773399353,0.38627132773399353,0.38627132773399353
27591,0.3862789571285248,0.3862789571285248,0.3862789571285248
27592,0.386045902967453,0.386045902967453,0.386045902967453
27595,0.38626450300216675,0.38626450300216675,0.38626450300216675
27596,0.38623926043510437,0.38623926043510437,0.38623926043510437
27601,0.3868957757949829,0.3868957757949829,0.3868957757949829
27614,0.38692647218704224,0.38692647218704224,0.38692647218704224
27618,0.3857238292694092,0.3857238292694092,0.3857238292694092
27630,0.3859586715698242,0.3859586715698242,0.3859586715698242
27631,0.38600561022758484,0.38600561022758484,0.38600561022758484
27634,0.3860962688922882,0.3860962688922882,0.3860962688922882
27650,0.3861471712589264,0.3861471712589264,0.3861471712589264
27651,0.38617968559265137,0.38617968559265137,0.38617968559265137
27652,0.386386513710022,0.386386513710022,0.386386513710022
27658,0.38630038499832153,0.38630038499832153,0.38630038499832153
27661,0.3862581253051758,0.3862581253051758,0.3862581253051758
27663,0.3858819305896759,0.3858819305896759,0.3858819305896759
27680,0.3845004737377167,0.3845004737377167,0.3845004737377167
27681,0.3843103349208832,0.3843103349208832,0.3843103349208832
27683,0.38458457589149475,0.38458457589149475,0.38458457589149475
27685,0.38461440801620483,0.38461440801620483,0.38461440801620483
27702,0.3815358579158783,0.3815358579158783,0.3815358579158783
27712,0.3822100758552551,0.3822100758552551,0.3822100758552551
27717,0.38229885697364807,0.38229885697364807,0.38229885697364807
27728,0.3823281228542328,0.3823281228542328,0.3823281228542328
27732,0.3818639814853668,0.3818639814853668,0.3818639814853668
27744,0.38109633326530457,0.38109633326530457,0.38109633326530457
27753,0.38063403964042664,0.38063403964042664,0.38063403964042664
27761,0.3797498345375061,0.3797498345375061,0.3797498345375061
27765,0.37973496317863464,0.37973496317863464,0.37973496317863464
27770,0.38034501671791077,0.38034501671791077,0.38034501671791077
27775,0.381227046251297,0.381227046251297,0.381227046251297
27782,0.3820894956588745,0.3820894956588745,0.3820894956588745
27791,0.3816527724266052,0.3816527724266052,0.3816527724266052
27794,0.38264137506484985,0.38264137506484985,0.38264137506484985
27800,0.384571373462677,0.384571373462677,0.384571373462677
27815,0.3841427266597748,0.3841427266597748,0.3841427266597748
27821,0.38391926884651184,0.38391926884651184,0.38391926884651184
27833,0.38338783383369446,0.38338783383369446,0.38338783383369446
27834,0.3832263946533203,0.3832263946533203,0.3832263946533203
27849,0.3853824734687805,0.3853824734687805,0.3853824734687805
27864,0.3893016278743744,0.3893016278743744,0.3893016278743744
27868,0.388552725315094,0.388552725315094,0.388552725315094
27870,0.38831111788749695,0.38831111788749695,0.38831111788749695
27889,0.38770782947540283,0.38770782947540283,0.38770782947540283
27900,0.3872457444667816,0.3872457444667816,0.3872457444667816
27908,0.3877771198749542,0.3877771198749542,0.3877771198749542
27913,0.387883722782135,0.387883722782135,0.387883722782135
27918,0.3871617317199707,0.3871617317199707,0.3871617317199707
27919,0.38684409856796265,0.38684409856796265,0.38684409856796265
27921,0.3872281312942505,0.3872281312942505,0.3872281312942505
27926,0.38679224252700806,0.38679224252700806,0.38679224252700806
27929,0.38713622093200684,0.38713622093200684,0.38713622093200684
27931,0.3873404264450073,0.3873404264450073,0.3873404264450073
27936,0.3855679929256439,0.3855679929256439,0.3855679929256439
27938,0.3849407434463501,0.3849407434463501,0.3849407434463501
27946,0.383842796087265,0.383842796087265,0.383842796087265
27949,0.3839779794216156,0.3839779794216156,0.3839779794216156
27956,0.3834344148635864,0.3834344148635864,0.3834344148635864
27969,0.3822980225086212,0.3822980225086212,0.3822980225086212
27970,0.38234326243400574,0.38234326243400574,0.38234326243400574
27971,0.3824496865272522,0.3824496865272522,0.3824496865272522
27974,0.38224342465400696,0.38224342465400696,0.38224342465400696
27989,0.3838253617286682,0.3838253617286682,0.3838253617286682
27993,0.38525527715682983,0.38525527715682983,0.38525527715682983
27995,0.385513037443161,0.385513037443161,0.385513037443161
28001,0.38434725999832153,0.38434725999832153,0.38434725999832153
28007,0.38421720266342163,0.38421720266342163,0.38421720266342163
28011,0.38383352756500244,0.38383352756500244,0.38383352756500244
28015,0.38468819856643677,0.38468819856643677,0.38468819856643677
28016,0.3847290575504303,0.3847290575504303,0.3847290575504303
28025,0.3839443027973175,0.3839443027973175,0.3839443027973175
28030,0.3841746747493744,0.3841746747493744,0.3841746747493744
28048,0.38621774315834045,0.38621774315834045,0.38621774315834045
28070,0.3867444396018982,0.3867444396018982,0.3867444396018982
28077,0.3873658776283264,0.3873658776283264,0.3873658776283264
28078,0.38725101947784424,0.38725101947784424,0.38725101947784424
28079,0.38723719120025635,0.38723719120025635,0.38723719120025635
28083,0.3873356580734253,0.3873356580734253,0.3873356580734253
28084,0.38755762577056885,0.38755762577056885,0.38755762577056885
28093,0.3874141275882721,0.3874141275882721,0.3874141275882721
28099,0.3873346149921417,0.3873346149921417,0.3873346149921417
28108,0.38741588592529297,0.38741588592529297,0.38741588592529297
28113,0.3882489502429962,0.3882489502429962,0.3882489502429962
28116,0.38779759407043457,0.38779759407043457,0.38779759407043457
28118,0.38817721605300903,0.38817721605300903,0.38817721605300903
28127,0.38948357105255127,0.38948357105255127,0.38948357105255127
28133,0.3882450759410858,0.3882450759410858,0.3882450759410858
28134,0.3879995048046112,0.3879995048046112,0.3879995048046112
28157,0.3854045569896698,0.3854045569896698,0.3854045569896698
28166,0.3861241638660431,0.3861241638660431,0.3861241638660431
28167,0.38643646240234375,0.38643646240234375,0.38643646240234375
28173,0.38825616240501404,0.38825616240501404,0.38825616240501404
28174,0.3882058262825012,0.3882058262825012,0.3882058262825012
28188,0.3863988518714905,0.3863988518714905,0.3863988518714905
28194,0.38577207922935486,0.38577207922935486,0.38577207922935486
28195,0.3855914771556854,0.3855914771556854,0.3855914771556854
28198,0.3852979838848114,0.3852979838848114,0.3852979838848114
28199,0.3850809335708618,0.3850809335708618,0.3850809335708618
28215,0.38528674840927124,0.38528674840927124,0.38528674840927124
28229,0.38848692178726196,0.38848692178726196,0.38848692178726196
28232,0.39018774032592773,0.39018774032592773,0.39018774032592773
28236,0.39087748527526855,0.39087748527526855,0.39087748527526855
28242,0.39023709297180176,0.39023709297180176,0.39023709297180176
28244,0.3900945782661438,0.3900945782661438,0.3900945782661438
28248,0.39028748869895935,0.39028748869895935,0.39028748869895935
28250,0.3905806839466095,0.3905806839466095,0.3905806839466095
28251,0.390992134809494,0.390992134809494,0.390992134809494
28260,0.38988685607910156,0.38988685607910156,0.38988685607910156
28268,0.389595091342926,0.389595091342926,0.389595091342926
28274,0.3926757574081421,0.3926757574081421,0.3926757574081421
28286,0.39206793904304504,0.39206793904304504,0.39206793904304504
28309,0.3936823308467865,0.3936823308467865,0.3936823308467865
28332,0.39291083812713623,0.39291083812713623,0.39291083812713623
28337,0.3923606276512146,0.3923606276512146,0.3923606276512146
28340,0.3922330439090729,0.3922330439090729,0.3922330439090729
28345,0.390950083732605,0.390950083732605,0.390950083732605
28346,0.3907768130302429,0.3907768130302429,0.3907768130302429
28361,0.38830339908599854,0.38830339908599854,0.38830339908599854
28363,0.388641357421875,0.388641357421875,0.388641357421875
28371,0.38743701577186584,0.38743701577186584,0.38743701577186584
28372,0.38723522424697876,0.38723522424697876,0.38723522424697876
28373,0.38701489567756653,0.38701489567756653,0.38701489567756653
28375,0.3860474228858948,0.3860474228858948,0.3860474228858948
28378,0.38613924384117126,0.38613924384117126,0.38613924384117126
28387,0.3852591812610626,0.3852591812610626,0.3852591812610626
28394,0.38337817788124084,0.38337817788124084,0.38337817788124084
28395,0.3832709789276123,0.3832709789276123,0.3832709789276123
28399,0.3836439251899719,0.3836439251899719,0.3836439251899719
28404,0.38308048248291016,0.38308048248291016,0.38308048248291016
28409,0.3820602595806122,0.3820602595806122,0.3820602595806122
28410,0.38187918066978455,0.38187918066978455,0.38187918066978455
28414,0.3803137242794037,0.3803137242794037,0.3803137242794037
28417,0.37982529401779175,0.37982529401779175,0.37982529401779175
28449,0.37682095170021057,0.37682095170021057,0.37682095170021057
28453,0.37801992893218994,0.37801992893218994,0.37801992893218994
28458,0.3821900486946106,0.3821900486946106,0.3821900486946106
28460,0.3831386864185333,0.3831386864185333,0.3831386864185333
28464,0.38501542806625366,0.38501542806625366,0.38501542806625366
28470,0.3869056701660156,0.3869056701660156,0.3869056701660156
28472,0.386850506067276,0.386850506067276,0.386850506067276
28488,0.39117592573165894,0.39117592573165894,0.39117592573165894
28505,0.3923899829387665,0.3923899829387665,0.3923899829387665
28506,0.3920183479785919,0.3920183479785919,0.3920183479785919
28514,0.39082181453704834,0.39082181453704834,0.39082181453704834
28517,0.389702707529068,0.389702707529068,0.389702707529068
28519,0.38934627175331116,0.38934627175331116,0.38934627175331116
28527,0.38959822058677673,0.38959822058677673,0.38959822058677673
28541,0.3885825276374817,0.3885825276374817,0.3885825276374817
28543,0.3878469169139862,0.3878469169139862,0.3878469169139862
28545,0.3873109221458435,0.3873109221458435,0.3873109221458435
28548,0.38741472363471985,0.38741472363471985,0.38741472363471985
28559,0.3867090344429016,0.3867090344429016,0.3867090344429016
28574,0.384733110666275,0.384733110666275,0.384733110666275
28585,0.3849550783634186,0.3849550783634186,0.3849550783634186
28586,0.38478773832321167,0.38478773832321167,0.38478773832321167
28591,0.38661253452301025,0.38661253452301025,0.38661253452301025
28592,0.3864668905735016,0.3864668905735016,0.3864668905735016
28601,0.38363856077194214,0.38363856077194214,0.38363856077194214
28606,0.3824916183948517,0.3824916183948517,0.3824916183948517
28610,0.3812974691390991,0.3812974691390991,0.3812974691390991
28616,0.38028475642204285,0.38028475642204285,0.38028475642204285
28618,0.3801083564758301,0.3801083564758301,0.3801083564758301
28620,0.3795992136001587,0.3795992136001587,0.3795992136001587
28621,0.3789304196834564,0.3789304196834564,0.3789304196834564
28628,0.3774109482765198,0.3774109482765198,0.3774109482765198
28644,0.3776213228702545,0.3776213228702545,0.3776213228702545
28660,0.3807913661003113,0.3807913661003113,0.3807913661003113
28661,0.38045534491539,0.38045534491539,0.38045534491539
28665,0.3804693818092346,0.3804693818092346,0.3804693818092346
28667,0.37987786531448364,0.37987786531448364,0.37987786531448364
28672,0.37897416949272156,0.37897416949272156,0.37897416949272156
28674,0.37918394804000854,0.37918394804000854,0.37918394804000854
28681,0.37853774428367615,0.37853774428367615,0.37853774428367615
28692,0.3782377541065216,0.3782377541065216,0.3782377541065216
28694,0.37762826681137085,0.37762826681137085,0.37762826681137085
28700,0.3765659034252167,0.3765659034252167,0.3765659034252167
28706,0.3757992088794708,0.3757992088794708,0.3757992088794708
28711,0.37615689635276794,0.37615689635276794,0.37615689635276794
28717,0.37686997652053833,0.37686997652053833,0.37686997652053833
28721,0.37636253237724304,0.37636253237724304,0.37636253237724304
28731,0.37681108713150024,0.37681108713150024,0.37681108713150024
28736,0.3792788088321686,0.3792788088321686,0.3792788088321686
28748,0.3809007704257965,0.3809007704257965,0.3809007704257965
28755,0.3826277256011963,0.3826277256011963,0.3826277256011963
28760,0.38361549377441406,0.38361549377441406,0.38361549377441406
28772,0.3837685286998749,0.3837685286998749,0.3837685286998749
28773,0.38362228870391846,0.38362228870391846,0.38362228870391846
28804,0.38077157735824585,0.38077157735824585,0.38077157735824585
28805,0.38054752349853516,0.38054752349853516,0.38054752349853516
28806,0.3806019425392151,0.3806019425392151,0.3806019425392151
28808,0.38074666261672974,0.38074666261672974,0.38074666261672974
28811,0.38092905282974243,0.38092905282974243,0.38092905282974243
28812,0.3807997405529022,0.3807997405529022,0.3807997405529022
28815,0.3802696466445923,0.3802696466445923,0.3802696466445923
28821,0.37964311242103577,0.37964311242103577,0.37964311242103577
28825,0.37935855984687805,0.37935855984687805,0.37935855984687805
28843,0.3814222812652588,0.3814222812652588,0.3814222812652588
28850,0.3840196430683136,0.3840196430683136,0.3840196430683136
28851,0.384176641702652,0.384176641702652,0.384176641702652
28860,0.38690903782844543,0.38690903782844543,0.38690903782844543
28861,0.38751447200775146,0.38751447200775146,0.38751447200775146
28865,0.38892629742622375,0.38892629742622375,0.38892629742622375
28866,0.3890305757522583,0.3890305757522583,0.3890305757522583
28871,0.3893543779850006,0.3893543779850006,0.3893543779850006
28875,0.38809141516685486,0.38809141516685486,0.38809141516685486
28879,0.3873928189277649,0.3873928189277649,0.3873928189277649
28882,0.38728106021881104,0.38728106021881104,0.38728106021881104
28885,0.3864207863807678,0.3864207863807678,0.3864207863807678
28892,0.3853352963924408,0.3853352963924408,0.3853352963924408
28896,0.3845817446708679,0.3845817446708679,0.3845817446708679
28898,0.3841093182563782,0.3841093182563782,0.3841093182563782
28916,0.3813595175743103,0.3813595175743103,0.3813595175743103
28917,0.381143182516098,0.381143182516098,0.381143182516098
28922,0.380204439163208,0.380204439163208,0.380204439163208
28927,0.37922748923301697,0.37922748923301697,0.37922748923301697
28932,0.37867680191993713,0.37867680191993713,0.37867680191993713
28938,0.3781883716583252,0.3781883716583252,0.3781883716583252
28939,0.377984881401062,0.377984881401062,0.377984881401062
28941,0.37801748514175415,0.37801748514175415,0.37801748514175415
28944,0.37834295630455017,0.37834295630455017,0.37834295630455017
28953,0.37774986028671265,0.37774986028671265,0.37774986028671265
28965,0.3783362805843353,0.3783362805843353,0.3783362805843353
28976,0.37757518887519836,0.37757518887519836,0.37757518887519836
28981,0.3790441155433655,0.3790441155433655,0.3790441155433655
28988,0.3798583447933197,0.3798583447933197,0.3798583447933197
28993,0.3840715289115906,0.3840715289115906,0.3840715289115906
29001,0.3911537826061249,0.3911537826061249,0.3911537826061249
29004,0.3925000727176666,0.3925000727176666,0.3925000727176666
29007,0.3932017683982849,0.3932017683982849,0.3932017683982849
29011,0.3945744037628174,0.3945744037628174,0.3945744037628174
29021,0.3937307596206665,0.3937307596206665,0.3937307596206665
29022,0.39392298460006714,0.39392298460006714,0.39392298460006714
29026,0.3948700428009033,0.3948700428009033,0.3948700428009033
29034,0.39715442061424255,0.39715442061424255,0.39715442061424255
29036,0.3973453640937805,0.3973453640937805,0.3973453640937805
29058,0.39945486187934875,0.39945486187934875,0.39945486187934875
29059,0.39941537380218506,0.39941537380218506,0.39941537380218506
29062,0.3998377323150635,0.3998377323150635,0.3998377323150635
29065,0.39987584948539734,0.39987584948539734,0.39987584948539734
29067,0.39999526739120483,0.39999526739120483,0.39999526739120483
29076,0.3986012041568756,0.3986012041568756,0.3986012041568756
29077,0.39868974685668945,0.39868974685668945,0.39868974685668945
29082,0.39899882674217224,0.39899882674217224,0.39899882674217224
29090,0.398776650428772,0.398776650428772,0.398776650428772
29096,0.4009144604206085,0.4009144604206085,0.4009144604206085
29104,0.40233904123306274,0.40233904123306274,0.40233904123306274
29105,0.40226903557777405,0.40226903557777405,0.40226903557777405
29110,0.4027407169342041,0.4027407169342041,0.4027407169342041
29112,0.40311259031295776,0.40311259031295776,0.40311259031295776
29117,0.40235430002212524,0.40235430002212524,0.40235430002212524
29123,0.4020693302154541,0.4020693302154541,0.4020693302154541
29132,0.40228739380836487,0.40228739380836487,0.40228739380836487
29139,0.4006662666797638,0.4006662666797638,0.4006662666797638
29152,0.4006296694278717,0.4006296694278717,0.4006296694278717
29157,0.4003511369228363,0.4003511369228363,0.4003511369228363
29162,0.40002161264419556,0.40002161264419556,0.40002161264419556
29171,0.39909783005714417,0.39909783005714417,0.39909783005714417
29172,0.3994385600090027,0.3994385600090027,0.3994385600090027
29175,0.3989531397819519,0.3989531397819519,0.3989531397819519
29179,0.3981021046638489,0.3981021046638489,0.3981021046638489
29183,0.39788109064102173,0.39788109064102173,0.39788109064102173
29197,0.3984093964099884,0.3984093964099884,0.3984093964099884
29221,0.39732155203819275,0.39732155203819275,0.39732155203819275
29224,0.3969505727291107,0.3969505727291107,0.3969505727291107
29239,0.39641162753105164,0.39641162753105164,0.39641162753105164
29241,0.39561206102371216,0.39561206102371216,0.39561206102371216
29264,0.39682745933532715,0.39682745933532715,0.39682745933532715
29269,0.39698106050491333,0.39698106050491333,0.39698106050491333
29272,0.3964891731739044,0.3964891731739044,0.3964891731739044
29274,0.3969252109527588,0.3969252109527588,0.3969252109527588
29277,0.3975740969181061,0.3975740969181061,0.3975740969181061
29279,0.3973037302494049,0.3973037302494049,0.3973037302494049
29281,0.39722925424575806,0.39722925424575806,0.39722925424575806
29287,0.39712634682655334,0.39712634682655334,0.39712634682655334
29293,0.39738017320632935,0.39738017320632935,0.39738017320632935
29306,0.3959585130214691,0.3959585130214691,0.3959585130214691
29308,0.39583712816238403,0.39583712816238403,0.39583712816238403
29321,0.3943290114402771,0.3943290114402771,0.3943290114402771
29325,0.39377740025520325,0.39377740025520325,0.39377740025520325
29327,0.39412668347358704,0.39412668347358704,0.39412668347358704
29345,0.39559903740882874,0.39559903740882874,0.39559903740882874
29347,0.39487388730049133,0.39487388730049133,0.39487388730049133
29349,0.3953550159931183,0.3953550159931183,0.3953550159931183
29360,0.3937826454639435,0.3937826454639435,0.3937826454639435
29382,0.38956141471862793,0.38956141471862793,0.38956141471862793
29393,0.38876718282699585,0.38876718282699585,0.38876718282699585
29399,0.3890852630138397,0.3890852630138397,0.3890852630138397
29401,0.38911110162734985,0.38911110162734985,0.38911110162734985
29409,0.388593852519989,0.388593852519989,0.388593852519989
29412,0.3887702226638794,0.3887702226638794,0.3887702226638794
29413,0.3886709213256836,0.3886709213256836,0.3886709213256836
29417,0.38796427845954895,0.38796427845954895,0.38796427845954895
29418,0.3880828320980072,0.3880828320980072,0.3880828320980072
29423,0.3880270719528198,0.3880270719528198,0.3880270719528198
29424,0.38758862018585205,0.38758862018585205,0.38758862018585205
29427,0.38725703954696655,0.38725703954696655,0.38725703954696655
29428,0.3871350586414337,0.3871350586414337,0.3871350586414337
29432,0.3868332803249359,0.3868332803249359,0.3868332803249359
29455,0.3907264471054077,0.3907264471054077,0.3907264471054077
29460,0.39470893144607544,0.39470893144607544,0.39470893144607544
29461,0.39503583312034607,0.39503583312034607,0.39503583312034607
29467,0.396233469247818,0.396233469247818,0.396233469247818
29469,0.39613521099090576,0.39613521099090576,0.39613521099090576
29472,0.3966253995895386,0.3966253995895386,0.3966253995895386
29473,0.39719492197036743,0.39719492197036743,0.39719492197036743
29475,0.39720240235328674,0.39720240235328674,0.39720240235328674
29483,0.3964807689189911,0.3964807689189911,0.3964807689189911
29501,0.3922629654407501,0.3922629654407501,0.3922629654407501
29508,0.39139044284820557,0.39139044284820557,0.39139044284820557
29510,0.3909423351287842,0.3909423351287842,0.3909423351287842
29516,0.39103662967681885,0.39103662967681885,0.39103662967681885
29517,0.39095956087112427,0.39095956087112427,0.39095956087112427
29523,0.3905324339866638,0.3905324339866638,0.3905324339866638
29545,0.38612985610961914,0.38612985610961914,0.38612985610961914
29574,0.38323113322257996,0.38323113322257996,0.38323113322257996
29581,0.3828781247138977,0.3828781247138977,0.3828781247138977
29582,0.38291093707084656,0.38291093707084656,0.38291093707084656
29583,0.38298484683036804,0.38298484683036804,0.38298484683036804
29584,0.38347485661506653,0.38347485661506653,0.38347485661506653
29585,0.38340720534324646,0.38340720534324646,0.38340720534324646
29586,0.38388538360595703,0.38388538360595703,0.38388538360595703
29591,0.38628464937210083,0.38628464937210083,0.38628464937210083
29593,0.38724514842033386,0.38724514842033386,0.38724514842033386
29595,0.38774561882019043,0.38774561882019043,0.38774561882019043
29596,0.388098806142807,0.388098806142807,0.388098806142807
29598,0.3892131745815277,0.3892131745815277,0.3892131745815277
29603,0.39165645837783813,0.39165645837783813,0.39165645837783813
29604,0.3925778865814209,0.3925778865814209,0.3925778865814209
29605,0.3937090039253235,0.3937090039253235,0.3937090039253235
29608,0.3940883278846741,0.3940883278846741,0.3940883278846741
29609,0.39438754320144653,0.39438754320144653,0.39438754320144653
29610,0.3945719003677368,0.3945719003677368,0.3945719003677368
29611,0.3944655954837799,0.3944655954837799,0.3944655954837799
29621,0.3959523141384125,0.3959523141384125,0.3959523141384125
29625,0.39734312891960144,0.39734312891960144,0.39734312891960144
29626,0.3972395360469818,0.3972395360469818,0.3972395360469818
29629,0.3977707326412201,0.3977707326412201,0.3977707326412201
29640,0.3983658254146576,0.3983658254146576,0.3983658254146576
29646,0.3979623019695282,0.3979623019695282,0.3979623019695282
29654,0.39732393622398376,0.39732393622398376,0.39732393622398376
29661,0.3965201675891876,0.3965201675891876,0.3965201675891876
29669,0.3967963755130768,0.3967963755130768,0.3967963755130768
29681,0.39534521102905273,0.39534521102905273,0.39534521102905273
29682,0.394770085811615,0.394770085811615,0.394770085811615
29689,0.3933126628398895,0.3933126628398895,0.3933126628398895
29693,0.39378824830055237,0.39378824830055237,0.39378824830055237
29696,0.39440202713012695,0.39440202713012695,0.39440202713012695
29709,0.3931586444377899,0.3931586444377899,0.3931586444377899
29712,0.3927774727344513,0.3927774727344513,0.3927774727344513
29713,0.3924117684364319,0.3924117684364319,0.3924117684364319
29714,0.3922884464263916,0.3922884464263916,0.3922884464263916
29715,0.39215800166130066,0.39215800166130066,0.39215800166130066
29725,0.39151322841644287,0.39151322841644287,0.39151322841644287
29729,0.3915061354637146,0.3915061354637146,0.3915061354637146
29731,0.39103278517723083,0.39103278517723083,0.39103278517723083
29738,0.3896959125995636,0.3896959125995636,0.3896959125995636
29750,0.38737213611602783,0.38737213611602783,0.38737213611602783
29762,0.38528454303741455,0.38528454303741455,0.38528454303741455
29782,0.3850139081478119,0.3850139081478119,0.3850139081478119
29784,0.38533079624176025,0.38533079624176025,0.38533079624176025
29787,0.38570016622543335,0.38570016622543335,0.38570016622543335
29788,0.38607242703437805,0.38607242703437805,0.38607242703437805
29796,0.38970646262168884,0.38970646262168884,0.38970646262168884
29797,0.3895415961742401,0.3895415961742401,0.3895415961742401
29799,0.3895967900753021,0.3895967900753021,0.3895967900753021
29807,0.392194926738739,0.392194926738739,0.392194926738739
29809,0.3923889398574829,0.3923889398574829,0.3923889398574829
29821,0.39026597142219543,0.39026597142219543,0.39026597142219543
29822,0.3901143968105316,0.3901143968105316,0.3901143968105316
29828,0.38888925313949585,0.38888925313949585,0.38888925313949585
29831,0.3898358643054962,0.3898358643054962,0.3898358643054962
29833,0.39014238119125366,0.39014238119125366,0.39014238119125366
29839,0.3898470997810364,0.3898470997810364,0.3898470997810364
29855,0.39103010296821594,0.39103010296821594,0.39103010296821594
29881,0.3900638520717621,0.3900638520717621,0.3900638520717621
29889,0.3885853886604309,0.3885853886604309,0.3885853886604309
29890,0.3885979652404785,0.3885979652404785,0.3885979652404785
29891,0.38850346207618713,0.38850346207618713,0.38850346207618713
29894,0.389111191034317,0.389111191034317,0.389111191034317
29904,0.3907320499420166,0.3907320499420166,0.3907320499420166
29905,0.3906724154949188,0.3906724154949188,0.3906724154949188
29907,0.39098384976387024,0.39098384976387024,0.39098384976387024
29919,0.3903663754463196,0.3903663754463196,0.3903663754463196
29926,0.3906066119670868,0.3906066119670868,0.3906066119670868
29931,0.3912474811077118,0.3912474811077118,0.3912474811077118
29933,0.3913032114505768,0.3913032114505768,0.3913032114505768
29948,0.39271116256713867,0.39271116256713867,0.39271116256713867
29956,0.39341938495635986,0.39341938495635986,0.39341938495635986
29963,0.39246681332588196,0.39246681332588196,0.39246681332588196
29966,0.3925005793571472,0.3925005793571472,0.3925005793571472
29969,0.3927445411682129,0.3927445411682129,0.3927445411682129
29971,0.39242246747016907,0.39242246747016907,0.39242246747016907
29981,0.3906541168689728,0.3906541168689728,0.3906541168689728
29992,0.3902627229690552,0.3902627229690552,0.3902627229690552
29996,0.3901674151420593,0.3901674151420593,0.3901674151420593
29999,0.39057061076164246,0.39057061076164246,0.39057061076164246
30009,0.3912292420864105,0.3912292420864105,0.3912292420864105
30038,0.3901114761829376,0.3901114761829376,0.3901114761829376
30040,0.3902416229248047,0.3902416229248047,0.3902416229248047
30052,0.39008036255836487,0.39008036255836487,0.39008036255836487
30053,0.3900260925292969,0.3900260925292969,0.3900260925292969
30065,0.3898496627807617,0.3898496627807617,0.3898496627807617
30069,0.39171531796455383,0.39171531796455383,0.39171531796455383
30072,0.3917630910873413,0.3917630910873413,0.3917630910873413
30075,0.3908352851867676,0.3908352851867676,0.3908352851867676
30099,0.39225634932518005,0.39225634932518005,0.39225634932518005
30103,0.39326155185699463,0.39326155185699463,0.39326155185699463
30104,0.39327436685562134,0.39327436685562134,0.39327436685562134
30106,0.392556756734848,0.392556756734848,0.392556756734848
30110,0.391853392124176,0.391853392124176,0.391853392124176
30115,0.3918170928955078,0.3918170928955078,0.3918170928955078
30120,0.39151495695114136,0.39151495695114136,0.39151495695114136
30124,0.39122506976127625,0.39122506976127625,0.39122506976127625
30126,0.3912026584148407,0.3912026584148407,0.3912026584148407
30130,0.3925836980342865,0.3925836980342865,0.3925836980342865
30134,0.3924550414085388,0.3924550414085388,0.3924550414085388
30138,0.39283204078674316,0.39283204078674316,0.39283204078674316
30141,0.3929225206375122,0.3929225206375122,0.3929225206375122
30147,0.39213114976882935,0.39213114976882935,0.39213114976882935
30160,0.3921758830547333,0.3921758830547333,0.3921758830547333
30163,0.39197611808776855,0.39197611808776855,0.39197611808776855
30176,0.3908115327358246,0.3908115327358246,0.3908115327358246
30184,0.38966602087020874,0.38966602087020874,0.38966602087020874
30189,0.3888006806373596,0.3888006806373596,0.3888006806373596
30191,0.3888680040836334,0.3888680040836334,0.3888680040836334
30197,0.3893775939941406,0.3893775939941406,0.3893775939941406
30208,0.38923749327659607,0.38923749327659607,0.38923749327659607
30218,0.39277493953704834,0.39277493953704834,0.39277493953704834
30226,0.39476796984672546,0.39476796984672546,0.39476796984672546
30227,0.3948928713798523,0.3948928713798523,0.3948928713798523
30232,0.3953496217727661,0.3953496217727661,0.3953496217727661
30234,0.3960295617580414,0.3960295617580414,0.3960295617580414
30250,0.39593735337257385,0.39593735337257385,0.39593735337257385
30253,0.3966620862483978,0.3966620862483978,0.3966620862483978
30254,0.39652156829833984,0.39652156829833984,0.39652156829833984
30274,0.39670515060424805,0.39670515060424805,0.39670515060424805
30308,0.39603736996650696,0.39603736996650696,0.39603736996650696
30312,0.3961673974990845,0.3961673974990845,0.3961673974990845
30318,0.3982805907726288,0.3982805907726288,0.3982805907726288
30320,0.3977743089199066,0.3977743089199066,0.3977743089199066
30325,0.3972688615322113,0.3972688615322113,0.3972688615322113
30326,0.3969948887825012,0.3969948887825012,0.3969948887825012
30330,0.39708617329597473,0.39708617329597473,0.39708617329597473
30332,0.39728644490242004,0.39728644490242004,0.39728644490242004
30340,0.39824914932250977,0.39824914932250977,0.39824914932250977
30342,0.39815735816955566,0.39815735816955566,0.39815735816955566
30350,0.39925551414489746,0.39925551414489746,0.39925551414489746
30354,0.39948543906211853,0.39948543906211853,0.39948543906211853
30362,0.3980485796928406,0.3980485796928406,0.3980485796928406
30368,0.3988104462623596,0.3988104462623596,0.3988104462623596
30371,0.3989412784576416,0.3989412784576416,0.3989412784576416
30378,0.398770272731781,0.398770272731781,0.398770272731781
30379,0.39909735321998596,0.39909735321998596,0.39909735321998596
30384,0.3996618390083313,0.3996618390083313,0.3996618390083313
30390,0.3980869650840759,0.3980869650840759,0.3980869650840759
30395,0.3976763188838959,0.3976763188838959,0.3976763188838959
30401,0.3968416154384613,0.3968416154384613,0.3968416154384613
30414,0.39720427989959717,0.39720427989959717,0.39720427989959717
30418,0.39765945076942444,0.39765945076942444,0.39765945076942444
30428,0.3972887396812439,0.3972887396812439,0.3972887396812439
30437,0.39770346879959106,0.39770346879959106,0.39770346879959106
30456,0.39987286925315857,0.39987286925315857,0.39987286925315857
30457,0.3994479775428772,0.3994479775428772,0.3994479775428772
30459,0.3985036015510559,0.3985036015510559,0.3985036015510559
30462,0.39878273010253906,0.39878273010253906,0.39878273010253906
30469,0.3988323211669922,0.3988323211669922,0.3988323211669922
30477,0.39952296018600464,0.39952296018600464,0.39952296018600464
30479,0.4002079665660858,0.4002079665660858,0.4002079665660858
30480,0.40056779980659485,0.40056779980659485,0.40056779980659485
30492,0.4009079039096832,0.4009079039096832,0.4009079039096832
30494,0.4007563591003418,0.4007563591003418,0.4007563591003418
30501,0.4004436433315277,0.4004436433315277,0.4004436433315277
30504,0.4008806347846985,0.4008806347846985,0.4008806347846985
30507,0.40027016401290894,0.40027016401290894,0.40027016401290894
30511,0.40019479393959045,0.40019479393959045,0.40019479393959045
30515,0.3993159234523773,0.3993159234523773,0.3993159234523773
30519,0.39858555793762207,0.39858555793762207,0.39858555793762207
30523,0.3985670804977417,0.3985670804977417,0.3985670804977417
30530,0.39914748072624207,0.39914748072624207,0.39914748072624207
30533,0.39905110001564026,0.39905110001564026,0.39905110001564026
30535,0.3985912799835205,0.3985912799835205,0.3985912799835205
30536,0.3987492620944977,0.3987492620944977,0.3987492620944977
30553,0.39689040184020996,0.39689040184020996,0.39689040184020996
30558,0.3957013189792633,0.3957013189792633,0.3957013189792633
30563,0.39562705159187317,0.39562705159187317,0.39562705159187317
30565,0.3958625793457031,0.3958625793457031,0.3958625793457031
30568,0.39606279134750366,0.39606279134750366,0.39606279134750366
30573,0.39611437916755676,0.39611437916755676,0.39611437916755676
30575,0.39630892872810364,0.39630892872810364,0.39630892872810364
30580,0.39641720056533813,0.39641720056533813,0.39641720056533813
30582,0.39597102999687195,0.39597102999687195,0.39597102999687195
30586,0.3957141041755676,0.3957141041755676,0.3957141041755676
30591,0.3945405185222626,0.3945405185222626,0.3945405185222626
30595,0.3939949572086334,0.3939949572086334,0.3939949572086334
30598,0.3931596875190735,0.3931596875190735,0.3931596875190735
30604,0.39346495270729065,0.39346495270729065,0.39346495270729065
30606,0.39352938532829285,0.39352938532829285,0.39352938532829285
30607,0.3937723934650421,0.3937723934650421,0.3937723934650421
30620,0.3944368362426758,0.3944368362426758,0.3944368362426758
30624,0.3956262171268463,0.3956262171268463,0.3956262171268463
30625,0.39551571011543274,0.39551571011543274,0.39551571011543274
30635,0.3957611322402954,0.3957611322402954,0.3957611322402954
30640,0.3962111175060272,0.3962111175060272,0.3962111175060272
30667,0.3941206932067871,0.3941206932067871,0.3941206932067871
30669,0.3938010632991791,0.3938010632991791,0.3938010632991791
30671,0.39362433552742004,0.39362433552742004,0.39362433552742004
30684,0.3959721326828003,0.3959721326828003,0.3959721326828003
30692,0.39588937163352966,0.39588937163352966,0.39588937163352966
30693,0.3956490755081177,0.3956490755081177,0.3956490755081177
30698,0.39497989416122437,0.39497989416122437,0.39497989416122437
30699,0.39507293701171875,0.39507293701171875,0.39507293701171875
30704,0.39540961384773254,0.39540961384773254,0.39540961384773254
30711,0.39590179920196533,0.39590179920196533,0.39590179920196533
30715,0.3964860737323761,0.3964860737323761,0.3964860737323761
30718,0.396149605512619,0.396149605512619,0.396149605512619
30720,0.39575356245040894,0.39575356245040894,0.39575356245040894
30721,0.3957723081111908,0.3957723081111908,0.3957723081111908
30725,0.3956781327724457,0.3956781327724457,0.3956781327724457
30727,0.39699411392211914,0.39699411392211914,0.39699411392211914
30744,0.40158265829086304,0.40158265829086304,0.40158265829086304
30746,0.40226680040359497,0.40226680040359497,0.40226680040359497
30751,0.4040347635746002,0.4040347635746002,0.4040347635746002
30753,0.4047219753265381,0.4047219753265381,0.4047219753265381
30761,0.4035378098487854,0.4035378098487854,0.4035378098487854
30773,0.40334558486938477,0.40334558486938477,0.40334558486938477
30779,0.4020287096500397,0.4020287096500397,0.4020287096500397
30780,0.4020853638648987,0.4020853638648987,0.4020853638648987
30788,0.4024581015110016,0.4024581015110016,0.4024581015110016
30793,0.40192413330078125,0.40192413330078125,0.40192413330078125
30803,0.40387722849845886,0.40387722849845886,0.40387722849845886
30807,0.40453049540519714,0.40453049540519714,0.40453049540519714
30816,0.40436190366744995,0.40436190366744995,0.40436190366744995
30826,0.403428852558136,0.403428852558136,0.403428852558136
30827,0.40330153703689575,0.40330153703689575,0.40330153703689575
30830,0.40420928597450256,0.40420928597450256,0.40420928597450256
30832,0.4038568139076233,0.4038568139076233,0.4038568139076233
30833,0.4036850929260254,0.4036850929260254,0.4036850929260254
30834,0.4036201536655426,0.4036201536655426,0.4036201536655426
30836,0.40416985750198364,0.40416985750198364,0.40416985750198364
30840,0.404073566198349,0.404073566198349,0.404073566198349
30846,0.4055333733558655,0.4055333733558655,0.4055333733558655
30850,0.40848031640052795,0.40848031640052795,0.40848031640052795
30853,0.4084955155849457,0.4084955155849457,0.4084955155849457
30866,0.4077734053134918,0.4077734053134918,0.4077734053134918
30869,0.40701064467430115,0.40701064467430115,0.40701064467430115
30870,0.40698206424713135,0.40698206424713135,0.40698206424713135
30876,0.4063289165496826,0.4063289165496826,0.4063289165496826
30880,0.4060932397842407,0.4060932397842407,0.4060932397842407
30884,0.40643689036369324,0.40643689036369324,0.40643689036369324
30886,0.4072458744049072,0.4072458744049072,0.4072458744049072
30888,0.4071204662322998,0.4071204662322998,0.4071204662322998
30896,0.40765178203582764,0.40765178203582764,0.40765178203582764
30898,0.4073958098888397,0.4073958098888397,0.4073958098888397
30915,0.4078044295310974,0.4078044295310974,0.4078044295310974
30918,0.40824639797210693,0.40824639797210693,0.40824639797210693
30922,0.4093550443649292,0.4093550443649292,0.4093550443649292
30928,0.40945374965667725,0.40945374965667725,0.40945374965667725
30929,0.40971294045448303,0.40971294045448303,0.40971294045448303
30937,0.40874969959259033,0.40874969959259033,0.40874969959259033
30962,0.4064277410507202,0.4064277410507202,0.4064277410507202
30980,0.406850129365921,0.406850129365921,0.406850129365921
30989,0.40779179334640503,0.40779179334640503,0.40779179334640503
30995,0.4085913598537445,0.4085913598537445,0.4085913598537445
30996,0.40826255083084106,0.40826255083084106,0.40826255083084106
31003,0.40752658247947693,0.40752658247947693,0.40752658247947693
31006,0.4066336452960968,0.4066336452960968,0.4066336452960968
31007,0.40650439262390137,0.40650439262390137,0.40650439262390137
31017,0.40392452478408813,0.40392452478408813,0.40392452478408813
31019,0.4038035273551941,0.4038035273551941,0.4038035273551941
31028,0.4025878310203552,0.4025878310203552,0.4025878310203552
31038,0.40023744106292725,0.40023744106292725,0.40023744106292725
31053,0.4007858335971832,0.4007858335971832,0.4007858335971832
31067,0.40177881717681885,0.40177881717681885,0.40177881717681885
31070,0.4024210572242737,0.4024210572242737,0.4024210572242737
31079,0.40223583579063416,0.40223583579063416,0.40223583579063416
31081,0.40198051929473877,0.40198051929473877,0.40198051929473877
31083,0.4016437232494354,0.4016437232494354,0.4016437232494354
31090,0.4007810056209564,0.4007810056209564,0.4007810056209564
31091,0.4007917642593384,0.4007917642593384,0.4007917642593384
31098,0.4015708565711975,0.4015708565711975,0.4015708565711975
31100,0.40072962641716003,0.40072962641716003,0.40072962641716003
31102,0.400948166847229,0.400948166847229,0.400948166847229
31109,0.4004088342189789,0.4004088342189789,0.4004088342189789
31126,0.40036076307296753,0.40036076307296753,0.40036076307296753
31131,0.3997935652732849,0.3997935652732849,0.3997935652732849
31135,0.3998272120952606,0.3998272120952606,0.3998272120952606
31139,0.39906105399131775,0.39906105399131775,0.39906105399131775
31141,0.3990676999092102,0.3990676999092102,0.3990676999092102
31142,0.39932870864868164,0.39932870864868164,0.39932870864868164
31148,0.3985946774482727,0.3985946774482727,0.3985946774482727
31153,0.39812374114990234,0.39812374114990234,0.39812374114990234
31159,0.3993626832962036,0.3993626832962036,0.3993626832962036
31166,0.3994419276714325,0.3994419276714325,0.3994419276714325
31182,0.39858993887901306,0.39858993887901306,0.39858993887901306
31192,0.39810848236083984,0.39810848236083984,0.39810848236083984
31193,0.39795973896980286,0.39795973896980286,0.39795973896980286
31200,0.3968833088874817,0.3968833088874817,0.3968833088874817
31215,0.3944179117679596,0.3944179117679596,0.3944179117679596
31220,0.3937467038631439,0.3937467038631439,0.3937467038631439
31221,0.3938267230987549,0.3938267230987549,0.3938267230987549
31236,0.39169520139694214,0.39169520139694214,0.39169520139694214
31245,0.3897078335285187,0.3897078335285187,0.3897078335285187
31250,0.38893577456474304,0.38893577456474304,0.38893577456474304
31253,0.38791102170944214,0.38791102170944214,0.38791102170944214
31259,0.38865628838539124,0.38865628838539124,0.38865628838539124
31260,0.38877034187316895,0.38877034187316895,0.38877034187316895
31264,0.38926181197166443,0.38926181197166443,0.38926181197166443
31283,0.39155134558677673,0.39155134558677673,0.39155134558677673
31294,0.3908887207508087,0.3908887207508087,0.3908887207508087
31296,0.39070239663124084,0.39070239663124084,0.39070239663124084
31297,0.39029937982559204,0.39029937982559204,0.39029937982559204
31301,0.39004459977149963,0.39004459977149963,0.39004459977149963
31303,0.3898259699344635,0.3898259699344635,0.3898259699344635
31306,0.38931748270988464,0.38931748270988464,0.38931748270988464
31311,0.3904903531074524,0.3904903531074524,0.3904903531074524
31315,0.39040249586105347,0.39040249586105347,0.39040249586105347
31351,0.39167487621307373,0.39167487621307373,0.39167487621307373
31360,0.39155271649360657,0.39155271649360657,0.39155271649360657
31366,0.3927496373653412,0.3927496373653412,0.3927496373653412
31379,0.3908623456954956,0.3908623456954956,0.3908623456954956
31387,0.39198946952819824,0.39198946952819824,0.39198946952819824
31390,0.3927084505558014,0.3927084505558014,0.3927084505558014
31397,0.392244428396225,0.392244428396225,0.392244428396225
31399,0.3915807604789734,0.3915807604789734,0.3915807604789734
31403,0.3915157616138458,0.3915157616138458,0.3915157616138458
31404,0.39144572615623474,0.39144572615623474,0.39144572615623474
31410,0.3902621865272522,0.3902621865272522,0.3902621865272522
31415,0.38950315117836,0.38950315117836,0.38950315117836
31427,0.3878924548625946,0.3878924548625946,0.3878924548625946
31438,0.3885236084461212,0.3885236084461212,0.3885236084461212
31454,0.3869616985321045,0.3869616985321045,0.3869616985321045
31460,0.3864572048187256,0.3864572048187256,0.3864572048187256
31469,0.3847384452819824,0.3847384452819824,0.3847384452819824
31472,0.38496869802474976,0.38496869802474976,0.38496869802474976
31490,0.3825191557407379,0.3825191557407379,0.3825191557407379
31495,0.38157418370246887,0.38157418370246887,0.38157418370246887
31500,0.38098931312561035,0.38098931312561035,0.38098931312561035
31501,0.38076454401016235,0.38076454401016235,0.38076454401016235
31505,0.380496621131897,0.380496621131897,0.380496621131897
31507,0.3803294003009796,0.3803294003009796,0.3803294003009796
31510,0.3797589838504791,0.3797589838504791,0.3797589838504791
31517,0.37846070528030396,0.37846070528030396,0.37846070528030396
31522,0.37791043519973755,0.37791043519973755,0.37791043519973755
31525,0.37785646319389343,0.37785646319389343,0.37785646319389343
31540,0.37999585270881653,0.37999585270881653,0.37999585270881653
31542,0.3793857991695404,0.3793857991695404,0.3793857991695404
31547,0.37933316826820374,0.37933316826820374,0.37933316826820374
31551,0.3796689510345459,0.3796689510345459,0.3796689510345459
31559,0.37973931431770325,0.37973931431770325,0.37973931431770325
31561,0.37932252883911133,0.37932252883911133,0.37932252883911133
31567,0.37975460290908813,0.37975460290908813,0.37975460290908813
31581,0.37855395674705505,0.37855395674705505,0.37855395674705505
31584,0.378085732460022,0.378085732460022,0.378085732460022
31599,0.378696471452713,0.378696471452713,0.378696471452713
31603,0.378409743309021,0.378409743309021,0.378409743309021
31614,0.3794916570186615,0.3794916570186615,0.3794916570186615
31615,0.37937888503074646,0.37937888503074646,0.37937888503074646
31627,0.3778294324874878,0.3778294324874878,0.3778294324874878
31629,0.37757542729377747,0.37757542729377747,0.37757542729377747
31630,0.37775737047195435,0.37775737047195435,0.37775737047195435
31634,0.37873345613479614,0.37873345613479614,0.37873345613479614
31637,0.3797312080860138,0.3797312080860138,0.3797312080860138
31641,0.3794853687286377,0.3794853687286377,0.3794853687286377
31644,0.3795402944087982,0.3795402944087982,0.3795402944087982
31648,0.37981075048446655,0.37981075048446655,0.37981075048446655
31658,0.3791392147541046,0.3791392147541046,0.3791392147541046
31663,0.3800637125968933,0.3800637125968933,0.3800637125968933
31672,0.3786064684391022,0.3786064684391022,0.3786064684391022
31689,0.3808680772781372,0.3808680772781372,0.3808680772781372
31693,0.3812551498413086,0.3812551498413086,0.3812551498413086
31711,0.38489997386932373,0.38489997386932373,0.38489997386932373
31719,0.3887735605239868,0.3887735605239868,0.3887735605239868
31725,0.39024046063423157,0.39024046063423157,0.39024046063423157
31728,0.39025595784187317,0.39025595784187317,0.39025595784187317
31734,0.3906882107257843,0.3906882107257843,0.3906882107257843
31735,0.3906066119670868,0.3906066119670868,0.3906066119670868
31736,0.39033836126327515,0.39033836126327515,0.39033836126327515
31737,0.3902776837348938,0.3902776837348938,0.3902776837348938
31743,0.38974812626838684,0.38974812626838684,0.38974812626838684
31744,0.3898744285106659,0.3898744285106659,0.3898744285106659
31749,0.39033377170562744,0.39033377170562744,0.39033377170562744
31751,0.3912477493286133,0.3912477493286133,0.3912477493286133
31757,0.3923899233341217,0.3923899233341217,0.3923899233341217
31768,0.393665075302124,0.393665075302124,0.393665075302124
31770,0.3931649923324585,0.3931649923324585,0.3931649923324585
31772,0.3940924406051636,0.3940924406051636,0.3940924406051636
31774,0.39332664012908936,0.39332664012908936,0.39332664012908936
31775,0.3931660056114197,0.3931660056114197,0.3931660056114197
31778,0.39330241084098816,0.39330241084098816,0.39330241084098816
31780,0.392595112323761,0.392595112323761,0.392595112323761
31785,0.39347612857818604,0.39347612857818604,0.39347612857818604
31787,0.3933037519454956,0.3933037519454956,0.3933037519454956
31788,0.3930932283401489,0.3930932283401489,0.3930932283401489
31790,0.3929654359817505,0.3929654359817505,0.3929654359817505
31798,0.3941330909729004,0.3941330909729004,0.3941330909729004
31803,0.3955000638961792,0.3955000638961792,0.3955000638961792
31804,0.3956928253173828,0.3956928253173828,0.3956928253173828
31810,0.3947213292121887,0.3947213292121887,0.3947213292121887
31831,0.39414137601852417,0.39414137601852417,0.39414137601852417
31832,0.3940601944923401,0.3940601944923401,0.3940601944923401
31833,0.39348122477531433,0.39348122477531433,0.39348122477531433
31839,0.3939676582813263,0.3939676582813263,0.3939676582813263
31843,0.39342570304870605,0.39342570304870605,0.39342570304870605
31844,0.393690824508667,0.393690824508667,0.393690824508667
31845,0.3936331570148468,0.3936331570148468,0.3936331570148468
31846,0.3934957683086395,0.3934957683086395,0.3934957683086395
31852,0.39461928606033325,0.39461928606033325,0.39461928606033325
31860,0.39593034982681274,0.39593034982681274,0.39593034982681274
31863,0.3956022262573242,0.3956022262573242,0.3956022262573242
31865,0.39556652307510376,0.39556652307510376,0.39556652307510376
31870,0.3962096869945526,0.3962096869945526,0.3962096869945526
31874,0.3959388732910156,0.3959388732910156,0.3959388732910156
31877,0.3959711790084839,0.3959711790084839,0.3959711790084839
31886,0.396347314119339,0.396347314119339,0.396347314119339
31890,0.39651453495025635,0.39651453495025635,0.39651453495025635
31891,0.39647147059440613,0.39647147059440613,0.39647147059440613
31896,0.3958905339241028,0.3958905339241028,0.3958905339241028
31902,0.39628392457962036,0.39628392457962036,0.39628392457962036
31904,0.3961627781391144,0.3961627781391144,0.3961627781391144
31905,0.39614197611808777,0.39614197611808777,0.39614197611808777
31913,0.3959854245185852,0.3959854245185852,0.3959854245185852
31916,0.3961526155471802,0.3961526155471802,0.3961526155471802
31918,0.39589688181877136,0.39589688181877136,0.39589688181877136
31924,0.3957481384277344,0.3957481384277344,0.3957481384277344
31930,0.3961262106895447,0.3961262106895447,0.3961262106895447
31935,0.39584898948669434,0.39584898948669434,0.39584898948669434
31943,0.3957187533378601,0.3957187533378601,0.3957187533378601
31950,0.39632219076156616,0.39632219076156616,0.39632219076156616
31953,0.39634016156196594,0.39634016156196594,0.39634016156196594
31958,0.39592114090919495,0.39592114090919495,0.39592114090919495
31959,0.39598003029823303,0.39598003029823303,0.39598003029823303
31963,0.39598599076271057,0.39598599076271057,0.39598599076271057
31964,0.3958318829536438,0.3958318829536438,0.3958318829536438
31969,0.3947400152683258,0.3947400152683258,0.3947400152683258
31971,0.39512118697166443,0.39512118697166443,0.39512118697166443
31972,0.3950376808643341,0.3950376808643341,0.3950376808643341
31975,0.39452844858169556,0.39452844858169556,0.39452844858169556
31983,0.394403338432312,0.394403338432312,0.394403338432312
31986,0.39313289523124695,0.39313289523124695,0.39313289523124695
31998,0.39523717761039734,0.39523717761039734,0.39523717761039734
31999,0.3950670659542084,0.3950670659542084,0.3950670659542084
32002,0.39508023858070374,0.39508023858070374,0.39508023858070374
32017,0.39403393864631653,0.39403393864631653,0.39403393864631653
32022,0.39373961091041565,0.39373961091041565,0.39373961091041565
32024,0.3934485912322998,0.3934485912322998,0.3934485912322998
32028,0.3931220471858978,0.3931220471858978,0.3931220471858978
32035,0.39442986249923706,0.39442986249923706,0.39442986249923706
32039,0.395950049161911,0.395950049161911,0.395950049161911
32041,0.39632827043533325,0.39632827043533325,0.39632827043533325
32043,0.39658302068710327,0.39658302068710327,0.39658302068710327
32047,0.39775604009628296,0.39775604009628296,0.39775604009628296
32049,0.39749598503112793,0.39749598503112793,0.39749598503112793
32052,0.3979257345199585,0.3979257345199585,0.3979257345199585
32054,0.3985154628753662,0.3985154628753662,0.3985154628753662
32055,0.3986276686191559,0.3986276686191559,0.3986276686191559
32057,0.398125022649765,0.398125022649765,0.398125022649765
32067,0.39822280406951904,0.39822280406951904,0.39822280406951904
32068,0.3980244994163513,0.3980244994163513,0.3980244994163513
32081,0.39843904972076416,0.39843904972076416,0.39843904972076416
32082,0.3983018100261688,0.3983018100261688,0.3983018100261688
32083,0.39870429039001465,0.39870429039001465,0.39870429039001465
32087,0.39949706196784973,0.39949706196784973,0.39949706196784973
32091,0.3987351655960083,0.3987351655960083,0.3987351655960083
32103,0.397078275680542,0.397078275680542,0.397078275680542
32107,0.3966480493545532,0.3966480493545532,0.3966480493545532
32108,0.39657828211784363,0.39657828211784363,0.39657828211784363
32123,0.39409661293029785,0.39409661293029785,0.39409661293029785
32126,0.39316171407699585,0.39316171407699585,0.39316171407699585
32137,0.3913068473339081,0.3913068473339081,0.3913068473339081
32141,0.3906177580356598,0.3906177580356598,0.3906177580356598
32159,0.3870369791984558,0.3870369791984558,0.3870369791984558
32160,0.38667112588882446,0.38667112588882446,0.38667112588882446
32168,0.3839649558067322,0.3839649558067322,0.3839649558067322
32176,0.38296252489089966,0.38296252489089966,0.38296252489089966
32180,0.3824290931224823,0.3824290931224823,0.3824290931224823
32183,0.38174769282341003,0.38174769282341003,0.38174769282341003
32188,0.3808738887310028,0.3808738887310028,0.3808738887310028
32192,0.3801880180835724,0.3801880180835724,0.3801880180835724
32201,0.37788182497024536,0.37788182497024536,0.37788182497024536
32203,0.37715381383895874,0.37715381383895874,0.37715381383895874
32208,0.3769823908805847,0.3769823908805847,0.3769823908805847
32211,0.3767665922641754,0.3767665922641754,0.3767665922641754
32217,0.3760761320590973,0.3760761320590973,0.3760761320590973
32232,0.37530285120010376,0.37530285120010376,0.37530285120010376
32248,0.3767075538635254,0.3767075538635254,0.3767075538635254
32250,0.37670907378196716,0.37670907378196716,0.37670907378196716
32253,0.3768131732940674,0.3768131732940674,0.3768131732940674
32264,0.3782608211040497,0.3782608211040497,0.3782608211040497
32267,0.38095536828041077,0.38095536828041077,0.38095536828041077
32274,0.38576674461364746,0.38576674461364746,0.38576674461364746
32284,0.390153706073761,0.390153706073761,0.390153706073761
32285,0.3903016149997711,0.3903016149997711,0.3903016149997711
32286,0.390358030796051,0.390358030796051,0.390358030796051
32296,0.39022600650787354,0.39022600650787354,0.39022600650787354
32303,0.38906949758529663,0.38906949758529663,0.38906949758529663
32309,0.3878932595252991,0.3878932595252991,0.3878932595252991
32317,0.3864699900150299,0.3864699900150299,0.3864699900150299
32323,0.38579607009887695,0.38579607009887695,0.38579607009887695
32326,0.38798287510871887,0.38798287510871887,0.38798287510871887
32329,0.39024144411087036,0.39024144411087036,0.39024144411087036
32332,0.39070460200309753,0.39070460200309753,0.39070460200309753
32333,0.39179420471191406,0.39179420471191406,0.39179420471191406
32337,0.3918445408344269,0.3918445408344269,0.3918445408344269
32340,0.3912264406681061,0.3912264406681061,0.3912264406681061
32349,0.3909841775894165,0.3909841775894165,0.3909841775894165
32351,0.3913649320602417,0.3913649320602417,0.3913649320602417
32362,0.39439305663108826,0.39439305663108826,0.39439305663108826
32390,0.3985913395881653,0.3985913395881653,0.3985913395881653
32411,0.39938390254974365,0.39938390254974365,0.39938390254974365
32412,0.3996496796607971,0.3996496796607971,0.3996496796607971
32413,0.3996798098087311,0.3996798098087311,0.3996798098087311
32415,0.39978381991386414,0.39978381991386414,0.39978381991386414
32428,0.39881661534309387,0.39881661534309387,0.39881661534309387
32433,0.3990710377693176,0.3990710377693176,0.3990710377693176
32436,0.3983736038208008,0.3983736038208008,0.3983736038208008
32437,0.3982327878475189,0.3982327878475189,0.3982327878475189
32438,0.3979019224643707,0.3979019224643707,0.3979019224643707
32466,0.39655041694641113,0.39655041694641113,0.39655041694641113
32467,0.3964070677757263,0.3964070677757263,0.3964070677757263
32470,0.3956907391548157,0.3956907391548157,0.3956907391548157
32471,0.39534059166908264,0.39534059166908264,0.39534059166908264
32474,0.3953065276145935,0.3953065276145935,0.3953065276145935
32494,0.39421212673187256,0.39421212673187256,0.39421212673187256
32496,0.3939369022846222,0.3939369022846222,0.3939369022846222
32499,0.39321961998939514,0.39321961998939514,0.39321961998939514
32501,0.3930961489677429,0.3930961489677429,0.3930961489677429
32511,0.39184924960136414,0.39184924960136414,0.39184924960136414
32515,0.3914855718612671,0.3914855718612671,0.3914855718612671
32528,0.3905344307422638,0.3905344307422638,0.3905344307422638
32530,0.39012619853019714,0.39012619853019714,0.39012619853019714
32531,0.3899576663970947,0.3899576663970947,0.3899576663970947
32540,0.38958218693733215,0.38958218693733215,0.38958218693733215
32552,0.39082983136177063,0.39082983136177063,0.39082983136177063
32559,0.39191362261772156,0.39191362261772156,0.39191362261772156
32572,0.39205557107925415,0.39205557107925415,0.39205557107925415
32573,0.39197593927383423,0.39197593927383423,0.39197593927383423
32574,0.3918231129646301,0.3918231129646301,0.3918231129646301
32576,0.39131245017051697,0.39131245017051697,0.39131245017051697
32579,0.3909308612346649,0.3909308612346649,0.3909308612346649
32586,0.39150917530059814,0.39150917530059814,0.39150917530059814
32587,0.3913164734840393,0.3913164734840393,0.3913164734840393
32590,0.39120781421661377,0.39120781421661377,0.39120781421661377
32593,0.3906919062137604,0.3906919062137604,0.3906919062137604
32603,0.39044255018234253,0.39044255018234253,0.39044255018234253
32605,0.39041608572006226,0.39041608572006226,0.39041608572006226
32613,0.39137113094329834,0.39137113094329834,0.39137113094329834
32614,0.39146721363067627,0.39146721363067627,0.39146721363067627
32628,0.39048531651496887,0.39048531651496887,0.39048531651496887
32636,0.38935407996177673,0.38935407996177673,0.38935407996177673
32639,0.38901734352111816,0.38901734352111816,0.38901734352111816
32641,0.3892039656639099,0.3892039656639099,0.3892039656639099
32642,0.38923919200897217,0.38923919200897217,0.38923919200897217
32651,0.3899269700050354,0.3899269700050354,0.3899269700050354
32665,0.3882322907447815,0.3882322907447815,0.3882322907447815
32676,0.3871166706085205,0.3871166706085205,0.3871166706085205
32678,0.38657212257385254,0.38657212257385254,0.38657212257385254
32680,0.387205570936203,0.387205570936203,0.387205570936203
32691,0.38680529594421387,0.38680529594421387,0.38680529594421387
32693,0.38712042570114136,0.38712042570114136,0.38712042570114136
32696,0.3868594169616699,0.3868594169616699,0.3868594169616699
32698,0.3867533802986145,0.3867533802986145,0.3867533802986145
32703,0.38584184646606445,0.38584184646606445,0.38584184646606445
32716,0.38399365544319153,0.38399365544319153,0.38399365544319153
32723,0.38313356041908264,0.38313356041908264,0.38313356041908264
32726,0.3829265832901001,0.3829265832901001,0.3829265832901001
32744,0.3799333870410919,0.3799333870410919,0.3799333870410919
32746,0.37999382615089417,0.37999382615089417,0.37999382615089417
32747,0.3799475431442261,0.3799475431442261,0.3799475431442261
32752,0.37853115797042847,0.37853115797042847,0.37853115797042847
32766,0.37780776619911194,0.37780776619911194,0.37780776619911194
32771,0.377153217792511,0.377153217792511,0.377153217792511
32772,0.37702760100364685,0.37702760100364685,0.37702760100364685
32795,0.3791227638721466,0.3791227638721466,0.3791227638721466
32796,0.37950682640075684,0.37950682640075684,0.37950682640075684
32797,0.37963294982910156,0.37963294982910156,0.37963294982910156
32804,0.3823155164718628,0.3823155164718628,0.3823155164718628
32806,0.38237589597702026,0.38237589597702026,0.38237589597702026
32814,0.38553586602211,0.38553586602211,0.38553586602211
32823,0.3881058394908905,0.3881058394908905,0.3881058394908905
32827,0.3882552683353424,0.3882552683353424,0.3882552683353424
32843,0.39165985584259033,0.39165985584259033,0.39165985584259033
32845,0.3918280601501465,0.3918280601501465,0.3918280601501465
32850,0.39174309372901917,0.39174309372901917,0.39174309372901917
32852,0.3923308551311493,0.3923308551311493,0.3923308551311493
32865,0.39342913031578064,0.39342913031578064,0.39342913031578064
32867,0.39351406693458557,0.39351406693458557,0.39351406693458557
32869,0.39425137639045715,0.39425137639045715,0.39425137639045715
32875,0.39483892917633057,0.39483892917633057,0.39483892917633057
32878,0.3949059247970581,0.3949059247970581,0.3949059247970581
32880,0.3943803012371063,0.3943803012371063,0.3943803012371063
32883,0.3936406373977661,0.3936406373977661,0.3936406373977661
32893,0.3925454914569855,0.3925454914569855,0.3925454914569855
32900,0.3914726972579956,0.3914726972579956,0.3914726972579956
32903,0.39060524106025696,0.39060524106025696,0.39060524106025696
32905,0.38984453678131104,0.38984453678131104,0.38984453678131104
32910,0.3900538682937622,0.3900538682937622,0.3900538682937622
32913,0.3902707099914551,0.3902707099914551,0.3902707099914551
32917,0.39098015427589417,0.39098015427589417,0.39098015427589417
32927,0.39138418436050415,0.39138418436050415,0.39138418436050415
32930,0.3911316692829132,0.3911316692829132,0.3911316692829132
32940,0.39095932245254517,0.39095932245254517,0.39095932245254517
32950,0.39068326354026794,0.39068326354026794,0.39068326354026794
32951,0.39062315225601196,0.39062315225601196,0.39062315225601196
32952,0.3906308114528656,0.3906308114528656,0.3906308114528656
32958,0.3906826674938202,0.3906826674938202,0.3906826674938202
32963,0.3895066976547241,0.3895066976547241,0.3895066976547241
32972,0.389218270778656,0.389218270778656,0.389218270778656
32974,0.3892005383968353,0.3892005383968353,0.3892005383968353
32978,0.38856127858161926,0.38856127858161926,0.38856127858161926
32987,0.3869098722934723,0.3869098722934723,0.3869098722934723
32996,0.38399985432624817,0.38399985432624817,0.38399985432624817
33000,0.38458624482154846,0.38458624482154846,0.38458624482154846
33003,0.38421061635017395,0.38421061635017395,0.38421061635017395
33006,0.3835414946079254,0.3835414946079254,0.3835414946079254
33016,0.3853265643119812,0.3853265643119812,0.3853265643119812
33017,0.3853684365749359,0.3853684365749359,0.3853684365749359
33021,0.38481777906417847,0.38481777906417847,0.38481777906417847
33023,0.38433903455734253,0.38433903455734253,0.38433903455734253
33025,0.3850419223308563,0.3850419223308563,0.3850419223308563
33027,0.3860514461994171,0.3860514461994171,0.3860514461994171
33029,0.3855636417865753,0.3855636417865753,0.3855636417865753
33033,0.38565900921821594,0.38565900921821594,0.38565900921821594
33035,0.38505488634109497,0.38505488634109497,0.38505488634109497
33045,0.3859173357486725,0.3859173357486725,0.3859173357486725
33052,0.3852503001689911,0.3852503001689911,0.3852503001689911
33066,0.38350462913513184,0.38350462913513184,0.38350462913513184
33073,0.3857964873313904,0.3857964873313904,0.3857964873313904
33080,0.3850339353084564,0.3850339353084564,0.3850339353084564
33084,0.38608518242836,0.38608518242836,0.38608518242836
33092,0.38697415590286255,0.38697415590286255,0.38697415590286255
33098,0.3876148462295532,0.3876148462295532,0.3876148462295532
33110,0.3888930082321167,0.3888930082321167,0.3888930082321167
33125,0.39108434319496155,0.39108434319496155,0.39108434319496155
33126,0.3911365866661072,0.3911365866661072,0.3911365866661072
33128,0.39159998297691345,0.39159998297691345,0.39159998297691345
33129,0.39163872599601746,0.39163872599601746,0.39163872599601746
33132,0.39245709776878357,0.39245709776878357,0.39245709776878357
33135,0.3920671045780182,0.3920671045780182,0.3920671045780182
33138,0.392179936170578,0.392179936170578,0.392179936170578
33145,0.392018586397171,0.392018586397171,0.392018586397171
33146,0.39214134216308594,0.39214134216308594,0.39214134216308594
33156,0.391308069229126,0.391308069229126,0.391308069229126
33164,0.3921852111816406,0.3921852111816406,0.3921852111816406
33166,0.3917798697948456,0.3917798697948456,0.3917798697948456
33174,0.39175817370414734,0.39175817370414734,0.39175817370414734
33177,0.390636146068573,0.390636146068573,0.390636146068573
33182,0.3899393379688263,0.3899393379688263,0.3899393379688263
33188,0.38971826434135437,0.38971826434135437,0.38971826434135437
33206,0.38668638467788696,0.38668638467788696,0.38668638467788696
33208,0.386294960975647,0.386294960975647,0.386294960975647
33222,0.38443824648857117,0.38443824648857117,0.38443824648857117
33224,0.38425886631011963,0.38425886631011963,0.38425886631011963
33232,0.38290876150131226,0.38290876150131226,0.38290876150131226
33235,0.383575439453125,0.383575439453125,0.383575439453125
33239,0.3839285969734192,0.3839285969734192,0.3839285969734192
33241,0.3835735619068146,0.3835735619068146,0.3835735619068146
33244,0.38396406173706055,0.38396406173706055,0.38396406173706055
33267,0.3807620704174042,0.3807620704174042,0.3807620704174042
33270,0.38039764761924744,0.38039764761924744,0.38039764761924744
33281,0.37955766916275024,0.37955766916275024,0.37955766916275024
33291,0.37795108556747437,0.37795108556747437,0.37795108556747437
33292,0.37778446078300476,0.37778446078300476,0.37778446078300476
33293,0.3776460886001587,0.3776460886001587,0.3776460886001587
33301,0.3765758275985718,0.3765758275985718,0.3765758275985718
33306,0.3762788474559784,0.3762788474559784,0.3762788474559784
33307,0.3761739730834961,0.3761739730834961,0.3761739730834961
33324,0.37493717670440674,0.37493717670440674,0.37493717670440674
33329,0.3758818209171295,0.3758818209171295,0.3758818209171295
33330,0.37615805864334106,0.37615805864334106,0.37615805864334106
33336,0.3763097822666168,0.3763097822666168,0.3763097822666168
33338,0.37626534700393677,0.37626534700393677,0.37626534700393677
33357,0.376679003238678,0.376679003238678,0.376679003238678
33361,0.3766506612300873,0.3766506612300873,0.3766506612300873
33371,0.3848888576030731,0.3848888576030731,0.3848888576030731
33374,0.3871542811393738,0.3871542811393738,0.3871542811393738
33381,0.38951054215431213,0.38951054215431213,0.38951054215431213
33385,0.389900803565979,0.389900803565979,0.389900803565979
33386,0.39031782746315,0.39031782746315,0.39031782746315
33389,0.3905006945133209,0.3905006945133209,0.3905006945133209
33398,0.3901434540748596,0.3901434540748596,0.3901434540748596
33406,0.3884008526802063,0.3884008526802063,0.3884008526802063
33413,0.38726159930229187,0.38726159930229187,0.38726159930229187
33423,0.3863668143749237,0.3863668143749237,0.3863668143749237
33432,0.3886012136936188,0.3886012136936188,0.3886012136936188
33433,0.3885926902294159,0.3885926902294159,0.3885926902294159
33434,0.3891383409500122,0.3891383409500122,0.3891383409500122
33436,0.3910564184188843,0.3910564184188843,0.3910564184188843
33444,0.38932526111602783,0.38932526111602783,0.38932526111602783
33449,0.3887706995010376,0.3887706995010376,0.3887706995010376
33452,0.390666663646698,0.390666663646698,0.390666663646698
33456,0.390555739402771,0.390555739402771,0.390555739402771
33460,0.39096224308013916,0.39096224308013916,0.39096224308013916
33464,0.3920656144618988,0.3920656144618988,0.3920656144618988
33465,0.3918777406215668,0.3918777406215668,0.3918777406215668
33469,0.3918033242225647,0.3918033242225647,0.3918033242225647
33484,0.3917418420314789,0.3917418420314789,0.3917418420314789
33492,0.39261624217033386,0.39261624217033386,0.39261624217033386
33496,0.39183270931243896,0.39183270931243896,0.39183270931243896
33514,0.39385682344436646,0.39385682344436646,0.39385682344436646
33517,0.3939865231513977,0.3939865231513977,0.3939865231513977
33525,0.3943822383880615,0.3943822383880615,0.3943822383880615
33529,0.39467301964759827,0.39467301964759827,0.39467301964759827
33546,0.39228391647338867,0.39228391647338867,0.39228391647338867
33559,0.3932478725910187,0.3932478725910187,0.3932478725910187
33569,0.3932993412017822,0.3932993412017822,0.3932993412017822
33577,0.3934057354927063,0.3934057354927063,0.3934057354927063
33586,0.39334607124328613,0.39334607124328613,0.39334607124328613
33587,0.39281249046325684,0.39281249046325684,0.39281249046325684
33588,0.3926430940628052,0.3926430940628052,0.3926430940628052
33589,0.3927726745605469,0.3927726745605469,0.3927726745605469
33599,0.3949901759624481,0.3949901759624481,0.3949901759624481
33608,0.39422914385795593,0.39422914385795593,0.39422914385795593
33610,0.3937053680419922,0.3937053680419922,0.3937053680419922
33628,0.3935283124446869,0.3935283124446869,0.3935283124446869
33633,0.3924994468688965,0.3924994468688965,0.3924994468688965
33635,0.3926432728767395,0.3926432728767395,0.3926432728767395
33639,0.3924235999584198,0.3924235999584198,0.3924235999584198
33652,0.39261865615844727,0.39261865615844727,0.39261865615844727
33661,0.39207029342651367,0.39207029342651367,0.39207029342651367
33662,0.39185014367103577,0.39185014367103577,0.39185014367103577
33663,0.3916473388671875,0.3916473388671875,0.3916473388671875
33668,0.39087989926338196,0.39087989926338196,0.39087989926338196
33679,0.3893463909626007,0.3893463909626007,0.3893463909626007
33681,0.3906504511833191,0.3906504511833191,0.3906504511833191
33689,0.3910279870033264,0.3910279870033264,0.3910279870033264
33707,0.3912360370159149,0.3912360370159149,0.3912360370159149
33717,0.3928900957107544,0.3928900957107544,0.3928900957107544
33724,0.39269065856933594,0.39269065856933594,0.39269065856933594
33728,0.39412668347358704,0.39412668347358704,0.39412668347358704
33733,0.39427778124809265,0.39427778124809265,0.39427778124809265
33738,0.3940056264400482,0.3940056264400482,0.3940056264400482
33755,0.3932736814022064,0.3932736814022064,0.3932736814022064
33765,0.3906392753124237,0.3906392753124237,0.3906392753124237
33774,0.39134904742240906,0.39134904742240906,0.39134904742240906
33786,0.3895510137081146,0.3895510137081146,0.3895510137081146
33790,0.3889831602573395,0.3889831602573395,0.3889831602573395
33793,0.38826268911361694,0.38826268911361694,0.38826268911361694
33799,0.3872111737728119,0.3872111737728119,0.3872111737728119
33813,0.388069748878479,0.388069748878479,0.388069748878479
33814,0.38855433464050293,0.38855433464050293,0.38855433464050293
33821,0.38787466287612915,0.38787466287612915,0.38787466287612915
33822,0.38774779438972473,0.38774779438972473,0.38774779438972473
33825,0.38767775893211365,0.38767775893211365,0.38767775893211365
33826,0.38759884238243103,0.38759884238243103,0.38759884238243103
33827,0.3876246213912964,0.3876246213912964,0.3876246213912964
33828,0.3876818120479584,0.3876818120479584,0.3876818120479584
33831,0.3878078758716583,0.3878078758716583,0.3878078758716583
33835,0.3875231146812439,0.3875231146812439,0.3875231146812439
33842,0.38707399368286133,0.38707399368286133,0.38707399368286133
33844,0.3862675428390503,0.3862675428390503,0.3862675428390503
33851,0.38574081659317017,0.38574081659317017,0.38574081659317017
33863,0.38288629055023193,0.38288629055023193,0.38288629055023193
33871,0.3820822238922119,0.3820822238922119,0.3820822238922119
33879,0.3823494613170624,0.3823494613170624,0.3823494613170624
33883,0.3835624158382416,0.3835624158382416,0.3835624158382416
33887,0.3850098252296448,0.3850098252296448,0.3850098252296448
33888,0.3851085901260376,0.3851085901260376,0.3851085901260376
33889,0.3849286437034607,0.3849286437034607,0.3849286437034607
33893,0.38399943709373474,0.38399943709373474,0.38399943709373474
33896,0.3841257393360138,0.3841257393360138,0.3841257393360138
33901,0.3842039704322815,0.3842039704322815,0.3842039704322815
33904,0.38456475734710693,0.38456475734710693,0.38456475734710693
33909,0.3847757577896118,0.3847757577896118,0.3847757577896118
33924,0.3853500485420227,0.3853500485420227,0.3853500485420227
33926,0.3845919966697693,0.3845919966697693,0.3845919966697693
33938,0.3845248520374298,0.3845248520374298,0.3845248520374298
33948,0.3839488625526428,0.3839488625526428,0.3839488625526428
33949,0.3840307891368866,0.3840307891368866,0.3840307891368866
33952,0.3837064504623413,0.3837064504623413,0.3837064504623413
33960,0.38283073902130127,0.38283073902130127,0.38283073902130127
33973,0.38451582193374634,0.38451582193374634,0.38451582193374634
33986,0.3821883797645569,0.3821883797645569,0.3821883797645569
33993,0.3836381733417511,0.3836381733417511,0.3836381733417511
34000,0.3846983313560486,0.3846983313560486,0.3846983313560486
34008,0.3867337107658386,0.3867337107658386,0.3867337107658386
34010,0.3875690698623657,0.3875690698623657,0.3875690698623657
34017,0.3876618444919586,0.3876618444919586,0.3876618444919586
34023,0.38824784755706787,0.38824784755706787,0.38824784755706787
34027,0.38883647322654724,0.38883647322654724,0.38883647322654724
34028,0.389096736907959,0.389096736907959,0.389096736907959
34032,0.3885442912578583,0.3885442912578583,0.3885442912578583
34044,0.38702744245529175,0.38702744245529175,0.38702744245529175
34047,0.38651734590530396,0.38651734590530396,0.38651734590530396
34062,0.38579925894737244,0.38579925894737244,0.38579925894737244
34064,0.38570791482925415,0.38570791482925415,0.38570791482925415
34079,0.3836096525192261,0.3836096525192261,0.3836096525192261
34088,0.38286125659942627,0.38286125659942627,0.38286125659942627
34089,0.3827759623527527,0.3827759623527527,0.3827759623527527
34091,0.38257843255996704,0.38257843255996704,0.38257843255996704
34099,0.3797839283943176,0.3797839283943176,0.3797839283943176
34101,0.37957918643951416,0.37957918643951416,0.37957918643951416
34105,0.3784540295600891,0.3784540295600891,0.3784540295600891
34109,0.37785089015960693,0.37785089015960693,0.37785089015960693
34110,0.3777046799659729,0.3777046799659729,0.3777046799659729
34119,0.3757609724998474,0.3757609724998474,0.3757609724998474
34130,0.37453538179397583,0.37453538179397583,0.37453538179397583
34138,0.3790441155433655,0.3790441155433655,0.3790441155433655
34144,0.3796265125274658,0.3796265125274658,0.3796265125274658
34147,0.37952399253845215,0.37952399253845215,0.37952399253845215
34149,0.37954750657081604,0.37954750657081604,0.37954750657081604
34159,0.38203173875808716,0.38203173875808716,0.38203173875808716
34166,0.38462138175964355,0.38462138175964355,0.38462138175964355
34175,0.3866575360298157,0.3866575360298157,0.3866575360298157
34184,0.3875305950641632,0.3875305950641632,0.3875305950641632
34187,0.38808733224868774,0.38808733224868774,0.38808733224868774
34203,0.39246541261672974,0.39246541261672974,0.39246541261672974
34204,0.3925890326499939,0.3925890326499939,0.3925890326499939
34208,0.3923720121383667,0.3923720121383667,0.3923720121383667
34230,0.392619252204895,0.392619252204895,0.392619252204895
34231,0.3926045000553131,0.3926045000553131,0.3926045000553131
34233,0.3924826383590698,0.3924826383590698,0.3924826383590698
34241,0.3912547826766968,0.3912547826766968,0.3912547826766968
34242,0.3911113739013672,0.3911113739013672,0.3911113739013672
34249,0.39139023423194885,0.39139023423194885,0.39139023423194885
34255,0.39048612117767334,0.39048612117767334,0.39048612117767334
34260,0.39145445823669434,0.39145445823669434,0.39145445823669434
34265,0.39146479964256287,0.39146479964256287,0.39146479964256287
34266,0.3906392753124237,0.3906392753124237,0.3906392753124237
34277,0.39145994186401367,0.39145994186401367,0.39145994186401367
34280,0.3911404013633728,0.3911404013633728,0.3911404013633728
34291,0.3930395841598511,0.3930395841598511,0.3930395841598511
34293,0.393649160861969,0.393649160861969,0.393649160861969
34295,0.3939683139324188,0.3939683139324188,0.3939683139324188
34301,0.3933209180831909,0.3933209180831909,0.3933209180831909
34303,0.3934943377971649,0.3934943377971649,0.3934943377971649
34309,0.39353257417678833,0.39353257417678833,0.39353257417678833
34312,0.39441537857055664,0.39441537857055664,0.39441537857055664
34316,0.39497143030166626,0.39497143030166626,0.39497143030166626
34344,0.39374756813049316,0.39374756813049316,0.39374756813049316
34350,0.39387646317481995,0.39387646317481995,0.39387646317481995
34352,0.3940271735191345,0.3940271735191345,0.3940271735191345
34366,0.3948953151702881,0.3948953151702881,0.3948953151702881
34394,0.39187678694725037,0.39187678694725037,0.39187678694725037
34407,0.391880065202713,0.391880065202713,0.391880065202713
34409,0.39145517349243164,0.39145517349243164,0.39145517349243164
34440,0.3857700228691101,0.3857700228691101,0.3857700228691101
34443,0.3851177394390106,0.3851177394390106,0.3851177394390106
34446,0.38382238149642944,0.38382238149642944,0.38382238149642944
34449,0.3836005926132202,0.3836005926132202,0.3836005926132202
34486,0.3800852298736572,0.3800852298736572,0.3800852298736572
34495,0.3796555697917938,0.3796555697917938,0.3796555697917938
34500,0.37927645444869995,0.37927645444869995,0.37927645444869995
34504,0.37896764278411865,0.37896764278411865,0.37896764278411865
34505,0.3788817524909973,0.3788817524909973,0.3788817524909973
34507,0.37842294573783875,0.37842294573783875,0.37842294573783875
34508,0.37809041142463684,0.37809041142463684,0.37809041142463684
34509,0.377546489238739,0.377546489238739,0.377546489238739
34510,0.37710922956466675,0.37710922956466675,0.37710922956466675
34511,0.3770114481449127,0.3770114481449127,0.3770114481449127
34518,0.3757840692996979,0.3757840692996979,0.3757840692996979
34526,0.37464162707328796,0.37464162707328796,0.37464162707328796
34530,0.3739751875400543,0.3739751875400543,0.3739751875400543
34534,0.37356430292129517,0.37356430292129517,0.37356430292129517
34541,0.37273237109184265,0.37273237109184265,0.37273237109184265
34545,0.37319549918174744,0.37319549918174744,0.37319549918174744
34550,0.37301167845726013,0.37301167845726013,0.37301167845726013
34562,0.3784942328929901,0.3784942328929901,0.3784942328929901
34563,0.3786698579788208,0.3786698579788208,0.3786698579788208
34566,0.38169142603874207,0.38169142603874207,0.38169142603874207
34578,0.3839678466320038,0.3839678466320038,0.3839678466320038
34584,0.381825715303421,0.381825715303421,0.381825715303421
34591,0.37988418340682983,0.37988418340682983,0.37988418340682983
34606,0.3780248165130615,0.3780248165130615,0.3780248165130615
34616,0.37768855690956116,0.37768855690956116,0.37768855690956116
34631,0.38259828090667725,0.38259828090667725,0.38259828090667725
34644,0.38644731044769287,0.38644731044769287,0.38644731044769287
34645,0.3858850598335266,0.3858850598335266,0.3858850598335266
34647,0.3854505121707916,0.3854505121707916,0.3854505121707916
34655,0.38403114676475525,0.38403114676475525,0.38403114676475525
34660,0.38282695412635803,0.38282695412635803,0.38282695412635803
34666,0.3822094202041626,0.3822094202041626,0.3822094202041626
34671,0.38364073634147644,0.38364073634147644,0.38364073634147644
34674,0.3848148584365845,0.3848148584365845,0.3848148584365845
34693,0.3838702142238617,0.3838702142238617,0.3838702142238617
34695,0.38438957929611206,0.38438957929611206,0.38438957929611206
34701,0.3848673701286316,0.3848673701286316,0.3848673701286316
34704,0.3854103982448578,0.3854103982448578,0.3854103982448578
34705,0.3851950466632843,0.3851950466632843,0.3851950466632843
34713,0.38439127802848816,0.38439127802848816,0.38439127802848816
34715,0.3848065733909607,0.3848065733909607,0.3848065733909607
34717,0.38569968938827515,0.38569968938827515,0.38569968938827515
34723,0.3856216371059418,0.3856216371059418,0.3856216371059418
34724,0.38560354709625244,0.38560354709625244,0.38560354709625244
34730,0.3849591314792633,0.3849591314792633,0.3849591314792633
34737,0.38528329133987427,0.38528329133987427,0.38528329133987427
34746,0.3872639834880829,0.3872639834880829,0.3872639834880829
34777,0.3868587911128998,0.3868587911128998,0.3868587911128998
34778,0.3870709240436554,0.3870709240436554,0.3870709240436554
34794,0.39127591252326965,0.39127591252326965,0.39127591252326965
34799,0.39133524894714355,0.39133524894714355,0.39133524894714355
34802,0.39131835103034973,0.39131835103034973,0.39131835103034973
34818,0.3932344615459442,0.3932344615459442,0.3932344615459442
34820,0.39327672123908997,0.39327672123908997,0.39327672123908997
34843,0.3941846489906311,0.3941846489906311,0.3941846489906311
34845,0.3942252993583679,0.3942252993583679,0.3942252993583679
34850,0.3939668536186218,0.3939668536186218,0.3939668536186218
34873,0.39243388175964355,0.39243388175964355,0.39243388175964355
34881,0.39454135298728943,0.39454135298728943,0.39454135298728943
34884,0.39526838064193726,0.39526838064193726,0.39526838064193726
34888,0.39473071694374084,0.39473071694374084,0.39473071694374084
34894,0.3956218957901001,0.3956218957901001,0.3956218957901001
34899,0.3953287601470947,0.3953287601470947,0.3953287601470947
34901,0.3953070342540741,0.3953070342540741,0.3953070342540741
34904,0.3944396376609802,0.3944396376609802,0.3944396376609802
34919,0.39310964941978455,0.39310964941978455,0.39310964941978455
34921,0.39325329661369324,0.39325329661369324,0.39325329661369324
34922,0.3934170603752136,0.3934170603752136,0.3934170603752136
34925,0.3932710587978363,0.3932710587978363,0.3932710587978363
34927,0.393795907497406,0.393795907497406,0.393795907497406
34929,0.394942045211792,0.394942045211792,0.394942045211792
34933,0.39617154002189636,0.39617154002189636,0.39617154002189636
34935,0.3962370753288269,0.3962370753288269,0.3962370753288269
34955,0.3953387141227722,0.3953387141227722,0.3953387141227722
34961,0.3955002725124359,0.3955002725124359,0.3955002725124359
34968,0.39538589119911194,0.39538589119911194,0.39538589119911194
34969,0.3951016068458557,0.3951016068458557,0.3951016068458557
34970,0.39509671926498413,0.39509671926498413,0.39509671926498413
34976,0.3953794836997986,0.3953794836997986,0.3953794836997986
34977,0.395175039768219,0.395175039768219,0.395175039768219
34983,0.39388301968574524,0.39388301968574524,0.39388301968574524
34990,0.39270490407943726,0.39270490407943726,0.39270490407943726
35003,0.39023250341415405,0.39023250341415405,0.39023250341415405
35005,0.3899919390678406,0.3899919390678406,0.3899919390678406
35010,0.3901500105857849,0.3901500105857849,0.3901500105857849
35012,0.389442503452301,0.389442503452301,0.389442503452301
35032,0.3901028633117676,0.3901028633117676,0.3901028633117676
35033,0.3904993534088135,0.3904993534088135,0.3904993534088135
35046,0.3892390727996826,0.3892390727996826,0.3892390727996826
35054,0.38945019245147705,0.38945019245147705,0.38945019245147705
35067,0.38884031772613525,0.38884031772613525,0.38884031772613525
35070,0.38880690932273865,0.38880690932273865,0.38880690932273865
35072,0.3884381949901581,0.3884381949901581,0.3884381949901581
35078,0.38664984703063965,0.38664984703063965,0.38664984703063965
35091,0.3848206698894501,0.3848206698894501,0.3848206698894501
35104,0.382311075925827,0.382311075925827,0.382311075925827
35108,0.3818049132823944,0.3818049132823944,0.3818049132823944
35113,0.38195401430130005,0.38195401430130005,0.38195401430130005
35117,0.3819586932659149,0.3819586932659149,0.3819586932659149
35118,0.38167518377304077,0.38167518377304077,0.38167518377304077
35121,0.3816378116607666,0.3816378116607666,0.3816378116607666
35122,0.3813624382019043,0.3813624382019043,0.3813624382019043
35123,0.38122451305389404,0.38122451305389404,0.38122451305389404
35154,0.3765183687210083,0.3765183687210083,0.3765183687210083
35175,0.3773873448371887,0.3773873448371887,0.3773873448371887
35176,0.37784868478775024,0.37784868478775024,0.37784868478775024
35190,0.38272595405578613,0.38272595405578613,0.38272595405578613
35194,0.38294360041618347,0.38294360041618347,0.38294360041618347
35199,0.3843200206756592,0.3843200206756592,0.3843200206756592
35203,0.3850257694721222,0.3850257694721222,0.3850257694721222
35215,0.38568106293678284,0.38568106293678284,0.38568106293678284
35222,0.3864401876926422,0.3864401876926422,0.3864401876926422
35229,0.38604554533958435,0.38604554533958435,0.38604554533958435
35230,0.38581815361976624,0.38581815361976624,0.38581815361976624
35231,0.38579046726226807,0.38579046726226807,0.38579046726226807
35234,0.3863687813282013,0.3863687813282013,0.3863687813282013
35243,0.38652303814888,0.38652303814888,0.38652303814888
35248,0.38737475872039795,0.38737475872039795,0.38737475872039795
35255,0.38695067167282104,0.38695067167282104,0.38695067167282104
35257,0.38725996017456055,0.38725996017456055,0.38725996017456055
35259,0.3871878981590271,0.3871878981590271,0.3871878981590271
35261,0.3875514268875122,0.3875514268875122,0.3875514268875122
35265,0.3880364000797272,0.3880364000797272,0.3880364000797272
35266,0.3888736069202423,0.3888736069202423,0.3888736069202423
35274,0.38987576961517334,0.38987576961517334,0.38987576961517334
35277,0.38977673649787903,0.38977673649787903,0.38977673649787903
35278,0.38971856236457825,0.38971856236457825,0.38971856236457825
35297,0.3887040615081787,0.3887040615081787,0.3887040615081787
35299,0.3883890211582184,0.3883890211582184,0.3883890211582184
35300,0.3884825110435486,0.3884825110435486,0.3884825110435486
35307,0.38850802183151245,0.38850802183151245,0.38850802183151245
35309,0.3878065049648285,0.3878065049648285,0.3878065049648285
35333,0.3904753625392914,0.3904753625392914,0.3904753625392914
35341,0.3926854729652405,0.3926854729652405,0.3926854729652405
35350,0.3941701352596283,0.3941701352596283,0.3941701352596283
35358,0.39436617493629456,0.39436617493629456,0.39436617493629456
35360,0.3945332467556,0.3945332467556,0.3945332467556
35362,0.39490610361099243,0.39490610361099243,0.39490610361099243
35369,0.39425382018089294,0.39425382018089294,0.39425382018089294
35378,0.39486607909202576,0.39486607909202576,0.39486607909202576
35379,0.3951247036457062,0.3951247036457062,0.3951247036457062
35395,0.39730122685432434,0.39730122685432434,0.39730122685432434
35406,0.39621078968048096,0.39621078968048096,0.39621078968048096
35407,0.39606863260269165,0.39606863260269165,0.39606863260269165
35413,0.3960200846195221,0.3960200846195221,0.3960200846195221
35415,0.3958343267440796,0.3958343267440796,0.3958343267440796
35420,0.39632660150527954,0.39632660150527954,0.39632660150527954
35428,0.3939293622970581,0.3939293622970581,0.3939293622970581
35461,0.39578837156295776,0.39578837156295776,0.39578837156295776
35469,0.39626869559288025,0.39626869559288025,0.39626869559288025
35476,0.3954120874404907,0.3954120874404907,0.3954120874404907
35483,0.39425575733184814,0.39425575733184814,0.39425575733184814
35485,0.3936213254928589,0.3936213254928589,0.3936213254928589
35494,0.3938383460044861,0.3938383460044861,0.3938383460044861
35507,0.39470985531806946,0.39470985531806946,0.39470985531806946
35514,0.3937959372997284,0.3937959372997284,0.3937959372997284
35516,0.39357125759124756,0.39357125759124756,0.39357125759124756
35529,0.3929043114185333,0.3929043114185333,0.3929043114185333
35531,0.3924289345741272,0.3924289345741272,0.3924289345741272
35532,0.3924052119255066,0.3924052119255066,0.3924052119255066
35534,0.3921373188495636,0.3921373188495636,0.3921373188495636
35552,0.3909507393836975,0.3909507393836975,0.3909507393836975
35553,0.39074116945266724,0.39074116945266724,0.39074116945266724
35573,0.38926950097084045,0.38926950097084045,0.38926950097084045
35576,0.3890785574913025,0.3890785574913025,0.3890785574913025
35592,0.3866333067417145,0.3866333067417145,0.3866333067417145
35599,0.38600146770477295,0.38600146770477295,0.38600146770477295
35609,0.38476377725601196,0.38476377725601196,0.38476377725601196
35619,0.38635239005088806,0.38635239005088806,0.38635239005088806
35620,0.38617461919784546,0.38617461919784546,0.38617461919784546
35628,0.3851441442966461,0.3851441442966461,0.3851441442966461
35631,0.38473081588745117,0.38473081588745117,0.38473081588745117
35632,0.385314017534256,0.385314017534256,0.385314017534256
35641,0.3874441385269165,0.3874441385269165,0.3874441385269165
35648,0.38747844099998474,0.38747844099998474,0.38747844099998474
35650,0.38856321573257446,0.38856321573257446,0.38856321573257446
35652,0.3892090320587158,0.3892090320587158,0.3892090320587158
35660,0.38970404863357544,0.38970404863357544,0.38970404863357544
35668,0.3886515498161316,0.3886515498161316,0.3886515498161316
35672,0.38777923583984375,0.38777923583984375,0.38777923583984375
35677,0.38869509100914,0.38869509100914,0.38869509100914
35680,0.3894077241420746,0.3894077241420746,0.3894077241420746
35682,0.38892561197280884,0.38892561197280884,0.38892561197280884
35683,0.38853850960731506,0.38853850960731506,0.38853850960731506
35693,0.3862980902194977,0.3862980902194977,0.3862980902194977
35695,0.38636091351509094,0.38636091351509094,0.38636091351509094
35702,0.38589799404144287,0.38589799404144287,0.38589799404144287
35722,0.3855438232421875,0.3855438232421875,0.3855438232421875
35726,0.3846154808998108,0.3846154808998108,0.3846154808998108
35728,0.38415589928627014,0.38415589928627014,0.38415589928627014
35729,0.3840993046760559,0.3840993046760559,0.3840993046760559
35730,0.383859246969223,0.383859246969223,0.383859246969223
35736,0.38206449151039124,0.38206449151039124,0.38206449151039124
35738,0.3818965554237366,0.3818965554237366,0.3818965554237366
35742,0.3811838924884796,0.3811838924884796,0.3811838924884796
35748,0.3804716467857361,0.3804716467857361,0.3804716467857361
35754,0.379319429397583,0.379319429397583,0.379319429397583
35760,0.3783648610115051,0.3783648610115051,0.3783648610115051
35761,0.3779216706752777,0.3779216706752777,0.3779216706752777
35768,0.3785133957862854,0.3785133957862854,0.3785133957862854
35775,0.3770025968551636,0.3770025968551636,0.3770025968551636
35778,0.3767850697040558,0.3767850697040558,0.3767850697040558
35781,0.376384437084198,0.376384437084198,0.376384437084198
35784,0.3751973509788513,0.3751973509788513,0.3751973509788513
35785,0.37508106231689453,0.37508106231689453,0.37508106231689453
35789,0.37491533160209656,0.37491533160209656,0.37491533160209656
35800,0.3771705627441406,0.3771705627441406,0.3771705627441406
35806,0.3804601728916168,0.3804601728916168,0.3804601728916168
35809,0.3814578950405121,0.3814578950405121,0.3814578950405121
35822,0.3865969479084015,0.3865969479084015,0.3865969479084015
35824,0.3876917064189911,0.3876917064189911,0.3876917064189911
35828,0.38746070861816406,0.38746070861816406,0.38746070861816406
35829,0.3881382942199707,0.3881382942199707,0.3881382942199707
35847,0.38771578669548035,0.38771578669548035,0.38771578669548035
35849,0.3872936964035034,0.3872936964035034,0.3872936964035034
35857,0.38667917251586914,0.38667917251586914,0.38667917251586914
35872,0.3840785026550293,0.3840785026550293,0.3840785026550293
35876,0.38341212272644043,0.38341212272644043,0.38341212272644043
35882,0.3820779025554657,0.3820779025554657,0.3820779025554657
35883,0.3821924030780792,0.3821924030780792,0.3821924030780792
35891,0.3823796212673187,0.3823796212673187,0.3823796212673187
35898,0.38312000036239624,0.38312000036239624,0.38312000036239624
35903,0.38504481315612793,0.38504481315612793,0.38504481315612793
35905,0.38477766513824463,0.38477766513824463,0.38477766513824463
35908,0.3853853642940521,0.3853853642940521,0.3853853642940521
35914,0.38549551367759705,0.38549551367759705,0.38549551367759705
35916,0.38507118821144104,0.38507118821144104,0.38507118821144104
35917,0.38458117842674255,0.38458117842674255,0.38458117842674255
35919,0.38379621505737305,0.38379621505737305,0.38379621505737305
35922,0.38343459367752075,0.38343459367752075,0.38343459367752075
35923,0.38322776556015015,0.38322776556015015,0.38322776556015015
35925,0.3827160894870758,0.3827160894870758,0.3827160894870758
35928,0.3824852406978607,0.3824852406978607,0.3824852406978607
35952,0.38387826085090637,0.38387826085090637,0.38387826085090637
35964,0.38497689366340637,0.38497689366340637,0.38497689366340637
35974,0.38619157671928406,0.38619157671928406,0.38619157671928406
35978,0.38590434193611145,0.38590434193611145,0.38590434193611145
35995,0.38639724254608154,0.38639724254608154,0.38639724254608154
36015,0.39009785652160645,0.39009785652160645,0.39009785652160645
36017,0.3906027674674988,0.3906027674674988,0.3906027674674988
36021,0.3895440399646759,0.3895440399646759,0.3895440399646759
36025,0.3891039490699768,0.3891039490699768,0.3891039490699768
36032,0.3898204267024994,0.3898204267024994,0.3898204267024994
36058,0.38880181312561035,0.38880181312561035,0.38880181312561035
36064,0.3881540894508362,0.3881540894508362,0.3881540894508362
36070,0.38754525780677795,0.38754525780677795,0.38754525780677795
36074,0.38773688673973083,0.38773688673973083,0.38773688673973083
36077,0.3876808285713196,0.3876808285713196,0.3876808285713196
36091,0.38559043407440186,0.38559043407440186,0.38559043407440186
36092,0.38567590713500977,0.38567590713500977,0.38567590713500977
36095,0.3856903910636902,0.3856903910636902,0.3856903910636902
36108,0.3860585391521454,0.3860585391521454,0.3860585391521454
36119,0.38439202308654785,0.38439202308654785,0.38439202308654785
36128,0.38399791717529297,0.38399791717529297,0.38399791717529297
36130,0.38358232378959656,0.38358232378959656,0.38358232378959656
36138,0.3847941756248474,0.3847941756248474,0.3847941756248474
36145,0.3849043548107147,0.3849043548107147,0.3849043548107147
36151,0.38406649231910706,0.38406649231910706,0.38406649231910706
36156,0.38396453857421875,0.38396453857421875,0.38396453857421875
36160,0.3839832544326782,0.3839832544326782,0.3839832544326782
36176,0.38241279125213623,0.38241279125213623,0.38241279125213623
36193,0.38530996441841125,0.38530996441841125,0.38530996441841125
36203,0.3851953446865082,0.3851953446865082,0.3851953446865082
36205,0.3853756785392761,0.3853756785392761,0.3853756785392761
36206,0.3858243227005005,0.3858243227005005,0.3858243227005005
36240,0.38655221462249756,0.38655221462249756,0.38655221462249756
36243,0.38660526275634766,0.38660526275634766,0.38660526275634766
36260,0.3884425163269043,0.3884425163269043,0.3884425163269043
36268,0.3882526159286499,0.3882526159286499,0.3882526159286499
36270,0.3877285420894623,0.3877285420894623,0.3877285420894623
36275,0.38726717233657837,0.38726717233657837,0.38726717233657837
36282,0.387733519077301,0.387733519077301,0.387733519077301
36295,0.3888705372810364,0.3888705372810364,0.3888705372810364
36298,0.3887079060077667,0.3887079060077667,0.3887079060077667
36299,0.3884865939617157,0.3884865939617157,0.3884865939617157
36303,0.38870781660079956,0.38870781660079956,0.38870781660079956
36308,0.38849693536758423,0.38849693536758423,0.38849693536758423
36314,0.3881118595600128,0.3881118595600128,0.3881118595600128
36315,0.38824668526649475,0.38824668526649475,0.38824668526649475
36326,0.388014018535614,0.388014018535614,0.388014018535614
36334,0.38817960023880005,0.38817960023880005,0.38817960023880005
36354,0.3887081444263458,0.3887081444263458,0.3887081444263458
36362,0.3877430558204651,0.3877430558204651,0.3877430558204651
36363,0.38788115978240967,0.38788115978240967,0.38788115978240967
36369,0.3877321481704712,0.3877321481704712,0.3877321481704712
36370,0.38749322295188904,0.38749322295188904,0.38749322295188904
36374,0.3860565721988678,0.3860565721988678,0.3860565721988678
36382,0.3844025731086731,0.3844025731086731,0.3844025731086731
36383,0.38447335362434387,0.38447335362434387,0.38447335362434387
36385,0.3845904767513275,0.3845904767513275,0.3845904767513275
36386,0.3845180869102478,0.3845180869102478,0.3845180869102478
36392,0.38384878635406494,0.38384878635406494,0.38384878635406494
36396,0.3834461569786072,0.3834461569786072,0.3834461569786072
36410,0.38171499967575073,0.38171499967575073,0.38171499967575073
36412,0.3814188539981842,0.3814188539981842,0.3814188539981842
36414,0.380583792924881,0.380583792924881,0.380583792924881
36417,0.3805881440639496,0.3805881440639496,0.3805881440639496
36419,0.38079991936683655,0.38079991936683655,0.38079991936683655
36423,0.38031935691833496,0.38031935691833496,0.38031935691833496
36430,0.3796851634979248,0.3796851634979248,0.3796851634979248
36435,0.37941497564315796,0.37941497564315796,0.37941497564315796
36436,0.3792913556098938,0.3792913556098938,0.3792913556098938
36446,0.38132110238075256,0.38132110238075256,0.38132110238075256
36465,0.38618525862693787,0.38618525862693787,0.38618525862693787
36466,0.3861693739891052,0.3861693739891052,0.3861693739891052
36467,0.38645121455192566,0.38645121455192566,0.38645121455192566
36468,0.38648977875709534,0.38648977875709534,0.38648977875709534
36475,0.38709884881973267,0.38709884881973267,0.38709884881973267
36485,0.38801127672195435,0.38801127672195435,0.38801127672195435
36488,0.38833683729171753,0.38833683729171753,0.38833683729171753
36489,0.3892056941986084,0.3892056941986084,0.3892056941986084
36502,0.3885335922241211,0.3885335922241211,0.3885335922241211
36517,0.3886091113090515,0.3886091113090515,0.3886091113090515
36518,0.38890522718429565,0.38890522718429565,0.38890522718429565
36549,0.39060017466545105,0.39060017466545105,0.39060017466545105
36567,0.392070472240448,0.392070472240448,0.392070472240448
36576,0.3925432562828064,0.3925432562828064,0.3925432562828064
36581,0.39322206377983093,0.39322206377983093,0.39322206377983093
36588,0.3950430750846863,0.3950430750846863,0.3950430750846863
36591,0.3936326205730438,0.3936326205730438,0.3936326205730438
36594,0.3933488726615906,0.3933488726615906,0.3933488726615906
36598,0.39269766211509705,0.39269766211509705,0.39269766211509705
36599,0.3927517533302307,0.3927517533302307,0.3927517533302307
36600,0.39258962869644165,0.39258962869644165,0.39258962869644165
36607,0.3938853442668915,0.3938853442668915,0.3938853442668915
36610,0.39447474479675293,0.39447474479675293,0.39447474479675293
36616,0.3962405323982239,0.3962405323982239,0.3962405323982239
36637,0.394342303276062,0.394342303276062,0.394342303276062
36639,0.39467301964759827,0.39467301964759827,0.39467301964759827
36640,0.3945786654949188,0.3945786654949188,0.3945786654949188
36645,0.394198477268219,0.394198477268219,0.394198477268219
36656,0.3937164843082428,0.3937164843082428,0.3937164843082428
36658,0.3936937153339386,0.3936937153339386,0.3936937153339386
36662,0.3929363191127777,0.3929363191127777,0.3929363191127777
36670,0.39167553186416626,0.39167553186416626,0.39167553186416626
36683,0.3916531801223755,0.3916531801223755,0.3916531801223755
36686,0.391995370388031,0.391995370388031,0.391995370388031
36689,0.39192166924476624,0.39192166924476624,0.39192166924476624
36691,0.3918628990650177,0.3918628990650177,0.3918628990650177
36697,0.393498957157135,0.393498957157135,0.393498957157135
36706,0.39442843198776245,0.39442843198776245,0.39442843198776245
36707,0.39465266466140747,0.39465266466140747,0.39465266466140747
36709,0.3944118022918701,0.3944118022918701,0.3944118022918701
36710,0.3943769633769989,0.3943769633769989,0.3943769633769989
36714,0.393735408782959,0.393735408782959,0.393735408782959
36717,0.39322179555892944,0.39322179555892944,0.39322179555892944
36720,0.39271336793899536,0.39271336793899536,0.39271336793899536
36742,0.39289891719818115,0.39289891719818115,0.39289891719818115
36743,0.39295998215675354,0.39295998215675354,0.39295998215675354
36757,0.3938944637775421,0.3938944637775421,0.3938944637775421
36762,0.39418432116508484,0.39418432116508484,0.39418432116508484
36766,0.39423808455467224,0.39423808455467224,0.39423808455467224
36767,0.3941020369529724,0.3941020369529724,0.3941020369529724
36769,0.39371800422668457,0.39371800422668457,0.39371800422668457
36783,0.3929767906665802,0.3929767906665802,0.3929767906665802
36786,0.3924117088317871,0.3924117088317871,0.3924117088317871
36801,0.3927744925022125,0.3927744925022125,0.3927744925022125
36802,0.39352700114250183,0.39352700114250183,0.39352700114250183
36804,0.39454153180122375,0.39454153180122375,0.39454153180122375
36808,0.39485034346580505,0.39485034346580505,0.39485034346580505
36810,0.3949788212776184,0.3949788212776184,0.3949788212776184
36819,0.39418160915374756,0.39418160915374756,0.39418160915374756
36822,0.3932270407676697,0.3932270407676697,0.3932270407676697
36838,0.39071357250213623,0.39071357250213623,0.39071357250213623
36840,0.3905014991760254,0.3905014991760254,0.3905014991760254
36841,0.39045047760009766,0.39045047760009766,0.39045047760009766
36842,0.3902544379234314,0.3902544379234314,0.3902544379234314
36845,0.38928332924842834,0.38928332924842834,0.38928332924842834
36846,0.3891295790672302,0.3891295790672302,0.3891295790672302
36851,0.3889999985694885,0.3889999985694885,0.3889999985694885
36855,0.3893662691116333,0.3893662691116333,0.3893662691116333
36858,0.3895164728164673,0.3895164728164673,0.3895164728164673
36863,0.38951125741004944,0.38951125741004944,0.38951125741004944
36866,0.38956311345100403,0.38956311345100403,0.38956311345100403
36867,0.3894471824169159,0.3894471824169159,0.3894471824169159
36868,0.3893182575702667,0.3893182575702667,0.3893182575702667
36871,0.38844260573387146,0.38844260573387146,0.38844260573387146
36874,0.38804638385772705,0.38804638385772705,0.38804638385772705
36881,0.38699570298194885,0.38699570298194885,0.38699570298194885
36891,0.3870902955532074,0.3870902955532074,0.3870902955532074
36897,0.38632965087890625,0.38632965087890625,0.38632965087890625
36902,0.38525962829589844,0.38525962829589844,0.38525962829589844
36907,0.3844852149486542,0.3844852149486542,0.3844852149486542
36910,0.3844241201877594,0.3844241201877594,0.3844241201877594
36933,0.38158532977104187,0.38158532977104187,0.38158532977104187
36940,0.3807569146156311,0.3807569146156311,0.3807569146156311
36946,0.3806236982345581,0.3806236982345581,0.3806236982345581
36954,0.3804839551448822,0.3804839551448822,0.3804839551448822
36955,0.38027286529541016,0.38027286529541016,0.38027286529541016
36957,0.38001829385757446,0.38001829385757446,0.38001829385757446
36962,0.3787965476512909,0.3787965476512909,0.3787965476512909
36965,0.3788352906703949,0.3788352906703949,0.3788352906703949
36975,0.37812289595603943,0.37812289595603943,0.37812289595603943
36982,0.3780052065849304,0.3780052065849304,0.3780052065849304
36989,0.3785440921783447,0.3785440921783447,0.3785440921783447
36992,0.3794582188129425,0.3794582188129425,0.3794582188129425
36994,0.38031071424484253,0.38031071424484253,0.38031071424484253
36999,0.37999266386032104,0.37999266386032104,0.37999266386032104
37014,0.38090938329696655,0.38090938329696655,0.38090938329696655
37017,0.3814559578895569,0.3814559578895569,0.3814559578895569
37025,0.38228410482406616,0.38228410482406616,0.38228410482406616
37027,0.3827363848686218,0.3827363848686218,0.3827363848686218
37031,0.3847796320915222,0.3847796320915222,0.3847796320915222
37039,0.39087018370628357,0.39087018370628357,0.39087018370628357
37048,0.3947105407714844,0.3947105407714844,0.3947105407714844
37050,0.3951748311519623,0.3951748311519623,0.3951748311519623
37056,0.3942936658859253,0.3942936658859253,0.3942936658859253
37057,0.3945826292037964,0.3945826292037964,0.3945826292037964
37058,0.3945632874965668,0.3945632874965668,0.3945632874965668
37059,0.3943205773830414,0.3943205773830414,0.3943205773830414
37065,0.39332115650177,0.39332115650177,0.39332115650177
37074,0.39286500215530396,0.39286500215530396,0.39286500215530396
37084,0.3925528824329376,0.3925528824329376,0.3925528824329376
37087,0.39243578910827637,0.39243578910827637,0.39243578910827637
37096,0.391023725271225,0.391023725271225,0.391023725271225
37099,0.38999736309051514,0.38999736309051514,0.38999736309051514
37100,0.3898904323577881,0.3898904323577881,0.3898904323577881
37104,0.38980627059936523,0.38980627059936523,0.38980627059936523
37107,0.38891327381134033,0.38891327381134033,0.38891327381134033
37109,0.3883676528930664,0.3883676528930664,0.3883676528930664
37121,0.39010757207870483,0.39010757207870483,0.39010757207870483
37122,0.3907926380634308,0.3907926380634308,0.3907926380634308
37127,0.39243975281715393,0.39243975281715393,0.39243975281715393
37129,0.39366018772125244,0.39366018772125244,0.39366018772125244
37131,0.39460238814353943,0.39460238814353943,0.39460238814353943
37138,0.3957101106643677,0.3957101106643677,0.3957101106643677
37151,0.3961043059825897,0.3961043059825897,0.3961043059825897
37156,0.3973567485809326,0.3973567485809326,0.3973567485809326
37161,0.39772626757621765,0.39772626757621765,0.39772626757621765
37184,0.4009585380554199,0.4009585380554199,0.4009585380554199
37185,0.4010433256626129,0.4010433256626129,0.4010433256626129
37204,0.4015076458454132,0.4015076458454132,0.4015076458454132
37212,0.4014367461204529,0.4014367461204529,0.4014367461204529
37215,0.40104949474334717,0.40104949474334717,0.40104949474334717
37216,0.40081265568733215,0.40081265568733215,0.40081265568733215
37228,0.40107011795043945,0.40107011795043945,0.40107011795043945
37230,0.401325523853302,0.401325523853302,0.401325523853302
37232,0.4013705253601074,0.4013705253601074,0.4013705253601074
37240,0.40070611238479614,0.40070611238479614,0.40070611238479614
37242,0.4007006883621216,0.4007006883621216,0.4007006883621216
37246,0.4009658396244049,0.4009658396244049,0.4009658396244049
37248,0.4008924067020416,0.4008924067020416,0.4008924067020416
37253,0.400357186794281,0.400357186794281,0.400357186794281
37263,0.4013965129852295,0.4013965129852295,0.4013965129852295
37267,0.401498019695282,0.401498019695282,0.401498019695282
37270,0.40144139528274536,0.40144139528274536,0.40144139528274536
37279,0.40091294050216675,0.40091294050216675,0.40091294050216675
37281,0.4011152684688568,0.4011152684688568,0.4011152684688568
37282,0.40105998516082764,0.40105998516082764,0.40105998516082764
37289,0.4003073275089264,0.4003073275089264,0.4003073275089264
37304,0.39958059787750244,0.39958059787750244,0.39958059787750244
37314,0.3988876938819885,0.3988876938819885,0.3988876938819885
37323,0.39794740080833435,0.39794740080833435,0.39794740080833435
37326,0.3980224132537842,0.3980224132537842,0.3980224132537842
37347,0.3971903920173645,0.3971903920173645,0.3971903920173645
37357,0.3966270089149475,0.3966270089149475,0.3966270089149475
37361,0.39732885360717773,0.39732885360717773,0.39732885360717773
37385,0.3955169916152954,0.3955169916152954,0.3955169916152954
37399,0.3955802023410797,0.3955802023410797,0.3955802023410797
37400,0.3955441117286682,0.3955441117286682,0.3955441117286682
37412,0.39311128854751587,0.39311128854751587,0.39311128854751587
37421,0.3919062614440918,0.3919062614440918,0.3919062614440918
37428,0.3935451805591583,0.3935451805591583,0.3935451805591583
37432,0.39298248291015625,0.39298248291015625,0.39298248291015625
37439,0.3946175277233124,0.3946175277233124,0.3946175277233124
37443,0.3950011134147644,0.3950011134147644,0.3950011134147644
37448,0.39491936564445496,0.39491936564445496,0.39491936564445496
37455,0.3952922821044922,0.3952922821044922,0.3952922821044922
37464,0.3956651985645294,0.3956651985645294,0.3956651985645294
37466,0.3956187665462494,0.3956187665462494,0.3956187665462494
37472,0.39455753564834595,0.39455753564834595,0.39455753564834595
37485,0.39427927136421204,0.39427927136421204,0.39427927136421204
37490,0.39509961009025574,0.39509961009025574,0.39509961009025574
37496,0.39505842328071594,0.39505842328071594,0.39505842328071594
37499,0.39532819390296936,0.39532819390296936,0.39532819390296936
37502,0.39631569385528564,0.39631569385528564,0.39631569385528564
37508,0.39626574516296387,0.39626574516296387,0.39626574516296387
37520,0.3967171609401703,0.3967171609401703,0.3967171609401703
37530,0.3974638879299164,0.3974638879299164,0.3974638879299164
37532,0.39789286255836487,0.39789286255836487,0.39789286255836487
37533,0.39814049005508423,0.39814049005508423,0.39814049005508423
37535,0.3975454866886139,0.3975454866886139,0.3975454866886139
37537,0.3973662853240967,0.3973662853240967,0.3973662853240967
37557,0.396819531917572,0.396819531917572,0.396819531917572
37558,0.39659810066223145,0.39659810066223145,0.39659810066223145
37560,0.39652708172798157,0.39652708172798157,0.39652708172798157
37563,0.3962593972682953,0.3962593972682953,0.3962593972682953
37569,0.3950004577636719,0.3950004577636719,0.3950004577636719
37575,0.39558541774749756,0.39558541774749756,0.39558541774749756
37577,0.39611414074897766,0.39611414074897766,0.39611414074897766
37578,0.3959347605705261,0.3959347605705261,0.3959347605705261
37586,0.3945328891277313,0.3945328891277313,0.3945328891277313
37591,0.39396145939826965,0.39396145939826965,0.39396145939826965
37592,0.3943665325641632,0.3943665325641632,0.3943665325641632
37596,0.39455971121788025,0.39455971121788025,0.39455971121788025
37610,0.3938724398612976,0.3938724398612976,0.3938724398612976
37616,0.3934188485145569,0.3934188485145569,0.3934188485145569
37621,0.3937588632106781,0.3937588632106781,0.3937588632106781
37624,0.393999308347702,0.393999308347702,0.393999308347702
37630,0.3947729170322418,0.3947729170322418,0.3947729170322418
37633,0.39362701773643494,0.39362701773643494,0.39362701773643494
37651,0.3914622664451599,0.3914622664451599,0.3914622664451599
37655,0.39049094915390015,0.39049094915390015,0.39049094915390015
37659,0.3899378180503845,0.3899378180503845,0.3899378180503845
37662,0.38936758041381836,0.38936758041381836,0.38936758041381836
37665,0.38841956853866577,0.38841956853866577,0.38841956853866577
37670,0.38795390725135803,0.38795390725135803,0.38795390725135803
37672,0.3880767822265625,0.3880767822265625,0.3880767822265625
37674,0.38804754614830017,0.38804754614830017,0.38804754614830017
37678,0.3882753849029541,0.3882753849029541,0.3882753849029541
37684,0.3881435692310333,0.3881435692310333,0.3881435692310333
37685,0.3882943391799927,0.3882943391799927,0.3882943391799927
37688,0.3877626061439514,0.3877626061439514,0.3877626061439514
37711,0.3864310681819916,0.3864310681819916,0.3864310681819916
37720,0.38535454869270325,0.38535454869270325,0.38535454869270325
37727,0.38478735089302063,0.38478735089302063,0.38478735089302063
37728,0.3850114941596985,0.3850114941596985,0.3850114941596985
37732,0.38482317328453064,0.38482317328453064,0.38482317328453064
37745,0.3900116980075836,0.3900116980075836,0.3900116980075836
37773,0.39112618565559387,0.39112618565559387,0.39112618565559387
37782,0.3928002119064331,0.3928002119064331,0.3928002119064331
37794,0.39124298095703125,0.39124298095703125,0.39124298095703125
37803,0.389968603849411,0.389968603849411,0.389968603849411
37827,0.38671451807022095,0.38671451807022095,0.38671451807022095
37829,0.38608402013778687,0.38608402013778687,0.38608402013778687
37831,0.38582974672317505,0.38582974672317505,0.38582974672317505
37833,0.3859122693538666,0.3859122693538666,0.3859122693538666
37834,0.3859156668186188,0.3859156668186188,0.3859156668186188
37835,0.385978639125824,0.385978639125824,0.385978639125824
37844,0.386735200881958,0.386735200881958,0.386735200881958
37847,0.3872567117214203,0.3872567117214203,0.3872567117214203
37849,0.3885323405265808,0.3885323405265808,0.3885323405265808
37854,0.3892083764076233,0.3892083764076233,0.3892083764076233
37855,0.3894166052341461,0.3894166052341461,0.3894166052341461
37856,0.3897360563278198,0.3897360563278198,0.3897360563278198
37857,0.3899637460708618,0.3899637460708618,0.3899637460708618
37860,0.3906286060810089,0.3906286060810089,0.3906286060810089
37874,0.3926040530204773,0.3926040530204773,0.3926040530204773
37881,0.39431583881378174,0.39431583881378174,0.39431583881378174
37885,0.39423128962516785,0.39423128962516785,0.39423128962516785
37891,0.39438021183013916,0.39438021183013916,0.39438021183013916
37893,0.39495235681533813,0.39495235681533813,0.39495235681533813
37900,0.39411604404449463,0.39411604404449463,0.39411604404449463
37903,0.39351651072502136,0.39351651072502136,0.39351651072502136
37904,0.393486350774765,0.393486350774765,0.393486350774765
37914,0.39471518993377686,0.39471518993377686,0.39471518993377686
37915,0.39447537064552307,0.39447537064552307,0.39447537064552307
37930,0.39702555537223816,0.39702555537223816,0.39702555537223816
37934,0.3964434266090393,0.3964434266090393,0.3964434266090393
37940,0.3972797095775604,0.3972797095775604,0.3972797095775604
37945,0.3963202238082886,0.3963202238082886,0.3963202238082886
37950,0.39475810527801514,0.39475810527801514,0.39475810527801514
37956,0.3948911726474762,0.3948911726474762,0.3948911726474762
37974,0.3932734727859497,0.3932734727859497,0.3932734727859497
37981,0.3907085657119751,0.3907085657119751,0.3907085657119751
37997,0.39060071110725403,0.39060071110725403,0.39060071110725403
37998,0.39097464084625244,0.39097464084625244,0.39097464084625244
37999,0.3912569284439087,0.3912569284439087,0.3912569284439087
38008,0.39090946316719055,0.39090946316719055,0.39090946316719055
38009,0.39088812470436096,0.39088812470436096,0.39088812470436096
38016,0.3905039131641388,0.3905039131641388,0.3905039131641388
38020,0.39072877168655396,0.39072877168655396,0.39072877168655396
38021,0.3907092809677124,0.3907092809677124,0.3907092809677124
38033,0.38877394795417786,0.38877394795417786,0.38877394795417786
38036,0.3895510733127594,0.3895510733127594,0.3895510733127594
38041,0.38992923498153687,0.38992923498153687,0.38992923498153687
38045,0.38950085639953613,0.38950085639953613,0.38950085639953613
38053,0.38965168595314026,0.38965168595314026,0.38965168595314026
38055,0.38950249552726746,0.38950249552726746,0.38950249552726746
38056,0.38970303535461426,0.38970303535461426,0.38970303535461426
38057,0.38971713185310364,0.38971713185310364,0.38971713185310364
38058,0.3894854187965393,0.3894854187965393,0.3894854187965393
38061,0.3897356688976288,0.3897356688976288,0.3897356688976288
38062,0.3897605240345001,0.3897605240345001,0.3897605240345001
38067,0.38972339034080505,0.38972339034080505,0.38972339034080505
38075,0.38811784982681274,0.38811784982681274,0.38811784982681274
38087,0.38795238733291626,0.38795238733291626,0.38795238733291626
38108,0.3858092427253723,0.3858092427253723,0.3858092427253723
38116,0.38330912590026855,0.38330912590026855,0.38330912590026855
38118,0.38286930322647095,0.38286930322647095,0.38286930322647095
38123,0.38210198283195496,0.38210198283195496,0.38210198283195496
38126,0.38200750946998596,0.38200750946998596,0.38200750946998596
38128,0.38205984234809875,0.38205984234809875,0.38205984234809875
38131,0.382423996925354,0.382423996925354,0.382423996925354
38160,0.3849886953830719,0.3849886953830719,0.3849886953830719
38162,0.38495928049087524,0.38495928049087524,0.38495928049087524
38167,0.3844046890735626,0.3844046890735626,0.3844046890735626
38170,0.38381049036979675,0.38381049036979675,0.38381049036979675
38183,0.38430026173591614,0.38430026173591614,0.38430026173591614
38187,0.38412678241729736,0.38412678241729736,0.38412678241729736
38197,0.38472461700439453,0.38472461700439453,0.38472461700439453
38200,0.38542115688323975,0.38542115688323975,0.38542115688323975
38208,0.38428157567977905,0.38428157567977905,0.38428157567977905
38209,0.384186327457428,0.384186327457428,0.384186327457428
38214,0.38361889123916626,0.38361889123916626,0.38361889123916626
38216,0.38316968083381653,0.38316968083381653,0.38316968083381653
38222,0.3823549449443817,0.3823549449443817,0.3823549449443817
38228,0.3845670521259308,0.3845670521259308,0.3845670521259308
38240,0.384795606136322,0.384795606136322,0.384795606136322
38241,0.3846614360809326,0.3846614360809326,0.3846614360809326
38250,0.3838315010070801,0.3838315010070801,0.3838315010070801
38251,0.3837166726589203,0.3837166726589203,0.3837166726589203
38275,0.38114896416664124,0.38114896416664124,0.38114896416664124
38284,0.3790273666381836,0.3790273666381836,0.3790273666381836
38302,0.3825415372848511,0.3825415372848511,0.3825415372848511
38305,0.3824971318244934,0.3824971318244934,0.3824971318244934
38310,0.382412850856781,0.382412850856781,0.382412850856781
38311,0.38252079486846924,0.38252079486846924,0.38252079486846924
38314,0.3821589946746826,0.3821589946746826,0.3821589946746826
38319,0.38116925954818726,0.38116925954818726,0.38116925954818726
38322,0.38049018383026123,0.38049018383026123,0.38049018383026123
38326,0.3790327310562134,0.3790327310562134,0.3790327310562134
38327,0.3786962628364563,0.3786962628364563,0.3786962628364563
38331,0.37828677892684937,0.37828677892684937,0.37828677892684937
38346,0.3765295445919037,0.3765295445919037,0.3765295445919037
38355,0.3811641335487366,0.3811641335487366,0.3811641335487366
38367,0.38443535566329956,0.38443535566329956,0.38443535566329956
38368,0.38464635610580444,0.38464635610580444,0.38464635610580444
38381,0.3859608471393585,0.3859608471393585,0.3859608471393585
38385,0.3852856755256653,0.3852856755256653,0.3852856755256653
38388,0.38502705097198486,0.38502705097198486,0.38502705097198486
38389,0.3856452405452728,0.3856452405452728,0.3856452405452728
38405,0.38553833961486816,0.38553833961486816,0.38553833961486816
38409,0.38555029034614563,0.38555029034614563,0.38555029034614563
38419,0.38401737809181213,0.38401737809181213,0.38401737809181213
38421,0.38424575328826904,0.38424575328826904,0.38424575328826904
38447,0.38698074221611023,0.38698074221611023,0.38698074221611023
38455,0.3869550824165344,0.3869550824165344,0.3869550824165344
38491,0.3897683322429657,0.3897683322429657,0.3897683322429657
38509,0.38939228653907776,0.38939228653907776,0.38939228653907776
38516,0.39078009128570557,0.39078009128570557,0.39078009128570557
38523,0.39181390404701233,0.39181390404701233,0.39181390404701233
38524,0.39222416281700134,0.39222416281700134,0.39222416281700134
38533,0.39378467202186584,0.39378467202186584,0.39378467202186584
38538,0.39301571249961853,0.39301571249961853,0.39301571249961853
38545,0.39270347356796265,0.39270347356796265,0.39270347356796265
38549,0.3924691081047058,0.3924691081047058,0.3924691081047058
38551,0.3926577866077423,0.3926577866077423,0.3926577866077423
38568,0.39242687821388245,0.39242687821388245,0.39242687821388245
38583,0.3928624987602234,0.3928624987602234,0.3928624987602234
38598,0.39111071825027466,0.39111071825027466,0.39111071825027466
38602,0.39120692014694214,0.39120692014694214,0.39120692014694214
38615,0.39200299978256226,0.39200299978256226,0.39200299978256226
38617,0.39202961325645447,0.39202961325645447,0.39202961325645447
38625,0.390551894903183,0.390551894903183,0.390551894903183
38628,0.39102262258529663,0.39102262258529663,0.39102262258529663
38629,0.39077866077423096,0.39077866077423096,0.39077866077423096
38633,0.38989225029945374,0.38989225029945374,0.38989225029945374
38645,0.3879789412021637,0.3879789412021637,0.3879789412021637
38646,0.38787642121315,0.38787642121315,0.38787642121315
38663,0.38561227917671204,0.38561227917671204,0.38561227917671204
38666,0.38602307438850403,0.38602307438850403,0.38602307438850403
38668,0.38571977615356445,0.38571977615356445,0.38571977615356445
38669,0.38547757267951965,0.38547757267951965,0.38547757267951965
38670,0.3854040503501892,0.3854040503501892,0.3854040503501892
38681,0.3842061758041382,0.3842061758041382,0.3842061758041382
38685,0.38307568430900574,0.38307568430900574,0.38307568430900574
38688,0.3823384940624237,0.3823384940624237,0.3823384940624237
38689,0.3821597695350647,0.3821597695350647,0.3821597695350647
38690,0.381992906332016,0.381992906332016,0.381992906332016
38691,0.381777822971344,0.381777822971344,0.381777822971344
38694,0.3820769786834717,0.3820769786834717,0.3820769786834717
38698,0.38166770339012146,0.38166770339012146,0.38166770339012146
38700,0.3820875883102417,0.3820875883102417,0.3820875883102417
38718,0.37988778948783875,0.37988778948783875,0.37988778948783875
38734,0.3779849708080292,0.3779849708080292,0.3779849708080292
38740,0.37815871834754944,0.37815871834754944,0.37815871834754944
38749,0.3767695128917694,0.3767695128917694,0.3767695128917694
38753,0.37738049030303955,0.37738049030303955,0.37738049030303955
38754,0.377658486366272,0.377658486366272,0.377658486366272
38772,0.37596264481544495,0.37596264481544495,0.37596264481544495
38787,0.37592554092407227,0.37592554092407227,0.37592554092407227
38790,0.37587666511535645,0.37587666511535645,0.37587666511535645
38792,0.37626856565475464,0.37626856565475464,0.37626856565475464
38802,0.3752976059913635,0.3752976059913635,0.3752976059913635
38803,0.3755497932434082,0.3755497932434082,0.3755497932434082
38825,0.37811365723609924,0.37811365723609924,0.37811365723609924
38826,0.3779691457748413,0.3779691457748413,0.3779691457748413
38828,0.38026681542396545,0.38026681542396545,0.38026681542396545
38829,0.3805977404117584,0.3805977404117584,0.3805977404117584
38830,0.3808456063270569,0.3808456063270569,0.3808456063270569
38835,0.3848496079444885,0.3848496079444885,0.3848496079444885
38847,0.38350799679756165,0.38350799679756165,0.38350799679756165
38850,0.38359904289245605,0.38359904289245605,0.38359904289245605
38852,0.38351166248321533,0.38351166248321533,0.38351166248321533
38859,0.38147345185279846,0.38147345185279846,0.38147345185279846
38860,0.3813624680042267,0.3813624680042267,0.3813624680042267
38878,0.37952134013175964,0.37952134013175964,0.37952134013175964
38880,0.3800322413444519,0.3800322413444519,0.3800322413444519
38881,0.3801269233226776,0.3801269233226776,0.3801269233226776
38886,0.380266934633255,0.380266934633255,0.380266934633255
38892,0.3784720301628113,0.3784720301628113,0.3784720301628113
38900,0.3815710246562958,0.3815710246562958,0.3815710246562958
38902,0.38241785764694214,0.38241785764694214,0.38241785764694214
38910,0.3848291337490082,0.3848291337490082,0.3848291337490082
38915,0.38612449169158936,0.38612449169158936,0.38612449169158936
38916,0.3864651620388031,0.3864651620388031,0.3864651620388031
38917,0.38651612401008606,0.38651612401008606,0.38651612401008606
38919,0.3869512379169464,0.3869512379169464,0.3869512379169464
38921,0.38790270686149597,0.38790270686149597,0.38790270686149597
38931,0.38901370763778687,0.38901370763778687,0.38901370763778687
38934,0.3895494341850281,0.3895494341850281,0.3895494341850281
38936,0.38982635736465454,0.38982635736465454,0.38982635736465454
38941,0.3904392123222351,0.3904392123222351,0.3904392123222351
38952,0.3921957015991211,0.3921957015991211,0.3921957015991211
38956,0.39107149839401245,0.39107149839401245,0.39107149839401245
38957,0.39106571674346924,0.39106571674346924,0.39106571674346924
38959,0.3912407159805298,0.3912407159805298,0.3912407159805298
38960,0.39169374108314514,0.39169374108314514,0.39169374108314514
38963,0.3905402719974518,0.3905402719974518,0.3905402719974518
38965,0.39033809304237366,0.39033809304237366,0.39033809304237366
38970,0.39068788290023804,0.39068788290023804,0.39068788290023804
38976,0.3906908333301544,0.3906908333301544,0.3906908333301544
38982,0.3905007243156433,0.3905007243156433,0.3905007243156433
38991,0.38989710807800293,0.38989710807800293,0.38989710807800293
38995,0.39055442810058594,0.39055442810058594,0.39055442810058594
38999,0.39015570282936096,0.39015570282936096,0.39015570282936096
39014,0.38729530572891235,0.38729530572891235,0.38729530572891235
39017,0.3868598937988281,0.3868598937988281,0.3868598937988281
39026,0.38715240359306335,0.38715240359306335,0.38715240359306335
39028,0.3871760368347168,0.3871760368347168,0.3871760368347168
39046,0.3864918053150177,0.3864918053150177,0.3864918053150177
39047,0.38661643862724304,0.38661643862724304,0.38661643862724304
39048,0.3864356577396393,0.3864356577396393,0.3864356577396393
39064,0.38616475462913513,0.38616475462913513,0.38616475462913513
39089,0.3820430040359497,0.3820430040359497,0.3820430040359497
39090,0.3815276026725769,0.3815276026725769,0.3815276026725769
39093,0.38092270493507385,0.38092270493507385,0.38092270493507385
39102,0.38018763065338135,0.38018763065338135,0.38018763065338135
39110,0.3823913037776947,0.3823913037776947,0.3823913037776947
39111,0.38256192207336426,0.38256192207336426,0.38256192207336426
39112,0.38260769844055176,0.38260769844055176,0.38260769844055176
39115,0.38384324312210083,0.38384324312210083,0.38384324312210083
39119,0.3842361271381378,0.3842361271381378,0.3842361271381378
39120,0.3844131827354431,0.3844131827354431,0.3844131827354431
39123,0.3836762607097626,0.3836762607097626,0.3836762607097626
39134,0.3864079713821411,0.3864079713821411,0.3864079713821411
39147,0.3874320983886719,0.3874320983886719,0.3874320983886719
39148,0.3876098096370697,0.3876098096370697,0.3876098096370697
39154,0.3896777629852295,0.3896777629852295,0.3896777629852295
39156,0.3897099196910858,0.3897099196910858,0.3897099196910858
39163,0.39077451825141907,0.39077451825141907,0.39077451825141907
39167,0.39071550965309143,0.39071550965309143,0.39071550965309143
39191,0.39325228333473206,0.39325228333473206,0.39325228333473206
39195,0.3926084041595459,0.3926084041595459,0.3926084041595459
39197,0.392111599445343,0.392111599445343,0.392111599445343
39203,0.39077287912368774,0.39077287912368774,0.39077287912368774
39204,0.3907650411128998,0.3907650411128998,0.3907650411128998
39207,0.3905209004878998,0.3905209004878998,0.3905209004878998
39210,0.38966456055641174,0.38966456055641174,0.38966456055641174
39212,0.389383465051651,0.389383465051651,0.389383465051651
39215,0.39001524448394775,0.39001524448394775,0.39001524448394775
39217,0.3902301490306854,0.3902301490306854,0.3902301490306854
39219,0.38998034596443176,0.38998034596443176,0.38998034596443176
39244,0.38988572359085083,0.38988572359085083,0.38988572359085083
39249,0.3913857340812683,0.3913857340812683,0.3913857340812683
39252,0.3920530378818512,0.3920530378818512,0.3920530378818512
39255,0.3905394673347473,0.3905394673347473,0.3905394673347473
39264,0.39132919907569885,0.39132919907569885,0.39132919907569885
39265,0.3913786709308624,0.3913786709308624,0.3913786709308624
39274,0.3925304114818573,0.3925304114818573,0.3925304114818573
39280,0.3912503123283386,0.3912503123283386,0.3912503123283386
39285,0.3932327628135681,0.3932327628135681,0.3932327628135681
39287,0.3929387629032135,0.3929387629032135,0.3929387629032135
39291,0.3925853967666626,0.3925853967666626,0.3925853967666626
39292,0.3924099802970886,0.3924099802970886,0.3924099802970886
39293,0.39250847697257996,0.39250847697257996,0.39250847697257996
39295,0.39267101883888245,0.39267101883888245,0.39267101883888245
39299,0.39326587319374084,0.39326587319374084,0.39326587319374084
39300,0.39333170652389526,0.39333170652389526,0.39333170652389526
39306,0.39315131306648254,0.39315131306648254,0.39315131306648254
39310,0.39210182428359985,0.39210182428359985,0.39210182428359985
39313,0.3919353485107422,0.3919353485107422,0.3919353485107422
39317,0.39121243357658386,0.39121243357658386,0.39121243357658386
39322,0.39087608456611633,0.39087608456611633,0.39087608456611633
39323,0.390661358833313,0.390661358833313,0.390661358833313
39325,0.39034825563430786,0.39034825563430786,0.39034825563430786
39328,0.38955000042915344,0.38955000042915344,0.38955000042915344
39331,0.38974711298942566,0.38974711298942566,0.38974711298942566
39336,0.3889460563659668,0.3889460563659668,0.3889460563659668
39347,0.38819649815559387,0.38819649815559387,0.38819649815559387
39371,0.3863629698753357,0.3863629698753357,0.3863629698753357
39376,0.38519030809402466,0.38519030809402466,0.38519030809402466
39387,0.3870970606803894,0.3870970606803894,0.3870970606803894
39388,0.3876460790634155,0.3876460790634155,0.3876460790634155
39412,0.39138537645339966,0.39138537645339966,0.39138537645339966
39417,0.3923133611679077,0.3923133611679077,0.3923133611679077
39424,0.3933258652687073,0.3933258652687073,0.3933258652687073
39425,0.39349398016929626,0.39349398016929626,0.39349398016929626
39432,0.3948965072631836,0.3948965072631836,0.3948965072631836
39437,0.39500173926353455,0.39500173926353455,0.39500173926353455
39438,0.3947336673736572,0.3947336673736572,0.3947336673736572
39460,0.39767786860466003,0.39767786860466003,0.39767786860466003
39473,0.39695850014686584,0.39695850014686584,0.39695850014686584
39477,0.3970958888530731,0.3970958888530731,0.3970958888530731
39479,0.3968096673488617,0.3968096673488617,0.3968096673488617
39483,0.3976443111896515,0.3976443111896515,0.3976443111896515
39502,0.3997558355331421,0.3997558355331421,0.3997558355331421
39507,0.40012311935424805,0.40012311935424805,0.40012311935424805
39508,0.4000280201435089,0.4000280201435089,0.4000280201435089
39511,0.3994486331939697,0.3994486331939697,0.3994486331939697
39515,0.39892441034317017,0.39892441034317017,0.39892441034317017
39520,0.40021252632141113,0.40021252632141113,0.40021252632141113
39539,0.3970920741558075,0.3970920741558075,0.3970920741558075
39543,0.3967891037464142,0.3967891037464142,0.3967891037464142
39546,0.3967539370059967,0.3967539370059967,0.3967539370059967
39554,0.3951070308685303,0.3951070308685303,0.3951070308685303
39564,0.39507195353507996,0.39507195353507996,0.39507195353507996
39566,0.394839346408844,0.394839346408844,0.394839346408844
39575,0.3945247232913971,0.3945247232913971,0.3945247232913971
39583,0.39371341466903687,0.39371341466903687,0.39371341466903687
39593,0.3919900059700012,0.3919900059700012,0.3919900059700012
39596,0.39129310846328735,0.39129310846328735,0.39129310846328735
39602,0.39020028710365295,0.39020028710365295,0.39020028710365295
39603,0.38994812965393066,0.38994812965393066,0.38994812965393066
39614,0.39170530438423157,0.39170530438423157,0.39170530438423157
39622,0.3909347951412201,0.3909347951412201,0.3909347951412201
39635,0.38943707942962646,0.38943707942962646,0.38943707942962646
39636,0.38918864727020264,0.38918864727020264,0.38918864727020264
39639,0.3891223669052124,0.3891223669052124,0.3891223669052124
39640,0.3891829252243042,0.3891829252243042,0.3891829252243042
39644,0.38869011402130127,0.38869011402130127,0.38869011402130127
39648,0.3886277675628662,0.3886277675628662,0.3886277675628662
39650,0.38857904076576233,0.38857904076576233,0.38857904076576233
39654,0.38852131366729736,0.38852131366729736,0.38852131366729736
39668,0.38844168186187744,0.38844168186187744,0.38844168186187744
39670,0.38868847489356995,0.38868847489356995,0.38868847489356995
39672,0.38851845264434814,0.38851845264434814,0.38851845264434814
39675,0.38784274458885193,0.38784274458885193,0.38784274458885193
39681,0.38578689098358154,0.38578689098358154,0.38578689098358154
39684,0.38480687141418457,0.38480687141418457,0.38480687141418457
39685,0.38447442650794983,0.38447442650794983,0.38447442650794983
39686,0.38402193784713745,0.38402193784713745,0.38402193784713745
39701,0.38267946243286133,0.38267946243286133,0.38267946243286133
39706,0.3827787935733795,0.3827787935733795,0.3827787935733795
39708,0.38253071904182434,0.38253071904182434,0.38253071904182434
39715,0.3833083510398865,0.3833083510398865,0.3833083510398865
39717,0.3829507827758789,0.3829507827758789,0.3829507827758789
39732,0.3833147883415222,0.3833147883415222,0.3833147883415222
39734,0.3836328983306885,0.3836328983306885,0.3836328983306885
39737,0.3827803432941437,0.3827803432941437,0.3827803432941437
39743,0.3824324607849121,0.3824324607849121,0.3824324607849121
39746,0.38366544246673584,0.38366544246673584,0.38366544246673584
39747,0.38410308957099915,0.38410308957099915,0.38410308957099915
39751,0.38498297333717346,0.38498297333717346,0.38498297333717346
39765,0.3832509517669678,0.3832509517669678,0.3832509517669678
39788,0.3781406879425049,0.3781406879425049,0.3781406879425049
39794,0.37750300765037537,0.37750300765037537,0.37750300765037537
39795,0.3774532973766327,0.3774532973766327,0.3774532973766327
39806,0.37585097551345825,0.37585097551345825,0.37585097551345825
39819,0.3751588761806488,0.3751588761806488,0.3751588761806488
39826,0.3738766610622406,0.3738766610622406,0.3738766610622406
39829,0.3732914626598358,0.3732914626598358,0.3732914626598358
39842,0.3723021149635315,0.3723021149635315,0.3723021149635315
39862,0.3710865378379822,0.3710865378379822,0.3710865378379822
39867,0.3695567846298218,0.3695567846298218,0.3695567846298218
39868,0.36963748931884766,0.36963748931884766,0.36963748931884766
39870,0.369800329208374,0.369800329208374,0.369800329208374
39876,0.3702804744243622,0.3702804744243622,0.3702804744243622
39877,0.3708164095878601,0.3708164095878601,0.3708164095878601
39882,0.37330520153045654,0.37330520153045654,0.37330520153045654
39891,0.37564006447792053,0.37564006447792053,0.37564006447792053
39930,0.3780985176563263,0.3780985176563263,0.3780985176563263
39954,0.3763633966445923,0.3763633966445923,0.3763633966445923
39969,0.37457501888275146,0.37457501888275146,0.37457501888275146
39971,0.37409573793411255,0.37409573793411255,0.37409573793411255
39973,0.3739412724971771,0.3739412724971771,0.3739412724971771
39978,0.3733455240726471,0.3733455240726471,0.3733455240726471
39985,0.37678712606430054,0.37678712606430054,0.37678712606430054
39986,0.3781000077724457,0.3781000077724457,0.3781000077724457
39988,0.3785831332206726,0.3785831332206726,0.3785831332206726
39992,0.3799484670162201,0.3799484670162201,0.3799484670162201
40003,0.3803936243057251,0.3803936243057251,0.3803936243057251
40004,0.3801323473453522,0.3801323473453522,0.3801323473453522
40010,0.3802976608276367,0.3802976608276367,0.3802976608276367
40013,0.3802831172943115,0.3802831172943115,0.3802831172943115
40032,0.380933940410614,0.380933940410614,0.380933940410614
40037,0.3819121718406677,0.3819121718406677,0.3819121718406677
40044,0.38437166810035706,0.38437166810035706,0.38437166810035706
40045,0.3842325806617737,0.3842325806617737,0.3842325806617737
40051,0.38436535000801086,0.38436535000801086,0.38436535000801086
40060,0.38578635454177856,0.38578635454177856,0.38578635454177856
40067,0.3868420422077179,0.3868420422077179,0.3868420422077179
40076,0.3867894113063812,0.3867894113063812,0.3867894113063812
40077,0.38662809133529663,0.38662809133529663,0.38662809133529663
40081,0.3858456015586853,0.3858456015586853,0.3858456015586853
40087,0.38662776350975037,0.38662776350975037,0.38662776350975037
40093,0.3872291147708893,0.3872291147708893,0.3872291147708893
40096,0.3868151009082794,0.3868151009082794,0.3868151009082794
40114,0.3861757218837738,0.3861757218837738,0.3861757218837738
40126,0.3839662969112396,0.3839662969112396,0.3839662969112396
40131,0.384448379278183,0.384448379278183,0.384448379278183
40135,0.38386785984039307,0.38386785984039307,0.38386785984039307
40143,0.38327786326408386,0.38327786326408386,0.38327786326408386
40144,0.38326597213745117,0.38326597213745117,0.38326597213745117
40145,0.38282591104507446,0.38282591104507446,0.38282591104507446
40146,0.3824678361415863,0.3824678361415863,0.3824678361415863
40150,0.38277027010917664,0.38277027010917664,0.38277027010917664
40153,0.3825273811817169,0.3825273811817169,0.3825273811817169
40159,0.38266247510910034,0.38266247510910034,0.38266247510910034
40165,0.3830355703830719,0.3830355703830719,0.3830355703830719
40169,0.38347065448760986,0.38347065448760986,0.38347065448760986
40171,0.38356101512908936,0.38356101512908936,0.38356101512908936
40185,0.3808186948299408,0.3808186948299408,0.3808186948299408
40189,0.3812457323074341,0.3812457323074341,0.3812457323074341
40194,0.3809052109718323,0.3809052109718323,0.3809052109718323
40204,0.38072794675827026,0.38072794675827026,0.38072794675827026
40205,0.38068637251853943,0.38068637251853943,0.38068637251853943
40208,0.3798094391822815,0.3798094391822815,0.3798094391822815
40224,0.3795163929462433,0.3795163929462433,0.3795163929462433
40231,0.3789181709289551,0.3789181709289551,0.3789181709289551
40235,0.380066841840744,0.380066841840744,0.380066841840744
40236,0.3801268935203552,0.3801268935203552,0.3801268935203552
40240,0.38035789132118225,0.38035789132118225,0.38035789132118225
40249,0.37918806076049805,0.37918806076049805,0.37918806076049805
40252,0.37866029143333435,0.37866029143333435,0.37866029143333435
40264,0.3799814283847809,0.3799814283847809,0.3799814283847809
40267,0.3796713948249817,0.3796713948249817,0.3796713948249817
40269,0.3800407350063324,0.3800407350063324,0.3800407350063324
40278,0.37896618247032166,0.37896618247032166,0.37896618247032166
40279,0.37872061133384705,0.37872061133384705,0.37872061133384705
40294,0.37843233346939087,0.37843233346939087,0.37843233346939087
40295,0.37801745533943176,0.37801745533943176,0.37801745533943176
40297,0.3781607151031494,0.3781607151031494,0.3781607151031494
40301,0.3787529766559601,0.3787529766559601,0.3787529766559601
40309,0.38050881028175354,0.38050881028175354,0.38050881028175354
40316,0.38093188405036926,0.38093188405036926,0.38093188405036926
40325,0.3800421357154846,0.3800421357154846,0.3800421357154846
40328,0.37982937693595886,0.37982937693595886,0.37982937693595886
40340,0.3795536160469055,0.3795536160469055,0.3795536160469055
40348,0.378766268491745,0.378766268491745,0.378766268491745
40349,0.3791682720184326,0.3791682720184326,0.3791682720184326
40352,0.3799559473991394,0.3799559473991394,0.3799559473991394
40368,0.38167819380760193,0.38167819380760193,0.38167819380760193
40370,0.3816678524017334,0.3816678524017334,0.3816678524017334
40371,0.3818458020687103,0.3818458020687103,0.3818458020687103
40393,0.38135677576065063,0.38135677576065063,0.38135677576065063
40394,0.3815723955631256,0.3815723955631256,0.3815723955631256
40395,0.3819710910320282,0.3819710910320282,0.3819710910320282
40397,0.38213253021240234,0.38213253021240234,0.38213253021240234
40408,0.38427647948265076,0.38427647948265076,0.38427647948265076
40418,0.38371890783309937,0.38371890783309937,0.38371890783309937
40422,0.38353514671325684,0.38353514671325684,0.38353514671325684
40438,0.3844504654407501,0.3844504654407501,0.3844504654407501
40443,0.383949339389801,0.383949339389801,0.383949339389801
40444,0.3837905526161194,0.3837905526161194,0.3837905526161194
40446,0.3831709325313568,0.3831709325313568,0.3831709325313568
40452,0.38305142521858215,0.38305142521858215,0.38305142521858215
40456,0.3820647597312927,0.3820647597312927,0.3820647597312927
40463,0.3811304569244385,0.3811304569244385,0.3811304569244385
40465,0.38100627064704895,0.38100627064704895,0.38100627064704895
40470,0.3808513283729553,0.3808513283729553,0.3808513283729553
40474,0.38087770342826843,0.38087770342826843,0.38087770342826843
40481,0.38025200366973877,0.38025200366973877,0.38025200366973877
40482,0.3800526261329651,0.3800526261329651,0.3800526261329651
40484,0.38006508350372314,0.38006508350372314,0.38006508350372314
40489,0.3806219696998596,0.3806219696998596,0.3806219696998596
40492,0.3805052638053894,0.3805052638053894,0.3805052638053894
40494,0.3809143900871277,0.3809143900871277,0.3809143900871277
40507,0.38333797454833984,0.38333797454833984,0.38333797454833984
40509,0.38347241282463074,0.38347241282463074,0.38347241282463074
40515,0.3847910165786743,0.3847910165786743,0.3847910165786743
40520,0.38501960039138794,0.38501960039138794,0.38501960039138794
40521,0.3847750723361969,0.3847750723361969,0.3847750723361969
40524,0.38626953959465027,0.38626953959465027,0.38626953959465027
40531,0.3868448734283447,0.3868448734283447,0.3868448734283447
40538,0.3892354369163513,0.3892354369163513,0.3892354369163513
40543,0.3928013741970062,0.3928013741970062,0.3928013741970062
40553,0.3958951234817505,0.3958951234817505,0.3958951234817505
40559,0.3961203098297119,0.3961203098297119,0.3961203098297119
40561,0.3969818651676178,0.3969818651676178,0.3969818651676178
40568,0.39679938554763794,0.39679938554763794,0.39679938554763794
40571,0.39598599076271057,0.39598599076271057,0.39598599076271057
40577,0.3972514569759369,0.3972514569759369,0.3972514569759369
40578,0.39796268939971924,0.39796268939971924,0.39796268939971924
40581,0.39867836236953735,0.39867836236953735,0.39867836236953735
40590,0.3998588025569916,0.3998588025569916,0.3998588025569916
40591,0.4004233181476593,0.4004233181476593,0.4004233181476593
40595,0.4016904830932617,0.4016904830932617,0.4016904830932617
40599,0.40308740735054016,0.40308740735054016,0.40308740735054016
40601,0.4031599760055542,0.4031599760055542,0.4031599760055542
40608,0.403091698884964,0.403091698884964,0.403091698884964
40615,0.4031718373298645,0.4031718373298645,0.4031718373298645
40625,0.4012129306793213,0.4012129306793213,0.4012129306793213
40632,0.40390434861183167,0.40390434861183167,0.40390434861183167
40638,0.40521442890167236,0.40521442890167236,0.40521442890167236
40655,0.40334638953208923,0.40334638953208923,0.40334638953208923
40658,0.4030499756336212,0.4030499756336212,0.4030499756336212
40667,0.40257927775382996,0.40257927775382996,0.40257927775382996
40673,0.40280601382255554,0.40280601382255554,0.40280601382255554
40679,0.4016508162021637,0.4016508162021637,0.4016508162021637
40680,0.40134599804878235,0.40134599804878235,0.40134599804878235
40684,0.40163204073905945,0.40163204073905945,0.40163204073905945
40700,0.3993781805038452,0.3993781805038452,0.3993781805038452
40703,0.39864224195480347,0.39864224195480347,0.39864224195480347
40705,0.3978060185909271,0.3978060185909271,0.3978060185909271
40708,0.3969709575176239,0.3969709575176239,0.3969709575176239
40714,0.39662301540374756,0.39662301540374756,0.39662301540374756
40718,0.39623168110847473,0.39623168110847473,0.39623168110847473
40722,0.39539000391960144,0.39539000391960144,0.39539000391960144
40724,0.39517176151275635,0.39517176151275635,0.39517176151275635
40727,0.39434924721717834,0.39434924721717834,0.39434924721717834
40745,0.39554041624069214,0.39554041624069214,0.39554041624069214
40754,0.3978695273399353,0.3978695273399353,0.3978695273399353
40765,0.3993317484855652,0.3993317484855652,0.3993317484855652
40770,0.39900511503219604,0.39900511503219604,0.39900511503219604
40775,0.3986930251121521,0.3986930251121521,0.3986930251121521
40776,0.3987489342689514,0.3987489342689514,0.3987489342689514
40779,0.39909523725509644,0.39909523725509644,0.39909523725509644
40783,0.39891931414604187,0.39891931414604187,0.39891931414604187
40788,0.39850863814353943,0.39850863814353943,0.39850863814353943
40793,0.3986078202724457,0.3986078202724457,0.3986078202724457
40795,0.39924705028533936,0.39924705028533936,0.39924705028533936
40798,0.39899343252182007,0.39899343252182007,0.39899343252182007
40799,0.39886412024497986,0.39886412024497986,0.39886412024497986
40805,0.3985271155834198,0.3985271155834198,0.3985271155834198
40808,0.39852213859558105,0.39852213859558105,0.39852213859558105
40823,0.3959033787250519,0.3959033787250519,0.3959033787250519
40824,0.3956923484802246,0.3956923484802246,0.3956923484802246
40828,0.3954421877861023,0.3954421877861023,0.3954421877861023
40833,0.395946204662323,0.395946204662323,0.395946204662323
40838,0.39557141065597534,0.39557141065597534,0.39557141065597534
40846,0.39555975794792175,0.39555975794792175,0.39555975794792175
40856,0.3949732780456543,0.3949732780456543,0.3949732780456543
40859,0.39506831765174866,0.39506831765174866,0.39506831765174866
40862,0.3957862854003906,0.3957862854003906,0.3957862854003906
40870,0.3975302577018738,0.3975302577018738,0.3975302577018738
40878,0.3953850567340851,0.3953850567340851,0.3953850567340851
40881,0.3943704664707184,0.3943704664707184,0.3943704664707184
40884,0.3940824866294861,0.3940824866294861,0.3940824866294861
40885,0.39419296383857727,0.39419296383857727,0.39419296383857727
40895,0.3935123682022095,0.3935123682022095,0.3935123682022095
40906,0.3949408531188965,0.3949408531188965,0.3949408531188965
40916,0.39516061544418335,0.39516061544418335,0.39516061544418335
40917,0.3951488137245178,0.3951488137245178,0.3951488137245178
40925,0.39645203948020935,0.39645203948020935,0.39645203948020935
40929,0.39762017130851746,0.39762017130851746,0.39762017130851746
40938,0.3972400724887848,0.3972400724887848,0.3972400724887848
40939,0.3973965048789978,0.3973965048789978,0.3973965048789978
40945,0.39898812770843506,0.39898812770843506,0.39898812770843506
40947,0.40050840377807617,0.40050840377807617,0.40050840377807617
40960,0.40096884965896606,0.40096884965896606,0.40096884965896606
40963,0.4005361795425415,0.4005361795425415,0.4005361795425415
40965,0.40077653527259827,0.40077653527259827,0.40077653527259827
40979,0.3991515636444092,0.3991515636444092,0.3991515636444092
40994,0.3997412323951721,0.3997412323951721,0.3997412323951721
40995,0.39954444766044617,0.39954444766044617,0.39954444766044617
40996,0.3990686535835266,0.3990686535835266,0.3990686535835266
41002,0.39992010593414307,0.39992010593414307,0.39992010593414307
41010,0.39857956767082214,0.39857956767082214,0.39857956767082214
41015,0.3977859616279602,0.3977859616279602,0.3977859616279602
41016,0.3974715769290924,0.3974715769290924,0.3974715769290924
41017,0.3974776566028595,0.3974776566028595,0.3974776566028595
41019,0.3979431986808777,0.3979431986808777,0.3979431986808777
41020,0.39755257964134216,0.39755257964134216,0.39755257964134216
41033,0.3972470462322235,0.3972470462322235,0.3972470462322235
41038,0.3973328471183777,0.3973328471183777,0.3973328471183777
41039,0.3972902297973633,0.3972902297973633,0.3972902297973633
41046,0.3965848386287689,0.3965848386287689,0.3965848386287689
41047,0.396269828081131,0.396269828081131,0.396269828081131
41048,0.39621639251708984,0.39621639251708984,0.39621639251708984
41050,0.3953159749507904,0.3953159749507904,0.3953159749507904
41054,0.39534518122673035,0.39534518122673035,0.39534518122673035
41071,0.3932560384273529,0.3932560384273529,0.3932560384273529
41074,0.3926021456718445,0.3926021456718445,0.3926021456718445
41083,0.39050883054733276,0.39050883054733276,0.39050883054733276
41085,0.3904922902584076,0.3904922902584076,0.3904922902584076
41099,0.39057812094688416,0.39057812094688416,0.39057812094688416
41106,0.39124542474746704,0.39124542474746704,0.39124542474746704
41109,0.39194703102111816,0.39194703102111816,0.39194703102111816
41114,0.39062175154685974,0.39062175154685974,0.39062175154685974
41125,0.3901847004890442,0.3901847004890442,0.3901847004890442
41127,0.3896254599094391,0.3896254599094391,0.3896254599094391
41141,0.38805344700813293,0.38805344700813293,0.38805344700813293
41149,0.3882363438606262,0.3882363438606262,0.3882363438606262
41163,0.38830119371414185,0.38830119371414185,0.38830119371414185
41172,0.38740766048431396,0.38740766048431396,0.38740766048431396
41190,0.38876184821128845,0.38876184821128845,0.38876184821128845
41199,0.39000004529953003,0.39000004529953003,0.39000004529953003
41206,0.39114853739738464,0.39114853739738464,0.39114853739738464
41209,0.39031556248664856,0.39031556248664856,0.39031556248664856
41214,0.39051833748817444,0.39051833748817444,0.39051833748817444
41229,0.3890612721443176,0.3890612721443176,0.3890612721443176
41231,0.3890061676502228,0.3890061676502228,0.3890061676502228
41235,0.3900015950202942,0.3900015950202942,0.3900015950202942
41237,0.3903701603412628,0.3903701603412628,0.3903701603412628
41249,0.3869873881340027,0.3869873881340027,0.3869873881340027
41250,0.38693416118621826,0.38693416118621826,0.38693416118621826
41265,0.3858126401901245,0.3858126401901245,0.3858126401901245
41267,0.3851298391819,0.3851298391819,0.3851298391819
41270,0.3858898878097534,0.3858898878097534,0.3858898878097534
41276,0.3865237236022949,0.3865237236022949,0.3865237236022949
41278,0.3867923319339752,0.3867923319339752,0.3867923319339752
41286,0.38652175664901733,0.38652175664901733,0.38652175664901733
41300,0.38386133313179016,0.38386133313179016,0.38386133313179016
41301,0.383264422416687,0.383264422416687,0.383264422416687
41306,0.3835764527320862,0.3835764527320862,0.3835764527320862
41308,0.3838822543621063,0.3838822543621063,0.3838822543621063
41309,0.3836878538131714,0.3836878538131714,0.3836878538131714
41311,0.3835464119911194,0.3835464119911194,0.3835464119911194
41316,0.3836525082588196,0.3836525082588196,0.3836525082588196
41317,0.38353556394577026,0.38353556394577026,0.38353556394577026
41323,0.38230088353157043,0.38230088353157043,0.38230088353157043
41327,0.3826529383659363,0.3826529383659363,0.3826529383659363
41329,0.38310950994491577,0.38310950994491577,0.38310950994491577
41337,0.38263070583343506,0.38263070583343506,0.38263070583343506
41349,0.3821037709712982,0.3821037709712982,0.3821037709712982
41354,0.3820514380931854,0.3820514380931854,0.3820514380931854
41370,0.38059666752815247,0.38059666752815247,0.38059666752815247
41374,0.3809051513671875,0.3809051513671875,0.3809051513671875
41381,0.3810977041721344,0.3810977041721344,0.3810977041721344
41384,0.3812689185142517,0.3812689185142517,0.3812689185142517
41386,0.38177964091300964,0.38177964091300964,0.38177964091300964
41397,0.38048452138900757,0.38048452138900757,0.38048452138900757
41401,0.3813019394874573,0.3813019394874573,0.3813019394874573
41405,0.3810179829597473,0.3810179829597473,0.3810179829597473
41411,0.38179510831832886,0.38179510831832886,0.38179510831832886
41417,0.3820863664150238,0.3820863664150238,0.3820863664150238
41425,0.3821921944618225,0.3821921944618225,0.3821921944618225
41434,0.3832032382488251,0.3832032382488251,0.3832032382488251
41442,0.3832632005214691,0.3832632005214691,0.3832632005214691
41446,0.3832344710826874,0.3832344710826874,0.3832344710826874
41461,0.3810020983219147,0.3810020983219147,0.3810020983219147
41462,0.381037175655365,0.381037175655365,0.381037175655365
41476,0.38241538405418396,0.38241538405418396,0.38241538405418396
41479,0.38240310549736023,0.38240310549736023,0.38240310549736023
41491,0.3817242980003357,0.3817242980003357,0.3817242980003357
41497,0.381844699382782,0.381844699382782,0.381844699382782
41499,0.3821167051792145,0.3821167051792145,0.3821167051792145
41505,0.3806195557117462,0.3806195557117462,0.3806195557117462
41506,0.3807564675807953,0.3807564675807953,0.3807564675807953
41507,0.38067612051963806,0.38067612051963806,0.38067612051963806
41512,0.37992924451828003,0.37992924451828003,0.37992924451828003
41522,0.3794112801551819,0.3794112801551819,0.3794112801551819
41524,0.37885046005249023,0.37885046005249023,0.37885046005249023
41526,0.3777845799922943,0.3777845799922943,0.3777845799922943
41530,0.37766334414482117,0.37766334414482117,0.37766334414482117
41551,0.3804883360862732,0.3804883360862732,0.3804883360862732
41552,0.38033628463745117,0.38033628463745117,0.38033628463745117
41554,0.3805864751338959,0.3805864751338959,0.3805864751338959
41557,0.3811948895454407,0.3811948895454407,0.3811948895454407
41563,0.3812559247016907,0.3812559247016907,0.3812559247016907
41570,0.38152363896369934,0.38152363896369934,0.38152363896369934
41575,0.3809718191623688,0.3809718191623688,0.3809718191623688
41578,0.3816312253475189,0.3816312253475189,0.3816312253475189
41595,0.3803192675113678,0.3803192675113678,0.3803192675113678
41613,0.3787315785884857,0.3787315785884857,0.3787315785884857
41624,0.3765842020511627,0.3765842020511627,0.3765842020511627
41638,0.37524399161338806,0.37524399161338806,0.37524399161338806
41643,0.37369754910469055,0.37369754910469055,0.37369754910469055
41646,0.373348206281662,0.373348206281662,0.373348206281662
41653,0.375345379114151,0.375345379114151,0.375345379114151
41657,0.37621381878852844,0.37621381878852844,0.37621381878852844
41661,0.37748557329177856,0.37748557329177856,0.37748557329177856
41667,0.3787256181240082,0.3787256181240082,0.3787256181240082
41679,0.3807432949542999,0.3807432949542999,0.3807432949542999
41686,0.3825305104255676,0.3825305104255676,0.3825305104255676
41699,0.3838501572608948,0.3838501572608948,0.3838501572608948
41701,0.38371196389198303,0.38371196389198303,0.38371196389198303
41706,0.38378533720970154,0.38378533720970154,0.38378533720970154
41710,0.3834608793258667,0.3834608793258667,0.3834608793258667
41718,0.3838006258010864,0.3838006258010864,0.3838006258010864
41727,0.38563111424446106,0.38563111424446106,0.38563111424446106
41742,0.38498854637145996,0.38498854637145996,0.38498854637145996
41750,0.3834589123725891,0.3834589123725891,0.3834589123725891
41755,0.38226667046546936,0.38226667046546936,0.38226667046546936
41767,0.3833938241004944,0.3833938241004944,0.3833938241004944
41772,0.3838484287261963,0.3838484287261963,0.3838484287261963
41773,0.3840557038784027,0.3840557038784027,0.3840557038784027
41780,0.3837914764881134,0.3837914764881134,0.3837914764881134
41782,0.3836842179298401,0.3836842179298401,0.3836842179298401
41789,0.3815719783306122,0.3815719783306122,0.3815719783306122
41793,0.38146716356277466,0.38146716356277466,0.38146716356277466
41794,0.381581574678421,0.381581574678421,0.381581574678421
41799,0.3817741572856903,0.3817741572856903,0.3817741572856903
41802,0.3827891945838928,0.3827891945838928,0.3827891945838928
41810,0.3843628168106079,0.3843628168106079,0.3843628168106079
41815,0.38518840074539185,0.38518840074539185,0.38518840074539185
41816,0.3852880001068115,0.3852880001068115,0.3852880001068115
41818,0.3851231038570404,0.3851231038570404,0.3851231038570404
41821,0.38605642318725586,0.38605642318725586,0.38605642318725586
41824,0.3862600028514862,0.3862600028514862,0.3862600028514862
41829,0.3876037895679474,0.3876037895679474,0.3876037895679474
41830,0.38753724098205566,0.38753724098205566,0.38753724098205566
41834,0.38743191957473755,0.38743191957473755,0.38743191957473755
41839,0.3879793584346771,0.3879793584346771,0.3879793584346771
41841,0.3875422477722168,0.3875422477722168,0.3875422477722168
41842,0.3874773383140564,0.3874773383140564,0.3874773383140564
41844,0.38796859979629517,0.38796859979629517,0.38796859979629517
41858,0.3896971046924591,0.3896971046924591,0.3896971046924591
41880,0.3930453956127167,0.3930453956127167,0.3930453956127167
41884,0.3918524384498596,0.3918524384498596,0.3918524384498596
41893,0.39145779609680176,0.39145779609680176,0.39145779609680176
41898,0.3917411267757416,0.3917411267757416,0.3917411267757416
41906,0.3924616277217865,0.3924616277217865,0.3924616277217865
41916,0.3926469087600708,0.3926469087600708,0.3926469087600708
41923,0.3914605379104614,0.3914605379104614,0.3914605379104614
41931,0.39194098114967346,0.39194098114967346,0.39194098114967346
41932,0.39191558957099915,0.39191558957099915,0.39191558957099915
41935,0.3918687105178833,0.3918687105178833,0.3918687105178833
41937,0.3913465440273285,0.3913465440273285,0.3913465440273285
41939,0.3913536071777344,0.3913536071777344,0.3913536071777344
41953,0.3908597230911255,0.3908597230911255,0.3908597230911255
41960,0.39048007130622864,0.39048007130622864,0.39048007130622864
41965,0.389936625957489,0.389936625957489,0.389936625957489
41966,0.39021405577659607,0.39021405577659607,0.39021405577659607
41969,0.3906107544898987,0.3906107544898987,0.3906107544898987
41978,0.3894568979740143,0.3894568979740143,0.3894568979740143
41988,0.38983750343322754,0.38983750343322754,0.38983750343322754
41998,0.3893299698829651,0.3893299698829651,0.3893299698829651
42007,0.38900884985923767,0.38900884985923767,0.38900884985923767
42008,0.38924309611320496,0.38924309611320496,0.38924309611320496
42011,0.3897847533226013,0.3897847533226013,0.3897847533226013
42014,0.38946253061294556,0.38946253061294556,0.38946253061294556
42024,0.3896048665046692,0.3896048665046692,0.3896048665046692
42027,0.389367014169693,0.389367014169693,0.389367014169693
42035,0.3884727954864502,0.3884727954864502,0.3884727954864502
42040,0.38911086320877075,0.38911086320877075,0.38911086320877075
42043,0.38881567120552063,0.38881567120552063,0.38881567120552063
42044,0.38848161697387695,0.38848161697387695,0.38848161697387695
42050,0.3878336250782013,0.3878336250782013,0.3878336250782013
42061,0.38628995418548584,0.38628995418548584,0.38628995418548584
42076,0.38466647267341614,0.38466647267341614,0.38466647267341614
42079,0.38434696197509766,0.38434696197509766,0.38434696197509766
42090,0.3860415816307068,0.3860415816307068,0.3860415816307068
42094,0.38737544417381287,0.38737544417381287,0.38737544417381287
42098,0.38874194025993347,0.38874194025993347,0.38874194025993347
42103,0.3890781104564667,0.3890781104564667,0.3890781104564667
42113,0.3885885179042816,0.3885885179042816,0.3885885179042816
42134,0.38866570591926575,0.38866570591926575,0.38866570591926575
42135,0.38899892568588257,0.38899892568588257,0.38899892568588257
42144,0.3907996416091919,0.3907996416091919,0.3907996416091919
42147,0.3897252380847931,0.3897252380847931,0.3897252380847931
42149,0.38957396149635315,0.38957396149635315,0.38957396149635315
42153,0.389693021774292,0.389693021774292,0.389693021774292
42159,0.3890535533428192,0.3890535533428192,0.3890535533428192
42164,0.38841700553894043,0.38841700553894043,0.38841700553894043
42167,0.38860970735549927,0.38860970735549927,0.38860970735549927
42168,0.3886071741580963,0.3886071741580963,0.3886071741580963
42169,0.38865500688552856,0.38865500688552856,0.38865500688552856
42174,0.38834187388420105,0.38834187388420105,0.38834187388420105
42181,0.3871549367904663,0.3871549367904663,0.3871549367904663
42188,0.3863016664981842,0.3863016664981842,0.3863016664981842
42189,0.38630858063697815,0.38630858063697815,0.38630858063697815
42195,0.3860006332397461,0.3860006332397461,0.3860006332397461
42209,0.3883350193500519,0.3883350193500519,0.3883350193500519
42210,0.3882867097854614,0.3882867097854614,0.3882867097854614
42218,0.387138307094574,0.387138307094574,0.387138307094574
42224,0.3868754506111145,0.3868754506111145,0.3868754506111145
42234,0.38464584946632385,0.38464584946632385,0.38464584946632385
42236,0.38431090116500854,0.38431090116500854,0.38431090116500854
42239,0.3840101659297943,0.3840101659297943,0.3840101659297943
42254,0.3817358613014221,0.3817358613014221,0.3817358613014221
42255,0.3810008764266968,0.3810008764266968,0.3810008764266968
42258,0.38040974736213684,0.38040974736213684,0.38040974736213684
42260,0.3800376057624817,0.3800376057624817,0.3800376057624817
42264,0.3796747624874115,0.3796747624874115,0.3796747624874115
42278,0.37857183814048767,0.37857183814048767,0.37857183814048767
42283,0.3776722550392151,0.3776722550392151,0.3776722550392151
42285,0.3777371048927307,0.3777371048927307,0.3777371048927307
42301,0.37674304842948914,0.37674304842948914,0.37674304842948914
42308,0.3748704791069031,0.3748704791069031,0.3748704791069031
42310,0.37449783086776733,0.37449783086776733,0.37449783086776733
42318,0.3744230568408966,0.3744230568408966,0.3744230568408966
42320,0.3742454946041107,0.3742454946041107,0.3742454946041107
42325,0.3737753629684448,0.3737753629684448,0.3737753629684448
42345,0.37851864099502563,0.37851864099502563,0.37851864099502563
42349,0.3782384693622589,0.3782384693622589,0.3782384693622589
42350,0.37826329469680786,0.37826329469680786,0.37826329469680786
42357,0.37739571928977966,0.37739571928977966,0.37739571928977966
42365,0.3772363066673279,0.3772363066673279,0.3772363066673279
42367,0.3780527114868164,0.3780527114868164,0.3780527114868164
42369,0.37815678119659424,0.37815678119659424,0.37815678119659424
42378,0.3801916837692261,0.3801916837692261,0.3801916837692261
42380,0.3805299699306488,0.3805299699306488,0.3805299699306488
42382,0.38083407282829285,0.38083407282829285,0.38083407282829285
42384,0.3804594874382019,0.3804594874382019,0.3804594874382019
42389,0.38028791546821594,0.38028791546821594,0.38028791546821594
42391,0.3799129128456116,0.3799129128456116,0.3799129128456116
42403,0.38196688890457153,0.38196688890457153,0.38196688890457153
42408,0.38232460618019104,0.38232460618019104,0.38232460618019104
42415,0.382753849029541,0.382753849029541,0.382753849029541
42422,0.3836228847503662,0.3836228847503662,0.3836228847503662
42430,0.38460543751716614,0.38460543751716614,0.38460543751716614
42432,0.38396912813186646,0.38396912813186646,0.38396912813186646
42438,0.383795827627182,0.383795827627182,0.383795827627182
42444,0.3833704888820648,0.3833704888820648,0.3833704888820648
42454,0.382977157831192,0.382977157831192,0.382977157831192
42461,0.3818138837814331,0.3818138837814331,0.3818138837814331
42471,0.3814595341682434,0.3814595341682434,0.3814595341682434
42472,0.3810662627220154,0.3810662627220154,0.3810662627220154
42480,0.3809391260147095,0.3809391260147095,0.3809391260147095
42487,0.38105350732803345,0.38105350732803345,0.38105350732803345
42491,0.38153737783432007,0.38153737783432007,0.38153737783432007
42507,0.3816658854484558,0.3816658854484558,0.3816658854484558
42509,0.38152503967285156,0.38152503967285156,0.38152503967285156
42517,0.3821370601654053,0.3821370601654053,0.3821370601654053
42520,0.38243505358695984,0.38243505358695984,0.38243505358695984
42522,0.3828251361846924,0.3828251361846924,0.3828251361846924
42528,0.3832496404647827,0.3832496404647827,0.3832496404647827
42531,0.38324490189552307,0.38324490189552307,0.38324490189552307
42542,0.38358214497566223,0.38358214497566223,0.38358214497566223
42544,0.3837546110153198,0.3837546110153198,0.3837546110153198
42546,0.3842904269695282,0.3842904269695282,0.3842904269695282
42548,0.38431796431541443,0.38431796431541443,0.38431796431541443
42550,0.38442742824554443,0.38442742824554443,0.38442742824554443
42556,0.38400906324386597,0.38400906324386597,0.38400906324386597
42564,0.3833063840866089,0.3833063840866089,0.3833063840866089
42567,0.3842105269432068,0.3842105269432068,0.3842105269432068
42585,0.38523605465888977,0.38523605465888977,0.38523605465888977
42586,0.38525134325027466,0.38525134325027466,0.38525134325027466
42587,0.38515621423721313,0.38515621423721313,0.38515621423721313
42592,0.38413429260253906,0.38413429260253906,0.38413429260253906
42598,0.38374418020248413,0.38374418020248413,0.38374418020248413
42600,0.3843081593513489,0.3843081593513489,0.3843081593513489
42608,0.3840218186378479,0.3840218186378479,0.3840218186378479
42612,0.3848073184490204,0.3848073184490204,0.3848073184490204
42616,0.3850938081741333,0.3850938081741333,0.3850938081741333
42621,0.38484054803848267,0.38484054803848267,0.38484054803848267
42624,0.38500308990478516,0.38500308990478516,0.38500308990478516
42634,0.3852187693119049,0.3852187693119049,0.3852187693119049
42636,0.3852823078632355,0.3852823078632355,0.3852823078632355
42641,0.3845888078212738,0.3845888078212738,0.3845888078212738
42642,0.38434475660324097,0.38434475660324097,0.38434475660324097
42644,0.3837328851222992,0.3837328851222992,0.3837328851222992
42654,0.38402798771858215,0.38402798771858215,0.38402798771858215
42656,0.38405609130859375,0.38405609130859375,0.38405609130859375
42659,0.3836473822593689,0.3836473822593689,0.3836473822593689
42667,0.38441982865333557,0.38441982865333557,0.38441982865333557
42679,0.3865720331668854,0.3865720331668854,0.3865720331668854
42681,0.3858882486820221,0.3858882486820221,0.3858882486820221
42690,0.38258981704711914,0.38258981704711914,0.38258981704711914
42692,0.3825708031654358,0.3825708031654358,0.3825708031654358
42694,0.3819943368434906,0.3819943368434906,0.3819943368434906
42696,0.38142022490501404,0.38142022490501404,0.38142022490501404
42712,0.3818400502204895,0.3818400502204895,0.3818400502204895
42720,0.38137009739875793,0.38137009739875793,0.38137009739875793
42722,0.3812645673751831,0.3812645673751831,0.3812645673751831
42733,0.3800223171710968,0.3800223171710968,0.3800223171710968
42734,0.3801860213279724,0.3801860213279724,0.3801860213279724
42738,0.3810897469520569,0.3810897469520569,0.3810897469520569
42744,0.3807470202445984,0.3807470202445984,0.3807470202445984
42747,0.38107579946517944,0.38107579946517944,0.38107579946517944
42749,0.3816366493701935,0.3816366493701935,0.3816366493701935
42760,0.38118940591812134,0.38118940591812134,0.38118940591812134
42782,0.3858298659324646,0.3858298659324646,0.3858298659324646
42785,0.3859369158744812,0.3859369158744812,0.3859369158744812
42801,0.38720956444740295,0.38720956444740295,0.38720956444740295
42811,0.3875742256641388,0.3875742256641388,0.3875742256641388
42812,0.3871438205242157,0.3871438205242157,0.3871438205242157
42817,0.3870657682418823,0.3870657682418823,0.3870657682418823
42823,0.3871529996395111,0.3871529996395111,0.3871529996395111
42830,0.38856765627861023,0.38856765627861023,0.38856765627861023
42832,0.38915368914604187,0.38915368914604187,0.38915368914604187
42840,0.3895585536956787,0.3895585536956787,0.3895585536956787
42842,0.3890248239040375,0.3890248239040375,0.3890248239040375
42843,0.3889982998371124,0.3889982998371124,0.3889982998371124
42844,0.3887742757797241,0.3887742757797241,0.3887742757797241
42845,0.38799023628234863,0.38799023628234863,0.38799023628234863
42850,0.38702622056007385,0.38702622056007385,0.38702622056007385
42854,0.3864040672779083,0.3864040672779083,0.3864040672779083
42865,0.38712120056152344,0.38712120056152344,0.38712120056152344
42868,0.3875667154788971,0.3875667154788971,0.3875667154788971
42871,0.3878425061702728,0.3878425061702728,0.3878425061702728
42891,0.3891865313053131,0.3891865313053131,0.3891865313053131
42897,0.3886740803718567,0.3886740803718567,0.3886740803718567
42915,0.38689425587654114,0.38689425587654114,0.38689425587654114
42925,0.38587749004364014,0.38587749004364014,0.38587749004364014
42938,0.3857896327972412,0.3857896327972412,0.3857896327972412
42940,0.385684609413147,0.385684609413147,0.385684609413147
42941,0.3857382833957672,0.3857382833957672,0.3857382833957672
42943,0.38553908467292786,0.38553908467292786,0.38553908467292786
42966,0.38434043526649475,0.38434043526649475,0.38434043526649475
42978,0.3838013708591461,0.3838013708591461,0.3838013708591461
42980,0.38368746638298035,0.38368746638298035,0.38368746638298035
42986,0.38305437564849854,0.38305437564849854,0.38305437564849854
42994,0.38311317563056946,0.38311317563056946,0.38311317563056946
42996,0.38378775119781494,0.38378775119781494,0.38378775119781494
43002,0.38289716839790344,0.38289716839790344,0.38289716839790344
43016,0.38232284784317017,0.38232284784317017,0.38232284784317017
43018,0.3828447461128235,0.3828447461128235,0.3828447461128235
43021,0.3826218247413635,0.3826218247413635,0.3826218247413635
43030,0.38113269209861755,0.38113269209861755,0.38113269209861755
43033,0.3802490532398224,0.3802490532398224,0.3802490532398224
43037,0.3803637623786926,0.3803637623786926,0.3803637623786926
43044,0.38092777132987976,0.38092777132987976,0.38092777132987976
43050,0.38182008266448975,0.38182008266448975,0.38182008266448975
43059,0.38366028666496277,0.38366028666496277,0.38366028666496277
43065,0.38539427518844604,0.38539427518844604,0.38539427518844604
43068,0.3848212659358978,0.3848212659358978,0.3848212659358978
43077,0.3857050836086273,0.3857050836086273,0.3857050836086273
43089,0.38566333055496216,0.38566333055496216,0.38566333055496216
43090,0.3857589066028595,0.3857589066028595,0.3857589066028595
43094,0.38588768243789673,0.38588768243789673,0.38588768243789673
43103,0.3877202272415161,0.3877202272415161,0.3877202272415161
43112,0.38965800404548645,0.38965800404548645,0.38965800404548645
43113,0.3899608552455902,0.3899608552455902,0.3899608552455902
43124,0.3883107304573059,0.3883107304573059,0.3883107304573059
43137,0.3905077874660492,0.3905077874660492,0.3905077874660492
43146,0.39138689637184143,0.39138689637184143,0.39138689637184143
43157,0.3925224542617798,0.3925224542617798,0.3925224542617798
43167,0.39097079634666443,0.39097079634666443,0.39097079634666443
43189,0.39041388034820557,0.39041388034820557,0.39041388034820557
43190,0.39030542969703674,0.39030542969703674,0.39030542969703674
43192,0.39092281460762024,0.39092281460762024,0.39092281460762024
43199,0.39080458879470825,0.39080458879470825,0.39080458879470825
43201,0.3907700777053833,0.3907700777053833,0.3907700777053833
43225,0.3906085789203644,0.3906085789203644,0.3906085789203644
43226,0.39045581221580505,0.39045581221580505,0.39045581221580505
43236,0.3924860954284668,0.3924860954284668,0.3924860954284668
43237,0.3923773467540741,0.3923773467540741,0.3923773467540741
43244,0.39287814497947693,0.39287814497947693,0.39287814497947693
43256,0.395361065864563,0.395361065864563,0.395361065864563
43257,0.39508336782455444,0.39508336782455444,0.39508336782455444
43266,0.3960624933242798,0.3960624933242798,0.3960624933242798
43267,0.39634886384010315,0.39634886384010315,0.39634886384010315
43278,0.3963000178337097,0.3963000178337097,0.3963000178337097
43282,0.39605042338371277,0.39605042338371277,0.39605042338371277
43286,0.39497122168540955,0.39497122168540955,0.39497122168540955
43288,0.3954225182533264,0.3954225182533264,0.3954225182533264
43294,0.3956376910209656,0.3956376910209656,0.3956376910209656
43299,0.3948047459125519,0.3948047459125519,0.3948047459125519
43303,0.3950329124927521,0.3950329124927521,0.3950329124927521
43310,0.3946548402309418,0.3946548402309418,0.3946548402309418
43321,0.39701712131500244,0.39701712131500244,0.39701712131500244
43323,0.3967689573764801,0.3967689573764801,0.3967689573764801
43331,0.39614516496658325,0.39614516496658325,0.39614516496658325
43336,0.39637497067451477,0.39637497067451477,0.39637497067451477
43346,0.39531245827674866,0.39531245827674866,0.39531245827674866
43347,0.39570653438568115,0.39570653438568115,0.39570653438568115
43352,0.39720457792282104,0.39720457792282104,0.39720457792282104
43364,0.39691513776779175,0.39691513776779175,0.39691513776779175
43366,0.3964124917984009,0.3964124917984009,0.3964124917984009
43408,0.39591145515441895,0.39591145515441895,0.39591145515441895
43414,0.3949390947818756,0.3949390947818756,0.3949390947818756
43416,0.39415937662124634,0.39415937662124634,0.39415937662124634
43426,0.3924788236618042,0.3924788236618042,0.3924788236618042
43428,0.39207765460014343,0.39207765460014343,0.39207765460014343
43441,0.3908563256263733,0.3908563256263733,0.3908563256263733
43443,0.3905712962150574,0.3905712962150574,0.3905712962150574
43452,0.38916969299316406,0.38916969299316406,0.38916969299316406
43454,0.3886067271232605,0.3886067271232605,0.3886067271232605
43456,0.38863900303840637,0.38863900303840637,0.38863900303840637
43459,0.3900703191757202,0.3900703191757202,0.3900703191757202
43461,0.3898998498916626,0.3898998498916626,0.3898998498916626
43463,0.39077621698379517,0.39077621698379517,0.39077621698379517
43466,0.39145830273628235,0.39145830273628235,0.39145830273628235
43498,0.3944728970527649,0.3944728970527649,0.3944728970527649
43513,0.3924795687198639,0.3924795687198639,0.3924795687198639
43527,0.39011096954345703,0.39011096954345703,0.39011096954345703
43536,0.38880467414855957,0.38880467414855957,0.38880467414855957
43540,0.3881630599498749,0.3881630599498749,0.3881630599498749
43542,0.3875262141227722,0.3875262141227722,0.3875262141227722
43546,0.3879246413707733,0.3879246413707733,0.3879246413707733
43547,0.38801828026771545,0.38801828026771545,0.38801828026771545
43553,0.38670793175697327,0.38670793175697327,0.38670793175697327
43556,0.3871573209762573,0.3871573209762573,0.3871573209762573
43557,0.38732218742370605,0.38732218742370605,0.38732218742370605
43558,0.3874032497406006,0.3874032497406006,0.3874032497406006
43570,0.3903016149997711,0.3903016149997711,0.3903016149997711
43578,0.3910995423793793,0.3910995423793793,0.3910995423793793
43581,0.3923913836479187,0.3923913836479187,0.3923913836479187
43582,0.3928825259208679,0.3928825259208679,0.3928825259208679
43587,0.39346906542778015,0.39346906542778015,0.39346906542778015
43597,0.3947603702545166,0.3947603702545166,0.3947603702545166
43598,0.39484214782714844,0.39484214782714844,0.39484214782714844
43614,0.39822688698768616,0.39822688698768616,0.39822688698768616
43618,0.3981451988220215,0.3981451988220215,0.3981451988220215
43622,0.39890122413635254,0.39890122413635254,0.39890122413635254
43627,0.3990665674209595,0.3990665674209595,0.3990665674209595
43629,0.39934566617012024,0.39934566617012024,0.39934566617012024
43630,0.399294912815094,0.399294912815094,0.399294912815094
43633,0.39835670590400696,0.39835670590400696,0.39835670590400696
43639,0.3989170491695404,0.3989170491695404,0.3989170491695404
43646,0.39778003096580505,0.39778003096580505,0.39778003096580505
43653,0.39752310514450073,0.39752310514450073,0.39752310514450073
43657,0.39756718277931213,0.39756718277931213,0.39756718277931213
43659,0.39734816551208496,0.39734816551208496,0.39734816551208496
43661,0.39731255173683167,0.39731255173683167,0.39731255173683167
43674,0.3976682722568512,0.3976682722568512,0.3976682722568512
43677,0.39787009358406067,0.39787009358406067,0.39787009358406067
43682,0.39711278676986694,0.39711278676986694,0.39711278676986694
43691,0.3978655934333801,0.3978655934333801,0.3978655934333801
43695,0.39775142073631287,0.39775142073631287,0.39775142073631287
43709,0.3971531093120575,0.3971531093120575,0.3971531093120575
43718,0.3964651823043823,0.3964651823043823,0.3964651823043823
43719,0.39639192819595337,0.39639192819595337,0.39639192819595337
43724,0.39606428146362305,0.39606428146362305,0.39606428146362305
43727,0.3958797752857208,0.3958797752857208,0.3958797752857208
43732,0.3947829008102417,0.3947829008102417,0.3947829008102417
43735,0.3943478763103485,0.3943478763103485,0.3943478763103485
43741,0.39357873797416687,0.39357873797416687,0.39357873797416687
43752,0.3937529921531677,0.3937529921531677,0.3937529921531677
43776,0.39238032698631287,0.39238032698631287,0.39238032698631287
43784,0.3903641104698181,0.3903641104698181,0.3903641104698181
43798,0.38899344205856323,0.38899344205856323,0.38899344205856323
43800,0.3887517750263214,0.3887517750263214,0.3887517750263214
43805,0.3881222903728485,0.3881222903728485,0.3881222903728485
43811,0.38764074444770813,0.38764074444770813,0.38764074444770813
43812,0.3875652849674225,0.3875652849674225,0.3875652849674225
43814,0.38753437995910645,0.38753437995910645,0.38753437995910645
43821,0.3855234682559967,0.3855234682559967,0.3855234682559967
43823,0.38529932498931885,0.38529932498931885,0.38529932498931885
43824,0.3851300776004791,0.3851300776004791,0.3851300776004791
43825,0.3849460184574127,0.3849460184574127,0.3849460184574127
43829,0.38459232449531555,0.38459232449531555,0.38459232449531555
43830,0.38447579741477966,0.38447579741477966,0.38447579741477966
43832,0.38400962948799133,0.38400962948799133,0.38400962948799133
43837,0.3825628459453583,0.3825628459453583,0.3825628459453583
43851,0.3800417482852936,0.3800417482852936,0.3800417482852936
43852,0.3796890079975128,0.3796890079975128,0.3796890079975128
43854,0.37926939129829407,0.37926939129829407,0.37926939129829407
43856,0.3793909549713135,0.3793909549713135,0.3793909549713135
43857,0.3797626793384552,0.3797626793384552,0.3797626793384552
43861,0.37962788343429565,0.37962788343429565,0.37962788343429565
43867,0.3801063597202301,0.3801063597202301,0.3801063597202301
43871,0.38061195611953735,0.38061195611953735,0.38061195611953735
43874,0.381221741437912,0.381221741437912,0.381221741437912
43875,0.3813382089138031,0.3813382089138031,0.3813382089138031
43882,0.38076087832450867,0.38076087832450867,0.38076087832450867
43883,0.3814100921154022,0.3814100921154022,0.3814100921154022
43884,0.3820686936378479,0.3820686936378479,0.3820686936378479
43886,0.3823949992656708,0.3823949992656708,0.3823949992656708
43887,0.3826568126678467,0.3826568126678467,0.3826568126678467
43902,0.38048940896987915,0.38048940896987915,0.38048940896987915
43905,0.3808780610561371,0.3808780610561371,0.3808780610561371
43906,0.38123154640197754,0.38123154640197754,0.38123154640197754
43914,0.38094186782836914,0.38094186782836914,0.38094186782836914
43926,0.3807816803455353,0.3807816803455353,0.3807816803455353
43936,0.3815743923187256,0.3815743923187256,0.3815743923187256
43945,0.3801399767398834,0.3801399767398834,0.3801399767398834
43948,0.37886860966682434,0.37886860966682434,0.37886860966682434
43950,0.3784606456756592,0.3784606456756592,0.3784606456756592
43968,0.37498801946640015,0.37498801946640015,0.37498801946640015
43970,0.37505045533180237,0.37505045533180237,0.37505045533180237
43972,0.3750644028186798,0.3750644028186798,0.3750644028186798
43987,0.3717825412750244,0.3717825412750244,0.3717825412750244
43988,0.3715677559375763,0.3715677559375763,0.3715677559375763
43996,0.36941787600517273,0.36941787600517273,0.36941787600517273
44001,0.36846888065338135,0.36846888065338135,0.36846888065338135
44024,0.372161865234375,0.372161865234375,0.372161865234375
44031,0.37487441301345825,0.37487441301345825,0.37487441301345825
44033,0.37534844875335693,0.37534844875335693,0.37534844875335693
44034,0.375875324010849,0.375875324010849,0.375875324010849
44043,0.3764965534210205,0.3764965534210205,0.3764965534210205
44051,0.37364333868026733,0.37364333868026733,0.37364333868026733
44053,0.37381798028945923,0.37381798028945923,0.37381798028945923
44076,0.37273943424224854,0.37273943424224854,0.37273943424224854
44080,0.373222291469574,0.373222291469574,0.373222291469574
44085,0.3737967312335968,0.3737967312335968,0.3737967312335968
44087,0.373569518327713,0.373569518327713,0.373569518327713
44091,0.375021368265152,0.375021368265152,0.375021368265152
44094,0.3751331567764282,0.3751331567764282,0.3751331567764282
44100,0.3762296140193939,0.3762296140193939,0.3762296140193939
44106,0.37618812918663025,0.37618812918663025,0.37618812918663025
44126,0.37844914197921753,0.37844914197921753,0.37844914197921753
44132,0.37942418456077576,0.37942418456077576,0.37942418456077576
44133,0.37928885221481323,0.37928885221481323,0.37928885221481323
44153,0.37914958596229553,0.37914958596229553,0.37914958596229553
44154,0.37906861305236816,0.37906861305236816,0.37906861305236816
44162,0.3792610764503479,0.3792610764503479,0.3792610764503479
44163,0.37928417325019836,0.37928417325019836,0.37928417325019836
44173,0.3803841471672058,0.3803841471672058,0.3803841471672058
44183,0.3791436553001404,0.3791436553001404,0.3791436553001404
44186,0.3790798485279083,0.3790798485279083,0.3790798485279083
44197,0.38148289918899536,0.38148289918899536,0.38148289918899536
44199,0.38173606991767883,0.38173606991767883,0.38173606991767883
44201,0.3808727264404297,0.3808727264404297,0.3808727264404297
44203,0.3810357451438904,0.3810357451438904,0.3810357451438904
44207,0.3820061981678009,0.3820061981678009,0.3820061981678009
44213,0.38210445642471313,0.38210445642471313,0.38210445642471313
44227,0.37996259331703186,0.37996259331703186,0.37996259331703186
44236,0.3778170943260193,0.3778170943260193,0.3778170943260193
44238,0.3784102499485016,0.3784102499485016,0.3784102499485016
44251,0.3791957199573517,0.3791957199573517,0.3791957199573517
44261,0.37961938977241516,0.37961938977241516,0.37961938977241516
44272,0.3776387572288513,0.3776387572288513,0.3776387572288513
44273,0.3782004117965698,0.3782004117965698,0.3782004117965698
44277,0.37846532464027405,0.37846532464027405,0.37846532464027405
44279,0.378139853477478,0.378139853477478,0.378139853477478
44290,0.3767412304878235,0.3767412304878235,0.3767412304878235
44291,0.37666332721710205,0.37666332721710205,0.37666332721710205
44299,0.37689870595932007,0.37689870595932007,0.37689870595932007
44300,0.3767457902431488,0.3767457902431488,0.3767457902431488
44312,0.3765415847301483,0.3765415847301483,0.3765415847301483
44325,0.37472450733184814,0.37472450733184814,0.37472450733184814
44328,0.37466150522232056,0.37466150522232056,0.37466150522232056
44332,0.3750513195991516,0.3750513195991516,0.3750513195991516
44334,0.37519150972366333,0.37519150972366333,0.37519150972366333
44335,0.3752503991127014,0.3752503991127014,0.3752503991127014
44351,0.3741343319416046,0.3741343319416046,0.3741343319416046
44355,0.37483832240104675,0.37483832240104675,0.37483832240104675
44357,0.3750593066215515,0.3750593066215515,0.3750593066215515
44360,0.3754701018333435,0.3754701018333435,0.3754701018333435
44365,0.37494805455207825,0.37494805455207825,0.37494805455207825
44368,0.3755674958229065,0.3755674958229065,0.3755674958229065
44372,0.3750912547111511,0.3750912547111511,0.3750912547111511
44378,0.37465688586235046,0.37465688586235046,0.37465688586235046
44390,0.375896155834198,0.375896155834198,0.375896155834198
44396,0.37418094277381897,0.37418094277381897,0.37418094277381897
44400,0.3745584189891815,0.3745584189891815,0.3745584189891815
44419,0.3737501800060272,0.3737501800060272,0.3737501800060272
44427,0.37503182888031006,0.37503182888031006,0.37503182888031006
44432,0.3751475214958191,0.3751475214958191,0.3751475214958191
44433,0.3751537501811981,0.3751537501811981,0.3751537501811981
44435,0.37540513277053833,0.37540513277053833,0.37540513277053833
44441,0.3740919530391693,0.3740919530391693,0.3740919530391693
44442,0.3736235201358795,0.3736235201358795,0.3736235201358795
44443,0.37335219979286194,0.37335219979286194,0.37335219979286194
44444,0.3734400272369385,0.3734400272369385,0.3734400272369385
44451,0.3730888068675995,0.3730888068675995,0.3730888068675995
44455,0.3728317320346832,0.3728317320346832,0.3728317320346832
44468,0.37106940150260925,0.37106940150260925,0.37106940150260925
44475,0.3701684772968292,0.3701684772968292,0.3701684772968292
44477,0.36970025300979614,0.36970025300979614,0.36970025300979614
44481,0.36955028772354126,0.36955028772354126,0.36955028772354126
44485,0.3685009479522705,0.3685009479522705,0.3685009479522705
44490,0.3668440878391266,0.3668440878391266,0.3668440878391266
44494,0.36608800292015076,0.36608800292015076,0.36608800292015076
44499,0.36618566513061523,0.36618566513061523,0.36618566513061523
44502,0.36624738574028015,0.36624738574028015,0.36624738574028015
44506,0.3664487302303314,0.3664487302303314,0.3664487302303314
44511,0.3659757673740387,0.3659757673740387,0.3659757673740387
44514,0.3661629259586334,0.3661629259586334,0.3661629259586334
44519,0.3660791218280792,0.3660791218280792,0.3660791218280792
44525,0.3695715069770813,0.3695715069770813,0.3695715069770813
44527,0.37089794874191284,0.37089794874191284,0.37089794874191284
44538,0.3750748038291931,0.3750748038291931,0.3750748038291931
44539,0.3757115304470062,0.3757115304470062,0.3757115304470062
44540,0.3759741485118866,0.3759741485118866,0.3759741485118866
44541,0.3767319917678833,0.3767319917678833,0.3767319917678833
44546,0.37810271978378296,0.37810271978378296,0.37810271978378296
44562,0.38209372758865356,0.38209372758865356,0.38209372758865356
44565,0.381706565618515,0.381706565618515,0.381706565618515
44571,0.3824296295642853,0.3824296295642853,0.3824296295642853
44573,0.3823084533214569,0.3823084533214569,0.3823084533214569
44575,0.38226890563964844,0.38226890563964844,0.38226890563964844
44576,0.3825731873512268,0.3825731873512268,0.3825731873512268
44581,0.3832164704799652,0.3832164704799652,0.3832164704799652
44582,0.3826444745063782,0.3826444745063782,0.3826444745063782
44585,0.38248392939567566,0.38248392939567566,0.38248392939567566
44590,0.38382935523986816,0.38382935523986816,0.38382935523986816
44609,0.3862648010253906,0.3862648010253906,0.3862648010253906
44631,0.38899096846580505,0.38899096846580505,0.38899096846580505
44641,0.3893425464630127,0.3893425464630127,0.3893425464630127
44645,0.38924121856689453,0.38924121856689453,0.38924121856689453
44648,0.38956063985824585,0.38956063985824585,0.38956063985824585
44649,0.3899860978126526,0.3899860978126526,0.3899860978126526
44656,0.38958293199539185,0.38958293199539185,0.38958293199539185
44661,0.3898296058177948,0.3898296058177948,0.3898296058177948
44662,0.38984474539756775,0.38984474539756775,0.38984474539756775
44667,0.38938894867897034,0.38938894867897034,0.38938894867897034
44669,0.3894190788269043,0.3894190788269043,0.3894190788269043
44682,0.3899187743663788,0.3899187743663788,0.3899187743663788
44686,0.3896882236003876,0.3896882236003876,0.3896882236003876
44692,0.3900589644908905,0.3900589644908905,0.3900589644908905
44693,0.39003345370292664,0.39003345370292664,0.39003345370292664
44701,0.388989120721817,0.388989120721817,0.388989120721817
44702,0.3892689049243927,0.3892689049243927,0.3892689049243927
44703,0.38950663805007935,0.38950663805007935,0.38950663805007935
44705,0.389016330242157,0.389016330242157,0.389016330242157
44707,0.3882686197757721,0.3882686197757721,0.3882686197757721
44711,0.38754454255104065,0.38754454255104065,0.38754454255104065
44715,0.38770660758018494,0.38770660758018494,0.38770660758018494
44717,0.38791030645370483,0.38791030645370483,0.38791030645370483
44718,0.3880884051322937,0.3880884051322937,0.3880884051322937
44725,0.38901495933532715,0.38901495933532715,0.38901495933532715
44727,0.38884425163269043,0.38884425163269043,0.38884425163269043
44729,0.3889710307121277,0.3889710307121277,0.3889710307121277
44732,0.389115571975708,0.389115571975708,0.389115571975708
44735,0.3891918659210205,0.3891918659210205,0.3891918659210205
44739,0.38908877968788147,0.38908877968788147,0.38908877968788147
44741,0.3893057107925415,0.3893057107925415,0.3893057107925415
44751,0.3889365494251251,0.3889365494251251,0.3889365494251251
44762,0.389458030462265,0.389458030462265,0.389458030462265
44763,0.3894589841365814,0.3894589841365814,0.3894589841365814
44766,0.38951608538627625,0.38951608538627625,0.38951608538627625
44773,0.3890848159790039,0.3890848159790039,0.3890848159790039
44775,0.3887280523777008,0.3887280523777008,0.3887280523777008
44781,0.3886305093765259,0.3886305093765259,0.3886305093765259
44795,0.38835662603378296,0.38835662603378296,0.38835662603378296
44798,0.3880304992198944,0.3880304992198944,0.3880304992198944
44801,0.3881388008594513,0.3881388008594513,0.3881388008594513
44803,0.38900452852249146,0.38900452852249146,0.38900452852249146
44807,0.38903677463531494,0.38903677463531494,0.38903677463531494
44812,0.3894507884979248,0.3894507884979248,0.3894507884979248
44831,0.3875548243522644,0.3875548243522644,0.3875548243522644
44832,0.38772648572921753,0.38772648572921753,0.38772648572921753
44855,0.3880504369735718,0.3880504369735718,0.3880504369735718
44860,0.38909268379211426,0.38909268379211426,0.38909268379211426
44893,0.3907243311405182,0.3907243311405182,0.3907243311405182
44913,0.39041921496391296,0.39041921496391296,0.39041921496391296
44916,0.3904004693031311,0.3904004693031311,0.3904004693031311
44918,0.3903105556964874,0.3903105556964874,0.3903105556964874
44920,0.3897014856338501,0.3897014856338501,0.3897014856338501
44928,0.389557421207428,0.389557421207428,0.389557421207428
44929,0.390140175819397,0.390140175819397,0.390140175819397
44935,0.3900517523288727,0.3900517523288727,0.3900517523288727
44942,0.3892529308795929,0.3892529308795929,0.3892529308795929
44947,0.38960030674934387,0.38960030674934387,0.38960030674934387
44948,0.389763742685318,0.389763742685318,0.389763742685318
44949,0.39026978611946106,0.39026978611946106,0.39026978611946106
44950,0.3907330632209778,0.3907330632209778,0.3907330632209778
44960,0.39023256301879883,0.39023256301879883,0.39023256301879883
44963,0.3902825713157654,0.3902825713157654,0.3902825713157654
44966,0.39027953147888184,0.39027953147888184,0.39027953147888184
44969,0.3893735706806183,0.3893735706806183,0.3893735706806183
44987,0.3893262445926666,0.3893262445926666,0.3893262445926666
44999,0.38772714138031006,0.38772714138031006,0.38772714138031006
45000,0.3877643346786499,0.3877643346786499,0.3877643346786499
45002,0.3879103660583496,0.3879103660583496,0.3879103660583496
45009,0.3891333043575287,0.3891333043575287,0.3891333043575287
45021,0.3911539316177368,0.3911539316177368,0.3911539316177368
45025,0.39162009954452515,0.39162009954452515,0.39162009954452515
45037,0.3925964832305908,0.3925964832305908,0.3925964832305908
45039,0.3924422264099121,0.3924422264099121,0.3924422264099121
45040,0.392539918422699,0.392539918422699,0.392539918422699
45050,0.3937493562698364,0.3937493562698364,0.3937493562698364
45065,0.39246997237205505,0.39246997237205505,0.39246997237205505
45068,0.3931567072868347,0.3931567072868347,0.3931567072868347
45073,0.3926143944263458,0.3926143944263458,0.3926143944263458
45075,0.39222559332847595,0.39222559332847595,0.39222559332847595
45077,0.3916562795639038,0.3916562795639038,0.3916562795639038
45083,0.3923743963241577,0.3923743963241577,0.3923743963241577
45085,0.3923003375530243,0.3923003375530243,0.3923003375530243
45091,0.3928733468055725,0.3928733468055725,0.3928733468055725
45092,0.3927786350250244,0.3927786350250244,0.3927786350250244
45096,0.39222684502601624,0.39222684502601624,0.39222684502601624
45110,0.3928973078727722,0.3928973078727722,0.3928973078727722
45113,0.39237678050994873,0.39237678050994873,0.39237678050994873
45123,0.39252567291259766,0.39252567291259766,0.39252567291259766
45124,0.3925204575061798,0.3925204575061798,0.3925204575061798
45128,0.3927103877067566,0.3927103877067566,0.3927103877067566
45132,0.39213815331459045,0.39213815331459045,0.39213815331459045
45139,0.3910480737686157,0.3910480737686157,0.3910480737686157
45144,0.389790415763855,0.389790415763855,0.389790415763855
45150,0.3892812132835388,0.3892812132835388,0.3892812132835388
45158,0.38799870014190674,0.38799870014190674,0.38799870014190674
45160,0.38704246282577515,0.38704246282577515,0.38704246282577515
45165,0.3866366744041443,0.3866366744041443,0.3866366744041443
45170,0.38644877076148987,0.38644877076148987,0.38644877076148987
45183,0.3867073357105255,0.3867073357105255,0.3867073357105255
45188,0.3865138292312622,0.3865138292312622,0.3865138292312622
45189,0.38640764355659485,0.38640764355659485,0.38640764355659485
45190,0.38621774315834045,0.38621774315834045,0.38621774315834045
45191,0.3862985074520111,0.3862985074520111,0.3862985074520111
45194,0.3859461843967438,0.3859461843967438,0.3859461843967438
45200,0.38492295145988464,0.38492295145988464,0.38492295145988464
45206,0.3841111958026886,0.3841111958026886,0.3841111958026886
45223,0.3861629366874695,0.3861629366874695,0.3861629366874695
45224,0.3860131502151489,0.3860131502151489,0.3860131502151489
45238,0.39069345593452454,0.39069345593452454,0.39069345593452454
45250,0.3943920135498047,0.3943920135498047,0.3943920135498047
45260,0.397066593170166,0.397066593170166,0.397066593170166
45261,0.397208034992218,0.397208034992218,0.397208034992218
45277,0.3979017734527588,0.3979017734527588,0.3979017734527588
45278,0.39795538783073425,0.39795538783073425,0.39795538783073425
45293,0.39862060546875,0.39862060546875,0.39862060546875
45309,0.3970249891281128,0.3970249891281128,0.3970249891281128
45313,0.396317720413208,0.396317720413208,0.396317720413208
45316,0.396634966135025,0.396634966135025,0.396634966135025
45332,0.3966826796531677,0.3966826796531677,0.3966826796531677
45339,0.39784151315689087,0.39784151315689087,0.39784151315689087
45340,0.39799633622169495,0.39799633622169495,0.39799633622169495
45342,0.3975483775138855,0.3975483775138855,0.3975483775138855
45343,0.3976570963859558,0.3976570963859558,0.3976570963859558
45367,0.3981482982635498,0.3981482982635498,0.3981482982635498
45372,0.3969112038612366,0.3969112038612366,0.3969112038612366
45375,0.39608335494995117,0.39608335494995117,0.39608335494995117
45380,0.39535433053970337,0.39535433053970337,0.39535433053970337
45386,0.3956783711910248,0.3956783711910248,0.3956783711910248
45393,0.3982056677341461,0.3982056677341461,0.3982056677341461
45402,0.39851468801498413,0.39851468801498413,0.39851468801498413
45411,0.3989446461200714,0.3989446461200714,0.3989446461200714
45412,0.3985241949558258,0.3985241949558258,0.3985241949558258
45413,0.3984616994857788,0.3984616994857788,0.3984616994857788
45414,0.39834722876548767,0.39834722876548767,0.39834722876548767
45424,0.3987846374511719,0.3987846374511719,0.3987846374511719
45431,0.39927443861961365,0.39927443861961365,0.39927443861961365
45442,0.39849618077278137,0.39849618077278137,0.39849618077278137
45443,0.39862507581710815,0.39862507581710815,0.39862507581710815
45453,0.397355318069458,0.397355318069458,0.397355318069458
45473,0.3962956964969635,0.3962956964969635,0.3962956964969635
45477,0.39601930975914,0.39601930975914,0.39601930975914
45483,0.39529842138290405,0.39529842138290405,0.39529842138290405
45493,0.39487123489379883,0.39487123489379883,0.39487123489379883
45496,0.39452889561653137,0.39452889561653137,0.39452889561653137
45497,0.394355833530426,0.394355833530426,0.394355833530426
45498,0.394132137298584,0.394132137298584,0.394132137298584
45500,0.3937322497367859,0.3937322497367859,0.3937322497367859
45505,0.39306777715682983,0.39306777715682983,0.39306777715682983
45519,0.3922307789325714,0.3922307789325714,0.3922307789325714
45526,0.39223742485046387,0.39223742485046387,0.39223742485046387
45528,0.39201319217681885,0.39201319217681885,0.39201319217681885
45531,0.3915103077888489,0.3915103077888489,0.3915103077888489
45533,0.39130356907844543,0.39130356907844543,0.39130356907844543
45537,0.38960376381874084,0.38960376381874084,0.38960376381874084
45547,0.3880424499511719,0.3880424499511719,0.3880424499511719
45548,0.38834068179130554,0.38834068179130554,0.38834068179130554
45556,0.3883553743362427,0.3883553743362427,0.3883553743362427
45572,0.3896338939666748,0.3896338939666748,0.3896338939666748
45579,0.3897344172000885,0.3897344172000885,0.3897344172000885
45581,0.3902478814125061,0.3902478814125061,0.3902478814125061
45585,0.3916318416595459,0.3916318416595459,0.3916318416595459
45586,0.3916749954223633,0.3916749954223633,0.3916749954223633
45588,0.39215734601020813,0.39215734601020813,0.39215734601020813
45594,0.39305755496025085,0.39305755496025085,0.39305755496025085
45599,0.3929145634174347,0.3929145634174347,0.3929145634174347
45606,0.3933914303779602,0.3933914303779602,0.3933914303779602
45609,0.39355552196502686,0.39355552196502686,0.39355552196502686
45611,0.39288002252578735,0.39288002252578735,0.39288002252578735
45625,0.39230841398239136,0.39230841398239136,0.39230841398239136
45628,0.39316749572753906,0.39316749572753906,0.39316749572753906
45635,0.39193230867385864,0.39193230867385864,0.39193230867385864
45638,0.3916994035243988,0.3916994035243988,0.3916994035243988
45644,0.3918600380420685,0.3918600380420685,0.3918600380420685
45647,0.39125856757164,0.39125856757164,0.39125856757164
45657,0.3902156949043274,0.3902156949043274,0.3902156949043274
45658,0.39007368683815,0.39007368683815,0.39007368683815
45662,0.38969686627388,0.38969686627388,0.38969686627388
45663,0.38944461941719055,0.38944461941719055,0.38944461941719055
45670,0.3887299597263336,0.3887299597263336,0.3887299597263336
45673,0.388847291469574,0.388847291469574,0.388847291469574
45701,0.3845612704753876,0.3845612704753876,0.3845612704753876
45707,0.3837065100669861,0.3837065100669861,0.3837065100669861
45709,0.3834678828716278,0.3834678828716278,0.3834678828716278
45724,0.38190126419067383,0.38190126419067383,0.38190126419067383
45725,0.38188523054122925,0.38188523054122925,0.38188523054122925
45730,0.38045233488082886,0.38045233488082886,0.38045233488082886
45731,0.38012248277664185,0.38012248277664185,0.38012248277664185
45733,0.3804384469985962,0.3804384469985962,0.3804384469985962
45735,0.3803231120109558,0.3803231120109558,0.3803231120109558
45736,0.3799431025981903,0.3799431025981903,0.3799431025981903
45738,0.37977075576782227,0.37977075576782227,0.37977075576782227
45740,0.37979915738105774,0.37979915738105774,0.37979915738105774
45745,0.37911370396614075,0.37911370396614075,0.37911370396614075
45749,0.3782937526702881,0.3782937526702881,0.3782937526702881
45750,0.37801212072372437,0.37801212072372437,0.37801212072372437
45753,0.37835946679115295,0.37835946679115295,0.37835946679115295
45755,0.37820690870285034,0.37820690870285034,0.37820690870285034
45771,0.37812381982803345,0.37812381982803345,0.37812381982803345
45772,0.3783133029937744,0.3783133029937744,0.3783133029937744
45774,0.37858641147613525,0.37858641147613525,0.37858641147613525
45775,0.37867313623428345,0.37867313623428345,0.37867313623428345
45783,0.38093262910842896,0.38093262910842896,0.38093262910842896
45785,0.3820532262325287,0.3820532262325287,0.3820532262325287
45798,0.3820050358772278,0.3820050358772278,0.3820050358772278
45800,0.3815199136734009,0.3815199136734009,0.3815199136734009
45808,0.38102543354034424,0.38102543354034424,0.38102543354034424
45810,0.3811224699020386,0.3811224699020386,0.3811224699020386
45815,0.3808386027812958,0.3808386027812958,0.3808386027812958
45818,0.38088756799697876,0.38088756799697876,0.38088756799697876
45826,0.381013423204422,0.381013423204422,0.381013423204422
45835,0.3796420097351074,0.3796420097351074,0.3796420097351074
45839,0.37864547967910767,0.37864547967910767,0.37864547967910767
45846,0.37792181968688965,0.37792181968688965,0.37792181968688965
45856,0.3767797350883484,0.3767797350883484,0.3767797350883484
45868,0.37478718161582947,0.37478718161582947,0.37478718161582947
45869,0.3749223053455353,0.3749223053455353,0.3749223053455353
45881,0.3757089376449585,0.3757089376449585,0.3757089376449585
45893,0.3760603666305542,0.3760603666305542,0.3760603666305542
45894,0.3760986030101776,0.3760986030101776,0.3760986030101776
45899,0.3762623965740204,0.3762623965740204,0.3762623965740204
45904,0.3771800100803375,0.3771800100803375,0.3771800100803375
45908,0.376752108335495,0.376752108335495,0.376752108335495
45912,0.37581518292427063,0.37581518292427063,0.37581518292427063
45918,0.3759634792804718,0.3759634792804718,0.3759634792804718
45920,0.37606269121170044,0.37606269121170044,0.37606269121170044
45924,0.3760828971862793,0.3760828971862793,0.3760828971862793
45925,0.37663522362709045,0.37663522362709045,0.37663522362709045
45928,0.3764062821865082,0.3764062821865082,0.3764062821865082
45933,0.3776029944419861,0.3776029944419861,0.3776029944419861
45943,0.37940195202827454,0.37940195202827454,0.37940195202827454
45945,0.38090789318084717,0.38090789318084717,0.38090789318084717
45956,0.38488492369651794,0.38488492369651794,0.38488492369651794
45964,0.3870479464530945,0.3870479464530945,0.3870479464530945
45970,0.38612937927246094,0.38612937927246094,0.38612937927246094
45981,0.38557329773902893,0.38557329773902893,0.38557329773902893
45982,0.3854149580001831,0.3854149580001831,0.3854149580001831
45987,0.3855087161064148,0.3855087161064148,0.3855087161064148
45988,0.38554856181144714,0.38554856181144714,0.38554856181144714
46001,0.3861364424228668,0.3861364424228668,0.3861364424228668
46003,0.3859415352344513,0.3859415352344513,0.3859415352344513
46004,0.38615745306015015,0.38615745306015015,0.38615745306015015
46005,0.3856848180294037,0.3856848180294037,0.3856848180294037
46011,0.38740822672843933,0.38740822672843933,0.38740822672843933
46018,0.3880139887332916,0.3880139887332916,0.3880139887332916
46024,0.38904494047164917,0.38904494047164917,0.38904494047164917
46028,0.389673113822937,0.389673113822937,0.389673113822937
46030,0.3891318440437317,0.3891318440437317,0.3891318440437317
46039,0.390678346157074,0.390678346157074,0.390678346157074
46049,0.3891381025314331,0.3891381025314331,0.3891381025314331
46050,0.38940146565437317,0.38940146565437317,0.38940146565437317
46060,0.38752540946006775,0.38752540946006775,0.38752540946006775
46068,0.38811784982681274,0.38811784982681274,0.38811784982681274
46072,0.38864707946777344,0.38864707946777344,0.38864707946777344
46092,0.3888515532016754,0.3888515532016754,0.3888515532016754
46093,0.38880792260169983,0.38880792260169983,0.38880792260169983
46094,0.3892434239387512,0.3892434239387512,0.3892434239387512
46098,0.3896512985229492,0.3896512985229492,0.3896512985229492
46107,0.3890281617641449,0.3890281617641449,0.3890281617641449
46117,0.38823556900024414,0.38823556900024414,0.38823556900024414
46118,0.3879862129688263,0.3879862129688263,0.3879862129688263
46126,0.3856121897697449,0.3856121897697449,0.3856121897697449
46135,0.3856663703918457,0.3856663703918457,0.3856663703918457
46140,0.3845745921134949,0.3845745921134949,0.3845745921134949
46142,0.3842228651046753,0.3842228651046753,0.3842228651046753
46143,0.384453684091568,0.384453684091568,0.384453684091568
46149,0.3831222653388977,0.3831222653388977,0.3831222653388977
46151,0.3824721872806549,0.3824721872806549,0.3824721872806549
46157,0.38207224011421204,0.38207224011421204,0.38207224011421204
46161,0.3828604221343994,0.3828604221343994,0.3828604221343994
46162,0.3831882178783417,0.3831882178783417,0.3831882178783417
46163,0.3833279013633728,0.3833279013633728,0.3833279013633728
46166,0.3827255070209503,0.3827255070209503,0.3827255070209503
46169,0.38370972871780396,0.38370972871780396,0.38370972871780396
46184,0.38209307193756104,0.38209307193756104,0.38209307193756104
46194,0.3817329704761505,0.3817329704761505,0.3817329704761505
46208,0.3801393508911133,0.3801393508911133,0.3801393508911133
46213,0.3806951642036438,0.3806951642036438,0.3806951642036438
46221,0.38110655546188354,0.38110655546188354,0.38110655546188354
46227,0.3806748390197754,0.3806748390197754,0.3806748390197754
46228,0.3808487057685852,0.3808487057685852,0.3808487057685852
46235,0.38133862614631653,0.38133862614631653,0.38133862614631653
46242,0.3813011944293976,0.3813011944293976,0.3813011944293976
46243,0.3811268210411072,0.3811268210411072,0.3811268210411072
46244,0.38092637062072754,0.38092637062072754,0.38092637062072754
46246,0.3811136484146118,0.3811136484146118,0.3811136484146118
46256,0.3789907693862915,0.3789907693862915,0.3789907693862915
46268,0.37774381041526794,0.37774381041526794,0.37774381041526794
46272,0.37724241614341736,0.37724241614341736,0.37724241614341736
46277,0.3771856725215912,0.3771856725215912,0.3771856725215912
46280,0.3770183324813843,0.3770183324813843,0.3770183324813843
46288,0.3766151964664459,0.3766151964664459,0.3766151964664459
46297,0.3771120309829712,0.3771120309829712,0.3771120309829712
46307,0.3791879415512085,0.3791879415512085,0.3791879415512085
46310,0.3790452778339386,0.3790452778339386,0.3790452778339386
46311,0.3787168264389038,0.3787168264389038,0.3787168264389038
46324,0.3800353407859802,0.3800353407859802,0.3800353407859802
46339,0.3818933963775635,0.3818933963775635,0.3818933963775635
46340,0.38172608613967896,0.38172608613967896,0.38172608613967896
46341,0.3820267617702484,0.3820267617702484,0.3820267617702484
46347,0.3829587996006012,0.3829587996006012,0.3829587996006012
46351,0.38283440470695496,0.38283440470695496,0.38283440470695496
46353,0.3822878897190094,0.3822878897190094,0.3822878897190094
46362,0.37973257899284363,0.37973257899284363,0.37973257899284363
46368,0.3785928189754486,0.3785928189754486,0.3785928189754486
46373,0.37835732102394104,0.37835732102394104,0.37835732102394104
46391,0.380098432302475,0.380098432302475,0.380098432302475
46401,0.37986886501312256,0.37986886501312256,0.37986886501312256
46403,0.379822313785553,0.379822313785553,0.379822313785553
46410,0.3810975253582001,0.3810975253582001,0.3810975253582001
46411,0.38162851333618164,0.38162851333618164,0.38162851333618164
46425,0.3823968768119812,0.3823968768119812,0.3823968768119812
46426,0.38262540102005005,0.38262540102005005,0.38262540102005005
46437,0.3815474510192871,0.3815474510192871,0.3815474510192871
46441,0.3809177279472351,0.3809177279472351,0.3809177279472351
46445,0.3796711266040802,0.3796711266040802,0.3796711266040802
46447,0.3798338770866394,0.3798338770866394,0.3798338770866394
46451,0.37962836027145386,0.37962836027145386,0.37962836027145386
46465,0.3788716793060303,0.3788716793060303,0.3788716793060303
46470,0.3794569671154022,0.3794569671154022,0.3794569671154022
46486,0.38098371028900146,0.38098371028900146,0.38098371028900146
46494,0.38016167283058167,0.38016167283058167,0.38016167283058167
46495,0.3803786337375641,0.3803786337375641,0.3803786337375641
46496,0.3807089924812317,0.3807089924812317,0.3807089924812317
46525,0.37952330708503723,0.37952330708503723,0.37952330708503723
46526,0.3798096776008606,0.3798096776008606,0.3798096776008606
46529,0.37963080406188965,0.37963080406188965,0.37963080406188965
46531,0.37947800755500793,0.37947800755500793,0.37947800755500793
46543,0.3812362551689148,0.3812362551689148,0.3812362551689148
46544,0.38114723563194275,0.38114723563194275,0.38114723563194275
46551,0.3814558684825897,0.3814558684825897,0.3814558684825897
46552,0.3821483552455902,0.3821483552455902,0.3821483552455902
46556,0.3836901783943176,0.3836901783943176,0.3836901783943176
46560,0.385002464056015,0.385002464056015,0.385002464056015
46562,0.3850592374801636,0.3850592374801636,0.3850592374801636
46563,0.3848581910133362,0.3848581910133362,0.3848581910133362
46567,0.38424137234687805,0.38424137234687805,0.38424137234687805
46605,0.3859213888645172,0.3859213888645172,0.3859213888645172
46608,0.38653919100761414,0.38653919100761414,0.38653919100761414
46627,0.38681459426879883,0.38681459426879883,0.38681459426879883
46631,0.3862496018409729,0.3862496018409729,0.3862496018409729
46632,0.386092871427536,0.386092871427536,0.386092871427536
46634,0.3864130973815918,0.3864130973815918,0.3864130973815918
46636,0.38581427931785583,0.38581427931785583,0.38581427931785583
46646,0.38695329427719116,0.38695329427719116,0.38695329427719116
46647,0.3868905007839203,0.3868905007839203,0.3868905007839203
46676,0.3893614709377289,0.3893614709377289,0.3893614709377289
46682,0.39012426137924194,0.39012426137924194,0.39012426137924194
46689,0.39128801226615906,0.39128801226615906,0.39128801226615906
46691,0.39194920659065247,0.39194920659065247,0.39194920659065247
46707,0.39025643467903137,0.39025643467903137,0.39025643467903137
46714,0.3896586298942566,0.3896586298942566,0.3896586298942566
46721,0.38833290338516235,0.38833290338516235,0.38833290338516235
46727,0.3909694254398346,0.3909694254398346,0.3909694254398346
46733,0.3904414176940918,0.3904414176940918,0.3904414176940918
46744,0.39035651087760925,0.39035651087760925,0.39035651087760925
46757,0.39126846194267273,0.39126846194267273,0.39126846194267273
46765,0.390608549118042,0.390608549118042,0.390608549118042
46768,0.39090055227279663,0.39090055227279663,0.39090055227279663
46770,0.3902133107185364,0.3902133107185364,0.3902133107185364
46794,0.3888356387615204,0.3888356387615204,0.3888356387615204
46795,0.3887016475200653,0.3887016475200653,0.3887016475200653
46801,0.3898042142391205,0.3898042142391205,0.3898042142391205
46805,0.3906482458114624,0.3906482458114624,0.3906482458114624
46824,0.39125359058380127,0.39125359058380127,0.39125359058380127
46831,0.39119017124176025,0.39119017124176025,0.39119017124176025
46832,0.39141517877578735,0.39141517877578735,0.39141517877578735
46834,0.3909909427165985,0.3909909427165985,0.3909909427165985
46872,0.38821718096733093,0.38821718096733093,0.38821718096733093
46884,0.3869915008544922,0.3869915008544922,0.3869915008544922
46892,0.3860446512699127,0.3860446512699127,0.3860446512699127
46894,0.38581234216690063,0.38581234216690063,0.38581234216690063
46902,0.38453051447868347,0.38453051447868347,0.38453051447868347
46907,0.38471484184265137,0.38471484184265137,0.38471484184265137
46908,0.38492435216903687,0.38492435216903687,0.38492435216903687
46916,0.3848300278186798,0.3848300278186798,0.3848300278186798
46917,0.3849109709262848,0.3849109709262848,0.3849109709262848
46918,0.3846922814846039,0.3846922814846039,0.3846922814846039
46934,0.38477808237075806,0.38477808237075806,0.38477808237075806
46947,0.3837573826313019,0.3837573826313019,0.3837573826313019
46949,0.3838469684123993,0.3838469684123993,0.3838469684123993
46954,0.38414570689201355,0.38414570689201355,0.38414570689201355
46955,0.3840198218822479,0.3840198218822479,0.3840198218822479
46957,0.3839734196662903,0.3839734196662903,0.3839734196662903
46966,0.3829333782196045,0.3829333782196045,0.3829333782196045
46972,0.38277825713157654,0.38277825713157654,0.38277825713157654
46973,0.382291316986084,0.382291316986084,0.382291316986084
46978,0.38095882534980774,0.38095882534980774,0.38095882534980774
46979,0.3807651996612549,0.3807651996612549,0.3807651996612549
46983,0.38059553503990173,0.38059553503990173,0.38059553503990173
46987,0.3795240819454193,0.3795240819454193,0.3795240819454193
47005,0.37714481353759766,0.37714481353759766,0.37714481353759766
47006,0.3769141435623169,0.3769141435623169,0.3769141435623169
47011,0.37546825408935547,0.37546825408935547,0.37546825408935547
47019,0.3743590712547302,0.3743590712547302,0.3743590712547302
47029,0.3735087811946869,0.3735087811946869,0.3735087811946869
47032,0.3730177879333496,0.3730177879333496,0.3730177879333496
47034,0.37254971265792847,0.37254971265792847,0.37254971265792847
47036,0.3723525106906891,0.3723525106906891,0.3723525106906891
47037,0.37250813841819763,0.37250813841819763,0.37250813841819763
47038,0.3725683093070984,0.3725683093070984,0.3725683093070984
47039,0.37260523438453674,0.37260523438453674,0.37260523438453674
47051,0.3707004189491272,0.3707004189491272,0.3707004189491272
47052,0.370836079120636,0.370836079120636,0.370836079120636
47058,0.3712143301963806,0.3712143301963806,0.3712143301963806
47062,0.3708258867263794,0.3708258867263794,0.3708258867263794
47063,0.3706326186656952,0.3706326186656952,0.3706326186656952
47065,0.3704416751861572,0.3704416751861572,0.3704416751861572
47069,0.3701635003089905,0.3701635003089905,0.3701635003089905
47070,0.37020349502563477,0.37020349502563477,0.37020349502563477
47082,0.3690216541290283,0.3690216541290283,0.3690216541290283
47085,0.36930927634239197,0.36930927634239197,0.36930927634239197
47090,0.369276225566864,0.369276225566864,0.369276225566864
47093,0.3694477677345276,0.3694477677345276,0.3694477677345276
47097,0.369217187166214,0.369217187166214,0.369217187166214
47099,0.3692198097705841,0.3692198097705841,0.3692198097705841
47101,0.3695569932460785,0.3695569932460785,0.3695569932460785
47109,0.36954355239868164,0.36954355239868164,0.36954355239868164
47117,0.3700143098831177,0.3700143098831177,0.3700143098831177
47118,0.3702262341976166,0.3702262341976166,0.3702262341976166
47121,0.370993435382843,0.370993435382843,0.370993435382843
47124,0.3708164393901825,0.3708164393901825,0.3708164393901825
47131,0.370673269033432,0.370673269033432,0.370673269033432
47136,0.3700871467590332,0.3700871467590332,0.3700871467590332
47137,0.37018436193466187,0.37018436193466187,0.37018436193466187
47151,0.36802616715431213,0.36802616715431213,0.36802616715431213
47166,0.3691612482070923,0.3691612482070923,0.3691612482070923
47171,0.3692663908004761,0.3692663908004761,0.3692663908004761
47178,0.3689040243625641,0.3689040243625641,0.3689040243625641
47181,0.36898064613342285,0.36898064613342285,0.36898064613342285
47189,0.36874112486839294,0.36874112486839294,0.36874112486839294
47194,0.3699701726436615,0.3699701726436615,0.3699701726436615
47195,0.36995255947113037,0.36995255947113037,0.36995255947113037
47208,0.3691091239452362,0.3691091239452362,0.3691091239452362
47215,0.3714897036552429,0.3714897036552429,0.3714897036552429
47220,0.371967077255249,0.371967077255249,0.371967077255249
47229,0.37301525473594666,0.37301525473594666,0.37301525473594666
47231,0.37363293766975403,0.37363293766975403,0.37363293766975403
47232,0.37378349900245667,0.37378349900245667,0.37378349900245667
47244,0.38340651988983154,0.38340651988983154,0.38340651988983154
47251,0.3815082907676697,0.3815082907676697,0.3815082907676697
47256,0.38041120767593384,0.38041120767593384,0.38041120767593384
47257,0.38064220547676086,0.38064220547676086,0.38064220547676086
47259,0.38108882308006287,0.38108882308006287,0.38108882308006287
47263,0.3805004358291626,0.3805004358291626,0.3805004358291626
47270,0.3800763785839081,0.3800763785839081,0.3800763785839081
47273,0.38029757142066956,0.38029757142066956,0.38029757142066956
47276,0.3812049329280853,0.3812049329280853,0.3812049329280853
47281,0.38133832812309265,0.38133832812309265,0.38133832812309265
47282,0.38112613558769226,0.38112613558769226,0.38112613558769226
47283,0.3808687627315521,0.3808687627315521,0.3808687627315521
47284,0.38069042563438416,0.38069042563438416,0.38069042563438416
47300,0.38280439376831055,0.38280439376831055,0.38280439376831055
47304,0.3844183087348938,0.3844183087348938,0.3844183087348938
47305,0.38388723134994507,0.38388723134994507,0.38388723134994507
47311,0.3849978446960449,0.3849978446960449,0.3849978446960449
47313,0.3850533366203308,0.3850533366203308,0.3850533366203308
47318,0.3850592374801636,0.3850592374801636,0.3850592374801636
47326,0.3858105540275574,0.3858105540275574,0.3858105540275574
47334,0.38585975766181946,0.38585975766181946,0.38585975766181946
47337,0.38596656918525696,0.38596656918525696,0.38596656918525696
47339,0.385335773229599,0.385335773229599,0.385335773229599
47341,0.3850399851799011,0.3850399851799011,0.3850399851799011
47343,0.3844977915287018,0.3844977915287018,0.3844977915287018
47357,0.3843177855014801,0.3843177855014801,0.3843177855014801
47370,0.3865327835083008,0.3865327835083008,0.3865327835083008
47374,0.3867614269256592,0.3867614269256592,0.3867614269256592
47388,0.38592785596847534,0.38592785596847534,0.38592785596847534
47389,0.3861701190471649,0.3861701190471649,0.3861701190471649
47390,0.3863685131072998,0.3863685131072998,0.3863685131072998
47398,0.38709789514541626,0.38709789514541626,0.38709789514541626
47418,0.38884735107421875,0.38884735107421875,0.38884735107421875
47425,0.38795360922813416,0.38795360922813416,0.38795360922813416
47434,0.3868018388748169,0.3868018388748169,0.3868018388748169
47436,0.3860773742198944,0.3860773742198944,0.3860773742198944
47455,0.38653260469436646,0.38653260469436646,0.38653260469436646
47458,0.38537001609802246,0.38537001609802246,0.38537001609802246
47477,0.3853480815887451,0.3853480815887451,0.3853480815887451
47479,0.3849523663520813,0.3849523663520813,0.3849523663520813
47481,0.38529422879219055,0.38529422879219055,0.38529422879219055
47482,0.38523951172828674,0.38523951172828674,0.38523951172828674
47497,0.3841648995876312,0.3841648995876312,0.3841648995876312
47499,0.3832855820655823,0.3832855820655823,0.3832855820655823
47500,0.3832031190395355,0.3832031190395355,0.3832031190395355
47517,0.38444504141807556,0.38444504141807556,0.38444504141807556
47525,0.3847942650318146,0.3847942650318146,0.3847942650318146
47528,0.38455554842948914,0.38455554842948914,0.38455554842948914
47529,0.3844742178916931,0.3844742178916931,0.3844742178916931
47533,0.38417482376098633,0.38417482376098633,0.38417482376098633
47534,0.38397112488746643,0.38397112488746643,0.38397112488746643
47549,0.38172897696495056,0.38172897696495056,0.38172897696495056
47554,0.3808717727661133,0.3808717727661133,0.3808717727661133
47562,0.3797314763069153,0.3797314763069153,0.3797314763069153
47565,0.3793465495109558,0.3793465495109558,0.3793465495109558
47586,0.3817267119884491,0.3817267119884491,0.3817267119884491
47591,0.3815024793148041,0.3815024793148041,0.3815024793148041
47614,0.3781808018684387,0.3781808018684387,0.3781808018684387
47617,0.37875378131866455,0.37875378131866455,0.37875378131866455
47637,0.37892070412635803,0.37892070412635803,0.37892070412635803
47646,0.3802320063114166,0.3802320063114166,0.3802320063114166
47653,0.3806607723236084,0.3806607723236084,0.3806607723236084
47688,0.37789684534072876,0.37789684534072876,0.37789684534072876
47696,0.37859925627708435,0.37859925627708435,0.37859925627708435
47697,0.3784341514110565,0.3784341514110565,0.3784341514110565
47702,0.37821146845817566,0.37821146845817566,0.37821146845817566
47703,0.37781691551208496,0.37781691551208496,0.37781691551208496
47705,0.37731024622917175,0.37731024622917175,0.37731024622917175
47707,0.3778001070022583,0.3778001070022583,0.3778001070022583
47708,0.3779396414756775,0.3779396414756775,0.3779396414756775
47714,0.3766838312149048,0.3766838312149048,0.3766838312149048
47715,0.3766837418079376,0.3766837418079376,0.3766837418079376
47719,0.3759981393814087,0.3759981393814087,0.3759981393814087
47722,0.3761714696884155,0.3761714696884155,0.3761714696884155
47731,0.37466341257095337,0.37466341257095337,0.37466341257095337
47737,0.37457704544067383,0.37457704544067383,0.37457704544067383
47740,0.37466955184936523,0.37466955184936523,0.37466955184936523
47762,0.3772609829902649,0.3772609829902649,0.3772609829902649
47764,0.37745779752731323,0.37745779752731323,0.37745779752731323
47765,0.37788987159729004,0.37788987159729004,0.37788987159729004
47770,0.3798757791519165,0.3798757791519165,0.3798757791519165
47781,0.3832017481327057,0.3832017481327057,0.3832017481327057
47791,0.38521742820739746,0.38521742820739746,0.38521742820739746
47793,0.3858254551887512,0.3858254551887512,0.3858254551887512
47794,0.385774701833725,0.385774701833725,0.385774701833725
47800,0.3858402669429779,0.3858402669429779,0.3858402669429779
47803,0.3860990107059479,0.3860990107059479,0.3860990107059479
47816,0.38693585991859436,0.38693585991859436,0.38693585991859436
47819,0.38658666610717773,0.38658666610717773,0.38658666610717773
47823,0.3861204981803894,0.3861204981803894,0.3861204981803894
47825,0.3861362040042877,0.3861362040042877,0.3861362040042877
47851,0.3867641091346741,0.3867641091346741,0.3867641091346741
47854,0.38694339990615845,0.38694339990615845,0.38694339990615845
47859,0.3872227966785431,0.3872227966785431,0.3872227966785431
47860,0.3870583176612854,0.3870583176612854,0.3870583176612854
47865,0.38703736662864685,0.38703736662864685,0.38703736662864685
47872,0.38663601875305176,0.38663601875305176,0.38663601875305176
47875,0.3857266306877136,0.3857266306877136,0.3857266306877136
47884,0.3858582377433777,0.3858582377433777,0.3858582377433777
47892,0.3871140778064728,0.3871140778064728,0.3871140778064728
47904,0.3867596387863159,0.3867596387863159,0.3867596387863159
47907,0.3869844377040863,0.3869844377040863,0.3869844377040863
47909,0.3868301808834076,0.3868301808834076,0.3868301808834076
47910,0.38684871792793274,0.38684871792793274,0.38684871792793274
47921,0.38662204146385193,0.38662204146385193,0.38662204146385193
47932,0.3888604938983917,0.3888604938983917,0.3888604938983917
47934,0.3896556496620178,0.3896556496620178,0.3896556496620178
47942,0.3894060254096985,0.3894060254096985,0.3894060254096985
47943,0.38986730575561523,0.38986730575561523,0.38986730575561523
47947,0.3901732265949249,0.3901732265949249,0.3901732265949249
47958,0.38895905017852783,0.38895905017852783,0.38895905017852783
47959,0.38948696851730347,0.38948696851730347,0.38948696851730347
47961,0.38945651054382324,0.38945651054382324,0.38945651054382324
47962,0.3892252445220947,0.3892252445220947,0.3892252445220947
47964,0.3892659544944763,0.3892659544944763,0.3892659544944763
47969,0.3896887004375458,0.3896887004375458,0.3896887004375458
47972,0.389346718788147,0.389346718788147,0.389346718788147
47988,0.3910089135169983,0.3910089135169983,0.3910089135169983
47990,0.3910561800003052,0.3910561800003052,0.3910561800003052
47996,0.3914209306240082,0.3914209306240082,0.3914209306240082
47998,0.39071500301361084,0.39071500301361084,0.39071500301361084
47999,0.3902835249900818,0.3902835249900818,0.3902835249900818
48005,0.3906068503856659,0.3906068503856659,0.3906068503856659
48021,0.3871053159236908,0.3871053159236908,0.3871053159236908
48026,0.38740074634552,0.38740074634552,0.38740074634552
48030,0.38723477721214294,0.38723477721214294,0.38723477721214294
48032,0.3870059549808502,0.3870059549808502,0.3870059549808502
48037,0.38659602403640747,0.38659602403640747,0.38659602403640747
48040,0.3870139420032501,0.3870139420032501,0.3870139420032501
48052,0.3882855474948883,0.3882855474948883,0.3882855474948883
48057,0.3871574401855469,0.3871574401855469,0.3871574401855469
48065,0.38642460107803345,0.38642460107803345,0.38642460107803345
48069,0.3871501088142395,0.3871501088142395,0.3871501088142395
48075,0.38736629486083984,0.38736629486083984,0.38736629486083984
48076,0.38695380091667175,0.38695380091667175,0.38695380091667175
48082,0.38635557889938354,0.38635557889938354,0.38635557889938354
48085,0.38672125339508057,0.38672125339508057,0.38672125339508057
48096,0.3846910297870636,0.3846910297870636,0.3846910297870636
48100,0.38477766513824463,0.38477766513824463,0.38477766513824463
48102,0.38443633913993835,0.38443633913993835,0.38443633913993835
48103,0.3842950463294983,0.3842950463294983,0.3842950463294983
48104,0.38385945558547974,0.38385945558547974,0.38385945558547974
48107,0.38302046060562134,0.38302046060562134,0.38302046060562134
48110,0.3826185464859009,0.3826185464859009,0.3826185464859009
48115,0.3821914792060852,0.3821914792060852,0.3821914792060852
48133,0.379372775554657,0.379372775554657,0.379372775554657
48140,0.37744763493537903,0.37744763493537903,0.37744763493537903
48144,0.3769671618938446,0.3769671618938446,0.3769671618938446
48153,0.37653887271881104,0.37653887271881104,0.37653887271881104
48157,0.3758598268032074,0.3758598268032074,0.3758598268032074
48159,0.37497711181640625,0.37497711181640625,0.37497711181640625
48182,0.3719797432422638,0.3719797432422638,0.3719797432422638
48194,0.3712655007839203,0.3712655007839203,0.3712655007839203
48196,0.37110278010368347,0.37110278010368347,0.37110278010368347
48205,0.3697509467601776,0.3697509467601776,0.3697509467601776
48212,0.3689383566379547,0.3689383566379547,0.3689383566379547
48217,0.36724355816841125,0.36724355816841125,0.36724355816841125
48219,0.3669220209121704,0.3669220209121704,0.3669220209121704
48222,0.3662338852882385,0.3662338852882385,0.3662338852882385
48223,0.36623531579971313,0.36623531579971313,0.36623531579971313
48231,0.3662407696247101,0.3662407696247101,0.3662407696247101
48235,0.3661711513996124,0.3661711513996124,0.3661711513996124
48236,0.36632639169692993,0.36632639169692993,0.36632639169692993
48238,0.36633238196372986,0.36633238196372986,0.36633238196372986
48240,0.36600810289382935,0.36600810289382935,0.36600810289382935
48247,0.3655656576156616,0.3655656576156616,0.3655656576156616
48257,0.3690199553966522,0.3690199553966522,0.3690199553966522
48260,0.36918866634368896,0.36918866634368896,0.36918866634368896
48264,0.3697678744792938,0.3697678744792938,0.3697678744792938
48276,0.37354084849357605,0.37354084849357605,0.37354084849357605
48283,0.373717337846756,0.373717337846756,0.373717337846756
48287,0.375230610370636,0.375230610370636,0.375230610370636
48288,0.3756587505340576,0.3756587505340576,0.3756587505340576
48289,0.3756074011325836,0.3756074011325836,0.3756074011325836
48298,0.3772315979003906,0.3772315979003906,0.3772315979003906
48304,0.3792960047721863,0.3792960047721863,0.3792960047721863
48305,0.3789084851741791,0.3789084851741791,0.3789084851741791
48308,0.37900638580322266,0.37900638580322266,0.37900638580322266
48312,0.38005179166793823,0.38005179166793823,0.38005179166793823
48318,0.3781416416168213,0.3781416416168213,0.3781416416168213
48330,0.379447340965271,0.379447340965271,0.379447340965271
48334,0.378633052110672,0.378633052110672,0.378633052110672
48335,0.378298282623291,0.378298282623291,0.378298282623291
48348,0.3779674470424652,0.3779674470424652,0.3779674470424652
48356,0.3773405849933624,0.3773405849933624,0.3773405849933624
48362,0.3767818510532379,0.3767818510532379,0.3767818510532379
48363,0.3764585256576538,0.3764585256576538,0.3764585256576538
48366,0.3763023316860199,0.3763023316860199,0.3763023316860199
48369,0.3760145306587219,0.3760145306587219,0.3760145306587219
48371,0.3755031228065491,0.3755031228065491,0.3755031228065491
48373,0.37457704544067383,0.37457704544067383,0.37457704544067383
48386,0.373691588640213,0.373691588640213,0.373691588640213
48401,0.3746623694896698,0.3746623694896698,0.3746623694896698
48410,0.3721310496330261,0.3721310496330261,0.3721310496330261
48424,0.3688134551048279,0.3688134551048279,0.3688134551048279
48425,0.36884012818336487,0.36884012818336487,0.36884012818336487
48426,0.3687646985054016,0.3687646985054016,0.3687646985054016
48427,0.3685588836669922,0.3685588836669922,0.3685588836669922
48431,0.3678255081176758,0.3678255081176758,0.3678255081176758
48433,0.3676210045814514,0.3676210045814514,0.3676210045814514
48434,0.3673693835735321,0.3673693835735321,0.3673693835735321
48436,0.3673803508281708,0.3673803508281708,0.3673803508281708
48439,0.3672126829624176,0.3672126829624176,0.3672126829624176
48446,0.3663323223590851,0.3663323223590851,0.3663323223590851
48452,0.3643171489238739,0.3643171489238739,0.3643171489238739
48453,0.36425116658210754,0.36425116658210754,0.36425116658210754
48455,0.36434122920036316,0.36434122920036316,0.36434122920036316
48466,0.36750370264053345,0.36750370264053345,0.36750370264053345
48467,0.36751049757003784,0.36751049757003784,0.36751049757003784
48469,0.36701592803001404,0.36701592803001404,0.36701592803001404
48470,0.3669373691082001,0.3669373691082001,0.3669373691082001
48472,0.3672724962234497,0.3672724962234497,0.3672724962234497
48482,0.36582639813423157,0.36582639813423157,0.36582639813423157
48486,0.365837961435318,0.365837961435318,0.365837961435318
48491,0.36577704548835754,0.36577704548835754,0.36577704548835754
48494,0.3663019835948944,0.3663019835948944,0.3663019835948944
48497,0.36647433042526245,0.36647433042526245,0.36647433042526245
48500,0.3665911555290222,0.3665911555290222,0.3665911555290222
48503,0.36725401878356934,0.36725401878356934,0.36725401878356934
48509,0.3678576946258545,0.3678576946258545,0.3678576946258545
48514,0.36944878101348877,0.36944878101348877,0.36944878101348877
48529,0.3719218373298645,0.3719218373298645,0.3719218373298645
48530,0.37194573879241943,0.37194573879241943,0.37194573879241943
48535,0.37152865529060364,0.37152865529060364,0.37152865529060364
48537,0.3723367154598236,0.3723367154598236,0.3723367154598236
48546,0.37416136264801025,0.37416136264801025,0.37416136264801025
48553,0.37555578351020813,0.37555578351020813,0.37555578351020813
48554,0.3758293092250824,0.3758293092250824,0.3758293092250824
48567,0.37873876094818115,0.37873876094818115,0.37873876094818115
48572,0.3799569308757782,0.3799569308757782,0.3799569308757782
48581,0.3801051676273346,0.3801051676273346,0.3801051676273346
48584,0.3805871307849884,0.3805871307849884,0.3805871307849884
48585,0.3808968961238861,0.3808968961238861,0.3808968961238861
48592,0.38036736845970154,0.38036736845970154,0.38036736845970154
48620,0.38230201601982117,0.38230201601982117,0.38230201601982117
48627,0.38260963559150696,0.38260963559150696,0.38260963559150696
48633,0.38375797867774963,0.38375797867774963,0.38375797867774963
48640,0.3859591782093048,0.3859591782093048,0.3859591782093048
48668,0.3862321376800537,0.3862321376800537,0.3862321376800537
48689,0.3874416947364807,0.3874416947364807,0.3874416947364807
48703,0.3872767686843872,0.3872767686843872,0.3872767686843872
48715,0.38765621185302734,0.38765621185302734,0.38765621185302734
48720,0.3879053294658661,0.3879053294658661,0.3879053294658661
48731,0.3860400319099426,0.3860400319099426,0.3860400319099426
48749,0.38913846015930176,0.38913846015930176,0.38913846015930176
48751,0.38893991708755493,0.38893991708755493,0.38893991708755493
48752,0.388780415058136,0.388780415058136,0.388780415058136
48758,0.38854557275772095,0.38854557275772095,0.38854557275772095
48769,0.3867444097995758,0.3867444097995758,0.3867444097995758
48772,0.386271208524704,0.386271208524704,0.386271208524704
48778,0.3855283856391907,0.3855283856391907,0.3855283856391907
48787,0.38482844829559326,0.38482844829559326,0.38482844829559326
48794,0.3857356607913971,0.3857356607913971,0.3857356607913971
48800,0.3843245804309845,0.3843245804309845,0.3843245804309845
48801,0.3842010200023651,0.3842010200023651,0.3842010200023651
48806,0.3848457336425781,0.3848457336425781,0.3848457336425781
48808,0.38481199741363525,0.38481199741363525,0.38481199741363525
48815,0.38636133074760437,0.38636133074760437,0.38636133074760437
48816,0.38629311323165894,0.38629311323165894,0.38629311323165894
48822,0.3859206736087799,0.3859206736087799,0.3859206736087799
48837,0.38578760623931885,0.38578760623931885,0.38578760623931885
48840,0.38623714447021484,0.38623714447021484,0.38623714447021484
48842,0.38649168610572815,0.38649168610572815,0.38649168610572815
48845,0.3865220248699188,0.3865220248699188,0.3865220248699188
48846,0.386817067861557,0.386817067861557,0.386817067861557
48848,0.3876402974128723,0.3876402974128723,0.3876402974128723
48850,0.3884848356246948,0.3884848356246948,0.3884848356246948
48854,0.38804519176483154,0.38804519176483154,0.38804519176483154
48856,0.38747841119766235,0.38747841119766235,0.38747841119766235
48857,0.38709867000579834,0.38709867000579834,0.38709867000579834
48860,0.3865007758140564,0.3865007758140564,0.3865007758140564
48863,0.3859519362449646,0.3859519362449646,0.3859519362449646
48871,0.38471388816833496,0.38471388816833496,0.38471388816833496
48873,0.38406792283058167,0.38406792283058167,0.38406792283058167
48877,0.38379159569740295,0.38379159569740295,0.38379159569740295
48884,0.38273513317108154,0.38273513317108154,0.38273513317108154
48888,0.3826681971549988,0.3826681971549988,0.3826681971549988
48891,0.38290008902549744,0.38290008902549744,0.38290008902549744
48892,0.3828883171081543,0.3828883171081543,0.3828883171081543
48911,0.38616329431533813,0.38616329431533813,0.38616329431533813
48913,0.3872283101081848,0.3872283101081848,0.3872283101081848
48915,0.3880683481693268,0.3880683481693268,0.3880683481693268
48916,0.38789740204811096,0.38789740204811096,0.38789740204811096
48923,0.38723617792129517,0.38723617792129517,0.38723617792129517
48935,0.387290894985199,0.387290894985199,0.387290894985199
48950,0.3890131711959839,0.3890131711959839,0.3890131711959839
48952,0.3891527056694031,0.3891527056694031,0.3891527056694031
48955,0.38932326436042786,0.38932326436042786,0.38932326436042786
48956,0.3891999423503876,0.3891999423503876,0.3891999423503876
48964,0.38899412751197815,0.38899412751197815,0.38899412751197815
48972,0.3865666687488556,0.3865666687488556,0.3865666687488556
48980,0.3853195309638977,0.3853195309638977,0.3853195309638977
48986,0.38422003388404846,0.38422003388404846,0.38422003388404846
48992,0.38457825779914856,0.38457825779914856,0.38457825779914856
48998,0.38596898317337036,0.38596898317337036,0.38596898317337036
48999,0.38608071208000183,0.38608071208000183,0.38608071208000183
49004,0.3870549499988556,0.3870549499988556,0.3870549499988556
49007,0.3873872756958008,0.3873872756958008,0.3873872756958008
49017,0.38807213306427,0.38807213306427,0.38807213306427
49022,0.3883708715438843,0.3883708715438843,0.3883708715438843
49024,0.3883996605873108,0.3883996605873108,0.3883996605873108
49034,0.3885679841041565,0.3885679841041565,0.3885679841041565
49036,0.3893846869468689,0.3893846869468689,0.3893846869468689
49057,0.38824284076690674,0.38824284076690674,0.38824284076690674
49062,0.38910824060440063,0.38910824060440063,0.38910824060440063
49064,0.3887096643447876,0.3887096643447876,0.3887096643447876
49079,0.38735902309417725,0.38735902309417725,0.38735902309417725
49089,0.3863380253314972,0.3863380253314972,0.3863380253314972
49091,0.3858093321323395,0.3858093321323395,0.3858093321323395
49105,0.38388535380363464,0.38388535380363464,0.38388535380363464
49109,0.3832772374153137,0.3832772374153137,0.3832772374153137
49115,0.38291820883750916,0.38291820883750916,0.38291820883750916
49128,0.3844060003757477,0.3844060003757477,0.3844060003757477
49133,0.3837106227874756,0.3837106227874756,0.3837106227874756
49135,0.3838602304458618,0.3838602304458618,0.3838602304458618
49143,0.38351598381996155,0.38351598381996155,0.38351598381996155
49144,0.38334184885025024,0.38334184885025024,0.38334184885025024
49146,0.3827817738056183,0.3827817738056183,0.3827817738056183
49148,0.38222530484199524,0.38222530484199524,0.38222530484199524
49156,0.38157644867897034,0.38157644867897034,0.38157644867897034
49160,0.38105881214141846,0.38105881214141846,0.38105881214141846
49164,0.3806326985359192,0.3806326985359192,0.3806326985359192
49167,0.38045597076416016,0.38045597076416016,0.38045597076416016
49168,0.3804185092449188,0.3804185092449188,0.3804185092449188
49171,0.38021764159202576,0.38021764159202576,0.38021764159202576
49172,0.3803305923938751,0.3803305923938751,0.3803305923938751
49179,0.37887006998062134,0.37887006998062134,0.37887006998062134
49180,0.3790440857410431,0.3790440857410431,0.3790440857410431
49181,0.37893226742744446,0.37893226742744446,0.37893226742744446
49183,0.37850481271743774,0.37850481271743774,0.37850481271743774
49185,0.378030389547348,0.378030389547348,0.378030389547348
49186,0.3779618442058563,0.3779618442058563,0.3779618442058563
49187,0.3779061734676361,0.3779061734676361,0.3779061734676361
49213,0.3849199712276459,0.3849199712276459,0.3849199712276459
49214,0.38521862030029297,0.38521862030029297,0.38521862030029297
49224,0.38871315121650696,0.38871315121650696,0.38871315121650696
49228,0.3896222710609436,0.3896222710609436,0.3896222710609436
49236,0.38911983370780945,0.38911983370780945,0.38911983370780945
49246,0.39012402296066284,0.39012402296066284,0.39012402296066284
49251,0.3904576003551483,0.3904576003551483,0.3904576003551483
49259,0.392067015171051,0.392067015171051,0.392067015171051
49268,0.3951229751110077,0.3951229751110077,0.3951229751110077
49271,0.3952111005783081,0.3952111005783081,0.3952111005783081
49272,0.3948937654495239,0.3948937654495239,0.3948937654495239
49279,0.39428019523620605,0.39428019523620605,0.39428019523620605
49282,0.3943400979042053,0.3943400979042053,0.3943400979042053
49283,0.39423632621765137,0.39423632621765137,0.39423632621765137
49286,0.3924596309661865,0.3924596309661865,0.3924596309661865
49290,0.3918590545654297,0.3918590545654297,0.3918590545654297
49301,0.39196816086769104,0.39196816086769104,0.39196816086769104
49305,0.39208605885505676,0.39208605885505676,0.39208605885505676
49306,0.39235687255859375,0.39235687255859375,0.39235687255859375
49310,0.3934621810913086,0.3934621810913086,0.3934621810913086
49315,0.3924810588359833,0.3924810588359833,0.3924810588359833
49325,0.3922151029109955,0.3922151029109955,0.3922151029109955
49338,0.392782986164093,0.392782986164093,0.392782986164093
49344,0.39322903752326965,0.39322903752326965,0.39322903752326965
49350,0.39255818724632263,0.39255818724632263,0.39255818724632263
49359,0.39053553342819214,0.39053553342819214,0.39053553342819214
49362,0.39081305265426636,0.39081305265426636,0.39081305265426636
49371,0.39017927646636963,0.39017927646636963,0.39017927646636963
49396,0.38927820324897766,0.38927820324897766,0.38927820324897766
49400,0.38822996616363525,0.38822996616363525,0.38822996616363525
49401,0.38827240467071533,0.38827240467071533,0.38827240467071533
49402,0.3883015215396881,0.3883015215396881,0.3883015215396881
49407,0.3887138366699219,0.3887138366699219,0.3887138366699219
49416,0.3873456120491028,0.3873456120491028,0.3873456120491028
49419,0.38666948676109314,0.38666948676109314,0.38666948676109314
49438,0.3833206593990326,0.3833206593990326,0.3833206593990326
49453,0.3813878297805786,0.3813878297805786,0.3813878297805786
49456,0.3822166919708252,0.3822166919708252,0.3822166919708252
49479,0.3789407014846802,0.3789407014846802,0.3789407014846802
49481,0.3785693943500519,0.3785693943500519,0.3785693943500519
49482,0.378512978553772,0.378512978553772,0.378512978553772
49487,0.37748146057128906,0.37748146057128906,0.37748146057128906
49491,0.37700897455215454,0.37700897455215454,0.37700897455215454
49496,0.3775634467601776,0.3775634467601776,0.3775634467601776
49498,0.3773983418941498,0.3773983418941498,0.3773983418941498
49500,0.3778938353061676,0.3778938353061676,0.3778938353061676
49503,0.3791492283344269,0.3791492283344269,0.3791492283344269
49520,0.3823336958885193,0.3823336958885193,0.3823336958885193
49528,0.38467782735824585,0.38467782735824585,0.38467782735824585
49532,0.38556337356567383,0.38556337356567383,0.38556337356567383
49534,0.3857367932796478,0.3857367932796478,0.3857367932796478
49536,0.3857257068157196,0.3857257068157196,0.3857257068157196
49537,0.3861580789089203,0.3861580789089203,0.3861580789089203
49550,0.3868067264556885,0.3868067264556885,0.3868067264556885
49556,0.38618916273117065,0.38618916273117065,0.38618916273117065
49558,0.38592374324798584,0.38592374324798584,0.38592374324798584
49563,0.3851248323917389,0.3851248323917389,0.3851248323917389
49568,0.38559669256210327,0.38559669256210327,0.38559669256210327
49570,0.38559651374816895,0.38559651374816895,0.38559651374816895
49573,0.38477301597595215,0.38477301597595215,0.38477301597595215
49576,0.3843751549720764,0.3843751549720764,0.3843751549720764
49577,0.38435298204421997,0.38435298204421997,0.38435298204421997
49583,0.3866724371910095,0.3866724371910095,0.3866724371910095
49592,0.38634055852890015,0.38634055852890015,0.38634055852890015
49596,0.3863457441329956,0.3863457441329956,0.3863457441329956
49597,0.3861740827560425,0.3861740827560425,0.3861740827560425
49604,0.38445696234703064,0.38445696234703064,0.38445696234703064
49612,0.382363885641098,0.382363885641098,0.382363885641098
49616,0.3827266991138458,0.3827266991138458,0.3827266991138458
49621,0.3822069764137268,0.3822069764137268,0.3822069764137268
49634,0.38311508297920227,0.38311508297920227,0.38311508297920227
49644,0.3818959891796112,0.3818959891796112,0.3818959891796112
49645,0.3818071186542511,0.3818071186542511,0.3818071186542511
49655,0.38034534454345703,0.38034534454345703,0.38034534454345703
49656,0.3803365230560303,0.3803365230560303,0.3803365230560303
49668,0.37973886728286743,0.37973886728286743,0.37973886728286743
49672,0.3800203204154968,0.3800203204154968,0.3800203204154968
49676,0.3800796866416931,0.3800796866416931,0.3800796866416931
49684,0.379645973443985,0.379645973443985,0.379645973443985
49691,0.3799571394920349,0.3799571394920349,0.3799571394920349
49695,0.37959474325180054,0.37959474325180054,0.37959474325180054
49701,0.37831977009773254,0.37831977009773254,0.37831977009773254
49702,0.37850624322891235,0.37850624322891235,0.37850624322891235
49722,0.37857991456985474,0.37857991456985474,0.37857991456985474
49725,0.3772505819797516,0.3772505819797516,0.3772505819797516
49726,0.3767348527908325,0.3767348527908325,0.3767348527908325
49727,0.3767892122268677,0.3767892122268677,0.3767892122268677
49729,0.3763221502304077,0.3763221502304077,0.3763221502304077
49733,0.37613746523857117,0.37613746523857117,0.37613746523857117
49741,0.37619858980178833,0.37619858980178833,0.37619858980178833
49748,0.3748079538345337,0.3748079538345337,0.3748079538345337
49760,0.37582457065582275,0.37582457065582275,0.37582457065582275
49765,0.3759553134441376,0.3759553134441376,0.3759553134441376
49767,0.375940203666687,0.375940203666687,0.375940203666687
49777,0.37662026286125183,0.37662026286125183,0.37662026286125183
49780,0.37687477469444275,0.37687477469444275,0.37687477469444275
49784,0.3769528865814209,0.3769528865814209,0.3769528865814209
49785,0.37692901492118835,0.37692901492118835,0.37692901492118835
49792,0.3766210079193115,0.3766210079193115,0.3766210079193115
49810,0.3780878484249115,0.3780878484249115,0.3780878484249115
49814,0.3783479928970337,0.3783479928970337,0.3783479928970337
49823,0.3775711953639984,0.3775711953639984,0.3775711953639984
49824,0.37766969203948975,0.37766969203948975,0.37766969203948975
49828,0.37800028920173645,0.37800028920173645,0.37800028920173645
49833,0.3771575093269348,0.3771575093269348,0.3771575093269348
49834,0.3771232068538666,0.3771232068538666,0.3771232068538666
49843,0.37710192799568176,0.37710192799568176,0.37710192799568176
49847,0.3781306743621826,0.3781306743621826,0.3781306743621826
49850,0.379165381193161,0.379165381193161,0.379165381193161
49861,0.3780122399330139,0.3780122399330139,0.3780122399330139
49867,0.377239465713501,0.377239465713501,0.377239465713501
49868,0.37726372480392456,0.37726372480392456,0.37726372480392456
49881,0.3763880729675293,0.3763880729675293,0.3763880729675293
49882,0.3764651119709015,0.3764651119709015,0.3764651119709015
49892,0.3747347295284271,0.3747347295284271,0.3747347295284271
49894,0.375222772359848,0.375222772359848,0.375222772359848
49895,0.37544766068458557,0.37544766068458557,0.37544766068458557
49902,0.3750869035720825,0.3750869035720825,0.3750869035720825
49909,0.3753765821456909,0.3753765821456909,0.3753765821456909
49915,0.3768840432167053,0.3768840432167053,0.3768840432167053
49923,0.37908273935317993,0.37908273935317993,0.37908273935317993
49940,0.3789955675601959,0.3789955675601959,0.3789955675601959
49943,0.37996986508369446,0.37996986508369446,0.37996986508369446
49951,0.3809637725353241,0.3809637725353241,0.3809637725353241
49954,0.3814534544944763,0.3814534544944763,0.3814534544944763
49955,0.38178372383117676,0.38178372383117676,0.38178372383117676
49960,0.38198232650756836,0.38198232650756836,0.38198232650756836
49962,0.3820043206214905,0.3820043206214905,0.3820043206214905
49969,0.381160706281662,0.381160706281662,0.381160706281662
49971,0.38119417428970337,0.38119417428970337,0.38119417428970337
49980,0.38167086243629456,0.38167086243629456,0.38167086243629456
49982,0.3815343976020813,0.3815343976020813,0.3815343976020813
49984,0.3818008005619049,0.3818008005619049,0.3818008005619049
49987,0.38238346576690674,0.38238346576690674,0.38238346576690674
49991,0.38363349437713623,0.38363349437713623,0.38363349437713623
49992,0.3833679258823395,0.3833679258823395,0.3833679258823395
49993,0.3832193613052368,0.3832193613052368,0.3832193613052368
50004,0.38253507018089294,0.38253507018089294,0.38253507018089294
50014,0.38390788435935974,0.38390788435935974,0.38390788435935974
50021,0.3844139277935028,0.3844139277935028,0.3844139277935028
50045,0.38508105278015137,0.38508105278015137,0.38508105278015137
50053,0.3838360607624054,0.3838360607624054,0.3838360607624054
50061,0.3847787380218506,0.3847787380218506,0.3847787380218506
50064,0.38509657979011536,0.38509657979011536,0.38509657979011536
50071,0.3859918415546417,0.3859918415546417,0.3859918415546417
50073,0.3859260678291321,0.3859260678291321,0.3859260678291321
50075,0.3861321806907654,0.3861321806907654,0.3861321806907654
50081,0.3857297897338867,0.3857297897338867,0.3857297897338867
50083,0.3855895698070526,0.3855895698070526,0.3855895698070526
50085,0.38559046387672424,0.38559046387672424,0.38559046387672424
50087,0.3855668306350708,0.3855668306350708,0.3855668306350708
50091,0.3856380581855774,0.3856380581855774,0.3856380581855774
50099,0.38441842794418335,0.38441842794418335,0.38441842794418335
50112,0.38625380396842957,0.38625380396842957,0.38625380396842957
50118,0.3868762254714966,0.3868762254714966,0.3868762254714966
50121,0.3868725299835205,0.3868725299835205,0.3868725299835205
50128,0.3896932303905487,0.3896932303905487,0.3896932303905487
50139,0.3886084258556366,0.3886084258556366,0.3886084258556366
50143,0.3882140815258026,0.3882140815258026,0.3882140815258026
50151,0.38720279932022095,0.38720279932022095,0.38720279932022095
50161,0.38810351490974426,0.38810351490974426,0.38810351490974426
50170,0.38892754912376404,0.38892754912376404,0.38892754912376404
50178,0.3890525698661804,0.3890525698661804,0.3890525698661804
50179,0.3886968493461609,0.3886968493461609,0.3886968493461609
50188,0.38794541358947754,0.38794541358947754,0.38794541358947754
50201,0.38670337200164795,0.38670337200164795,0.38670337200164795
50205,0.3871183395385742,0.3871183395385742,0.3871183395385742
50209,0.38720160722732544,0.38720160722732544,0.38720160722732544
50213,0.3863413333892822,0.3863413333892822,0.3863413333892822
50220,0.38651007413864136,0.38651007413864136,0.38651007413864136
50226,0.38647061586380005,0.38647061586380005,0.38647061586380005
50244,0.3842170536518097,0.3842170536518097,0.3842170536518097
50246,0.383980393409729,0.383980393409729,0.383980393409729
50257,0.3825119435787201,0.3825119435787201,0.3825119435787201
50265,0.38246428966522217,0.38246428966522217,0.38246428966522217
50275,0.38296669721603394,0.38296669721603394,0.38296669721603394
50282,0.3820977210998535,0.3820977210998535,0.3820977210998535
50287,0.38157016038894653,0.38157016038894653,0.38157016038894653
50296,0.383867472410202,0.383867472410202,0.383867472410202
50298,0.38357532024383545,0.38357532024383545,0.38357532024383545
50306,0.3853658139705658,0.3853658139705658,0.3853658139705658
50326,0.3865416646003723,0.3865416646003723,0.3865416646003723
50337,0.3861396908760071,0.3861396908760071,0.3861396908760071
50341,0.38574114441871643,0.38574114441871643,0.38574114441871643
50343,0.38598620891571045,0.38598620891571045,0.38598620891571045
50351,0.38658270239830017,0.38658270239830017,0.38658270239830017
50354,0.3862627148628235,0.3862627148628235,0.3862627148628235
50356,0.38662880659103394,0.38662880659103394,0.38662880659103394
50358,0.38729164004325867,0.38729164004325867,0.38729164004325867
50365,0.387381911277771,0.387381911277771,0.387381911277771
50374,0.3873681426048279,0.3873681426048279,0.3873681426048279
50375,0.3876388669013977,0.3876388669013977,0.3876388669013977
50386,0.3860940933227539,0.3860940933227539,0.3860940933227539
50388,0.3852866291999817,0.3852866291999817,0.3852866291999817
50395,0.385551780462265,0.385551780462265,0.385551780462265
50400,0.38531967997550964,0.38531967997550964,0.38531967997550964
50410,0.3846069872379303,0.3846069872379303,0.3846069872379303
50423,0.3834581673145294,0.3834581673145294,0.3834581673145294
50427,0.3823215067386627,0.3823215067386627,0.3823215067386627
50431,0.3819507658481598,0.3819507658481598,0.3819507658481598
50435,0.38055968284606934,0.38055968284606934,0.38055968284606934
50440,0.3804905116558075,0.3804905116558075,0.3804905116558075
50443,0.3802099823951721,0.3802099823951721,0.3802099823951721
50446,0.3794560432434082,0.3794560432434082,0.3794560432434082
50458,0.3790631592273712,0.3790631592273712,0.3790631592273712
50459,0.37906986474990845,0.37906986474990845,0.37906986474990845
50466,0.38195303082466125,0.38195303082466125,0.38195303082466125
50481,0.381294846534729,0.381294846534729,0.381294846534729
50492,0.3839426636695862,0.3839426636695862,0.3839426636695862
50510,0.38648664951324463,0.38648664951324463,0.38648664951324463
50511,0.3866288363933563,0.3866288363933563,0.3866288363933563
50531,0.38492411375045776,0.38492411375045776,0.38492411375045776
50539,0.3838863968849182,0.3838863968849182,0.3838863968849182
50553,0.3837927579879761,0.3837927579879761,0.3837927579879761
50570,0.3838250935077667,0.3838250935077667,0.3838250935077667
50574,0.3842449188232422,0.3842449188232422,0.3842449188232422
50575,0.3840317726135254,0.3840317726135254,0.3840317726135254
50578,0.3844848573207855,0.3844848573207855,0.3844848573207855
50581,0.38456687331199646,0.38456687331199646,0.38456687331199646
50583,0.3848358690738678,0.3848358690738678,0.3848358690738678
50586,0.38533392548561096,0.38533392548561096,0.38533392548561096
50587,0.38570326566696167,0.38570326566696167,0.38570326566696167
50602,0.3867381811141968,0.3867381811141968,0.3867381811141968
50612,0.3866117000579834,0.3866117000579834,0.3866117000579834
50614,0.3863556981086731,0.3863556981086731,0.3863556981086731
50615,0.3862876892089844,0.3862876892089844,0.3862876892089844
50621,0.38721707463264465,0.38721707463264465,0.38721707463264465
50622,0.387714684009552,0.387714684009552,0.387714684009552
50624,0.3874322772026062,0.3874322772026062,0.3874322772026062
50627,0.38673415780067444,0.38673415780067444,0.38673415780067444
50640,0.3868124783039093,0.3868124783039093,0.3868124783039093
50641,0.3865680396556854,0.3865680396556854,0.3865680396556854
50642,0.387173056602478,0.387173056602478,0.387173056602478
50643,0.38732466101646423,0.38732466101646423,0.38732466101646423
50658,0.38675564527511597,0.38675564527511597,0.38675564527511597
50664,0.3878399729728699,0.3878399729728699,0.3878399729728699
50665,0.3878994286060333,0.3878994286060333,0.3878994286060333
50669,0.38806286454200745,0.38806286454200745,0.38806286454200745
50672,0.3876478672027588,0.3876478672027588,0.3876478672027588
50673,0.38734227418899536,0.38734227418899536,0.38734227418899536
50675,0.3871181011199951,0.3871181011199951,0.3871181011199951
50677,0.3874192535877228,0.3874192535877228,0.3874192535877228
50680,0.38742899894714355,0.38742899894714355,0.38742899894714355
50681,0.387392520904541,0.387392520904541,0.387392520904541
50692,0.3857303261756897,0.3857303261756897,0.3857303261756897
50697,0.3845500648021698,0.3845500648021698,0.3845500648021698
50706,0.384516179561615,0.384516179561615,0.384516179561615
50709,0.383914053440094,0.383914053440094,0.383914053440094
50722,0.3851540982723236,0.3851540982723236,0.3851540982723236
50723,0.38542184233665466,0.38542184233665466,0.38542184233665466
50728,0.38561728596687317,0.38561728596687317,0.38561728596687317
50733,0.3860868513584137,0.3860868513584137,0.3860868513584137
50734,0.3856981694698334,0.3856981694698334,0.3856981694698334
50742,0.38478827476501465,0.38478827476501465,0.38478827476501465
50750,0.38500767946243286,0.38500767946243286,0.38500767946243286
50755,0.3850112855434418,0.3850112855434418,0.3850112855434418
50760,0.3855449855327606,0.3855449855327606,0.3855449855327606
50765,0.3848274052143097,0.3848274052143097,0.3848274052143097
50770,0.3846483826637268,0.3846483826637268,0.3846483826637268
50790,0.382146954536438,0.382146954536438,0.382146954536438
50806,0.37884435057640076,0.37884435057640076,0.37884435057640076
50807,0.37842732667922974,0.37842732667922974,0.37842732667922974
50809,0.3778449594974518,0.3778449594974518,0.3778449594974518
50813,0.3775057792663574,0.3775057792663574,0.3775057792663574
50819,0.3769952654838562,0.3769952654838562,0.3769952654838562
50822,0.3772704601287842,0.3772704601287842,0.3772704601287842
50827,0.3778284192085266,0.3778284192085266,0.3778284192085266
50838,0.37840351462364197,0.37840351462364197,0.37840351462364197
50842,0.37950801849365234,0.37950801849365234,0.37950801849365234
50843,0.3795682191848755,0.3795682191848755,0.3795682191848755
50869,0.37906453013420105,0.37906453013420105,0.37906453013420105
50874,0.3774036765098572,0.3774036765098572,0.3774036765098572
50875,0.3772051930427551,0.3772051930427551,0.3772051930427551
50881,0.37560272216796875,0.37560272216796875,0.37560272216796875
50886,0.37585535645484924,0.37585535645484924,0.37585535645484924
50889,0.37705549597740173,0.37705549597740173,0.37705549597740173
50892,0.3772088885307312,0.3772088885307312,0.3772088885307312
50894,0.3775644898414612,0.3775644898414612,0.3775644898414612
50900,0.37818679213523865,0.37818679213523865,0.37818679213523865
50914,0.3773970305919647,0.3773970305919647,0.3773970305919647
50916,0.37773677706718445,0.37773677706718445,0.37773677706718445
50917,0.3779750466346741,0.3779750466346741,0.3779750466346741
50919,0.3783988952636719,0.3783988952636719,0.3783988952636719
50930,0.3768237233161926,0.3768237233161926,0.3768237233161926
50938,0.37703901529312134,0.37703901529312134,0.37703901529312134
50940,0.3769550919532776,0.3769550919532776,0.3769550919532776
50943,0.37683501839637756,0.37683501839637756,0.37683501839637756
50946,0.37679529190063477,0.37679529190063477,0.37679529190063477
50951,0.37598028779029846,0.37598028779029846,0.37598028779029846
50961,0.37646761536598206,0.37646761536598206,0.37646761536598206
50962,0.3766177296638489,0.3766177296638489,0.3766177296638489
50979,0.37723833322525024,0.37723833322525024,0.37723833322525024
50980,0.37732118368148804,0.37732118368148804,0.37732118368148804
50987,0.37749820947647095,0.37749820947647095,0.37749820947647095
50989,0.3768586218357086,0.3768586218357086,0.3768586218357086
50990,0.37658628821372986,0.37658628821372986,0.37658628821372986
50991,0.3763697147369385,0.3763697147369385,0.3763697147369385
51001,0.3743734657764435,0.3743734657764435,0.3743734657764435
51006,0.3739442825317383,0.3739442825317383,0.3739442825317383
51010,0.3733231723308563,0.3733231723308563,0.3733231723308563
51024,0.37228184938430786,0.37228184938430786,0.37228184938430786
51026,0.37226220965385437,0.37226220965385437,0.37226220965385437
51028,0.3722909390926361,0.3722909390926361,0.3722909390926361
51031,0.3725759983062744,0.3725759983062744,0.3725759983062744
51042,0.3710393011569977,0.3710393011569977,0.3710393011569977
51049,0.3706742227077484,0.3706742227077484,0.3706742227077484
51060,0.370333194732666,0.370333194732666,0.370333194732666
51062,0.3696945905685425,0.3696945905685425,0.3696945905685425
51068,0.3689878284931183,0.3689878284931183,0.3689878284931183
51077,0.36916908621788025,0.36916908621788025,0.36916908621788025
51081,0.36938703060150146,0.36938703060150146,0.36938703060150146
51093,0.3690834045410156,0.3690834045410156,0.3690834045410156
51104,0.3692631423473358,0.3692631423473358,0.3692631423473358
51106,0.36968037486076355,0.36968037486076355,0.36968037486076355
51112,0.3711530864238739,0.3711530864238739,0.3711530864238739
51113,0.37058261036872864,0.37058261036872864,0.37058261036872864
51118,0.37110722064971924,0.37110722064971924,0.37110722064971924
51119,0.37106937170028687,0.37106937170028687,0.37106937170028687
51123,0.37273654341697693,0.37273654341697693,0.37273654341697693
51130,0.37484240531921387,0.37484240531921387,0.37484240531921387
51133,0.3744533658027649,0.3744533658027649,0.3744533658027649
51145,0.37340131402015686,0.37340131402015686,0.37340131402015686
51146,0.3734866976737976,0.3734866976737976,0.3734866976737976
51149,0.3732054829597473,0.3732054829597473,0.3732054829597473
51154,0.3753156363964081,0.3753156363964081,0.3753156363964081
51157,0.3755668103694916,0.3755668103694916,0.3755668103694916
51164,0.37656790018081665,0.37656790018081665,0.37656790018081665
51166,0.3766065239906311,0.3766065239906311,0.3766065239906311
51179,0.3774552345275879,0.3774552345275879,0.3774552345275879
51187,0.37725135684013367,0.37725135684013367,0.37725135684013367
51188,0.37679141759872437,0.37679141759872437,0.37679141759872437
51194,0.37591829895973206,0.37591829895973206,0.37591829895973206
51215,0.37724608182907104,0.37724608182907104,0.37724608182907104
51221,0.3773537874221802,0.3773537874221802,0.3773537874221802
51239,0.3776679039001465,0.3776679039001465,0.3776679039001465
51248,0.3757374882698059,0.3757374882698059,0.3757374882698059
51249,0.3757407069206238,0.3757407069206238,0.3757407069206238
51250,0.37536248564720154,0.37536248564720154,0.37536248564720154
51251,0.3750101625919342,0.3750101625919342,0.3750101625919342
51252,0.37456732988357544,0.37456732988357544,0.37456732988357544
51262,0.3713538646697998,0.3713538646697998,0.3713538646697998
51267,0.37122899293899536,0.37122899293899536,0.37122899293899536
51268,0.37080031633377075,0.37080031633377075,0.37080031633377075
51279,0.37062257528305054,0.37062257528305054,0.37062257528305054
51281,0.37113577127456665,0.37113577127456665,0.37113577127456665
51282,0.37116989493370056,0.37116989493370056,0.37116989493370056
51283,0.3710145950317383,0.3710145950317383,0.3710145950317383
51284,0.37088483572006226,0.37088483572006226,0.37088483572006226
51289,0.3714764416217804,0.3714764416217804,0.3714764416217804
51291,0.3713890314102173,0.3713890314102173,0.3713890314102173
51306,0.3743249177932739,0.3743249177932739,0.3743249177932739
51308,0.3744979202747345,0.3744979202747345,0.3744979202747345
51313,0.37447866797447205,0.37447866797447205,0.37447866797447205
51331,0.37304675579071045,0.37304675579071045,0.37304675579071045
51334,0.3726164400577545,0.3726164400577545,0.3726164400577545
51350,0.37678584456443787,0.37678584456443787,0.37678584456443787
51352,0.3769742548465729,0.3769742548465729,0.3769742548465729
51353,0.37693092226982117,0.37693092226982117,0.37693092226982117
51354,0.37700507044792175,0.37700507044792175,0.37700507044792175
51365,0.3768473267555237,0.3768473267555237,0.3768473267555237
51369,0.3784221410751343,0.3784221410751343,0.3784221410751343
51379,0.3796898424625397,0.3796898424625397,0.3796898424625397
51393,0.3794527053833008,0.3794527053833008,0.3794527053833008
51394,0.37940457463264465,0.37940457463264465,0.37940457463264465
51399,0.3783802092075348,0.3783802092075348,0.3783802092075348
51403,0.3769923746585846,0.3769923746585846,0.3769923746585846
51406,0.37663978338241577,0.37663978338241577,0.37663978338241577
51412,0.37578776478767395,0.37578776478767395,0.37578776478767395
51414,0.3756594955921173,0.3756594955921173,0.3756594955921173
51420,0.3753734827041626,0.3753734827041626,0.3753734827041626
51426,0.37508270144462585,0.37508270144462585,0.37508270144462585
51429,0.37454482913017273,0.37454482913017273,0.37454482913017273
51432,0.3740312159061432,0.3740312159061432,0.3740312159061432
51439,0.3729032278060913,0.3729032278060913,0.3729032278060913
51452,0.37314701080322266,0.37314701080322266,0.37314701080322266
51458,0.3726975917816162,0.3726975917816162,0.3726975917816162
51459,0.3725435733795166,0.3725435733795166,0.3725435733795166
51464,0.3710922598838806,0.3710922598838806,0.3710922598838806
51466,0.3708667457103729,0.3708667457103729,0.3708667457103729
51479,0.36995717883110046,0.36995717883110046,0.36995717883110046
51484,0.36958763003349304,0.36958763003349304,0.36958763003349304
51486,0.37012219429016113,0.37012219429016113,0.37012219429016113
51488,0.36945483088493347,0.36945483088493347,0.36945483088493347
51489,0.3691037893295288,0.3691037893295288,0.3691037893295288
51496,0.3694019019603729,0.3694019019603729,0.3694019019603729
51500,0.3694595992565155,0.3694595992565155,0.3694595992565155
51503,0.3696373999118805,0.3696373999118805,0.3696373999118805
51511,0.36956435441970825,0.36956435441970825,0.36956435441970825
51513,0.3697952628135681,0.3697952628135681,0.3697952628135681
51519,0.3694453537464142,0.3694453537464142,0.3694453537464142
51520,0.3694770336151123,0.3694770336151123,0.3694770336151123
51525,0.3702412545681,0.3702412545681,0.3702412545681
51531,0.3705991804599762,0.3705991804599762,0.3705991804599762
51542,0.3716817796230316,0.3716817796230316,0.3716817796230316
51544,0.3706466853618622,0.3706466853618622,0.3706466853618622
51549,0.37117817997932434,0.37117817997932434,0.37117817997932434
51555,0.3705975413322449,0.3705975413322449,0.3705975413322449
51574,0.3788311183452606,0.3788311183452606,0.3788311183452606
51585,0.3817328214645386,0.3817328214645386,0.3817328214645386
51597,0.3853706419467926,0.3853706419467926,0.3853706419467926
51606,0.3833799660205841,0.3833799660205841,0.3833799660205841
51607,0.38279205560684204,0.38279205560684204,0.38279205560684204
51610,0.3826245963573456,0.3826245963573456,0.3826245963573456
51614,0.3825405240058899,0.3825405240058899,0.3825405240058899
51620,0.3823705315589905,0.3823705315589905,0.3823705315589905
51622,0.38179582357406616,0.38179582357406616,0.38179582357406616
51627,0.38170325756073,0.38170325756073,0.38170325756073
51632,0.38138777017593384,0.38138777017593384,0.38138777017593384
51635,0.3812021315097809,0.3812021315097809,0.3812021315097809
51636,0.38085946440696716,0.38085946440696716,0.38085946440696716
51639,0.3818631172180176,0.3818631172180176,0.3818631172180176
51645,0.38215184211730957,0.38215184211730957,0.38215184211730957
51648,0.383064329624176,0.383064329624176,0.383064329624176
51649,0.38296547532081604,0.38296547532081604,0.38296547532081604
51657,0.3814238905906677,0.3814238905906677,0.3814238905906677
51661,0.38089776039123535,0.38089776039123535,0.38089776039123535
51667,0.38077056407928467,0.38077056407928467,0.38077056407928467
51678,0.3803602457046509,0.3803602457046509,0.3803602457046509
51682,0.37947630882263184,0.37947630882263184,0.37947630882263184
51684,0.3793283700942993,0.3793283700942993,0.3793283700942993
51688,0.37926724553108215,0.37926724553108215,0.37926724553108215
51691,0.3785768151283264,0.3785768151283264,0.3785768151283264
51693,0.3774998188018799,0.3774998188018799,0.3774998188018799
51696,0.37795424461364746,0.37795424461364746,0.37795424461364746
51703,0.37875163555145264,0.37875163555145264,0.37875163555145264
51710,0.37817686796188354,0.37817686796188354,0.37817686796188354
51716,0.3777492940425873,0.3777492940425873,0.3777492940425873
51717,0.3776959776878357,0.3776959776878357,0.3776959776878357
51720,0.3783264458179474,0.3783264458179474,0.3783264458179474
51721,0.37812215089797974,0.37812215089797974,0.37812215089797974
51727,0.37710636854171753,0.37710636854171753,0.37710636854171753
51751,0.37826645374298096,0.37826645374298096,0.37826645374298096
51752,0.37839367985725403,0.37839367985725403,0.37839367985725403
51754,0.3785313367843628,0.3785313367843628,0.3785313367843628
51755,0.3784244954586029,0.3784244954586029,0.3784244954586029
51758,0.37900468707084656,0.37900468707084656,0.37900468707084656
51760,0.3786659240722656,0.3786659240722656,0.3786659240722656
51763,0.37817874550819397,0.37817874550819397,0.37817874550819397
51788,0.37635043263435364,0.37635043263435364,0.37635043263435364
51792,0.37613287568092346,0.37613287568092346,0.37613287568092346
51801,0.37569543719291687,0.37569543719291687,0.37569543719291687
51807,0.3759954571723938,0.3759954571723938,0.3759954571723938
51809,0.37603047490119934,0.37603047490119934,0.37603047490119934
51810,0.3763470947742462,0.3763470947742462,0.3763470947742462
51821,0.37669795751571655,0.37669795751571655,0.37669795751571655
51831,0.3773857653141022,0.3773857653141022,0.3773857653141022
51841,0.37936994433403015,0.37936994433403015,0.37936994433403015
51847,0.37984105944633484,0.37984105944633484,0.37984105944633484
51852,0.3805215656757355,0.3805215656757355,0.3805215656757355
51853,0.3806817829608917,0.3806817829608917,0.3806817829608917
51859,0.3793070316314697,0.3793070316314697,0.3793070316314697
51861,0.37919655442237854,0.37919655442237854,0.37919655442237854
51866,0.37802571058273315,0.37802571058273315,0.37802571058273315
51879,0.3791665732860565,0.3791665732860565,0.3791665732860565
51883,0.3795456290245056,0.3795456290245056,0.3795456290245056
51885,0.3798147141933441,0.3798147141933441,0.3798147141933441
51893,0.38062432408332825,0.38062432408332825,0.38062432408332825
51894,0.3801880180835724,0.3801880180835724,0.3801880180835724
51897,0.3798341453075409,0.3798341453075409,0.3798341453075409
51916,0.3773650527000427,0.3773650527000427,0.3773650527000427
51917,0.37730711698532104,0.37730711698532104,0.37730711698532104
51925,0.3758263885974884,0.3758263885974884,0.3758263885974884
51928,0.37668758630752563,0.37668758630752563,0.37668758630752563
51935,0.3769179582595825,0.3769179582595825,0.3769179582595825
51950,0.37428992986679077,0.37428992986679077,0.37428992986679077
51975,0.3778340220451355,0.3778340220451355,0.3778340220451355
51978,0.37750670313835144,0.37750670313835144,0.37750670313835144
51979,0.3774760365486145,0.3774760365486145,0.3774760365486145
51984,0.37744593620300293,0.37744593620300293,0.37744593620300293
51988,0.37813785672187805,0.37813785672187805,0.37813785672187805
52005,0.37953436374664307,0.37953436374664307,0.37953436374664307
52008,0.38070327043533325,0.38070327043533325,0.38070327043533325
52012,0.38027018308639526,0.38027018308639526,0.38027018308639526
52016,0.37948599457740784,0.37948599457740784,0.37948599457740784
52021,0.3790256977081299,0.3790256977081299,0.3790256977081299
52024,0.3783586025238037,0.3783586025238037,0.3783586025238037
52027,0.3787820041179657,0.3787820041179657,0.3787820041179657
52028,0.3790917992591858,0.3790917992591858,0.3790917992591858
52034,0.37998247146606445,0.37998247146606445,0.37998247146606445
52040,0.37986835837364197,0.37986835837364197,0.37986835837364197
52044,0.38003480434417725,0.38003480434417725,0.38003480434417725
52053,0.3813614249229431,0.3813614249229431,0.3813614249229431
52071,0.3816126883029938,0.3816126883029938,0.3816126883029938
52076,0.3814406394958496,0.3814406394958496,0.3814406394958496
52089,0.38391345739364624,0.38391345739364624,0.38391345739364624
52108,0.38707923889160156,0.38707923889160156,0.38707923889160156
52128,0.38820695877075195,0.38820695877075195,0.38820695877075195
52130,0.38796356320381165,0.38796356320381165,0.38796356320381165
52131,0.3878977298736572,0.3878977298736572,0.3878977298736572
52132,0.38777419924736023,0.38777419924736023,0.38777419924736023
52134,0.38743123412132263,0.38743123412132263,0.38743123412132263
52143,0.3873385190963745,0.3873385190963745,0.3873385190963745
52159,0.38800913095474243,0.38800913095474243,0.38800913095474243
52180,0.386109322309494,0.386109322309494,0.386109322309494
52181,0.3859969973564148,0.3859969973564148,0.3859969973564148
52190,0.38625478744506836,0.38625478744506836,0.38625478744506836
52191,0.38604971766471863,0.38604971766471863,0.38604971766471863
52194,0.38693147897720337,0.38693147897720337,0.38693147897720337
52206,0.38578909635543823,0.38578909635543823,0.38578909635543823
52209,0.38577523827552795,0.38577523827552795,0.38577523827552795
52210,0.3856544494628906,0.3856544494628906,0.3856544494628906
52214,0.3855430483818054,0.3855430483818054,0.3855430483818054
52219,0.383639931678772,0.383639931678772,0.383639931678772
52230,0.38252538442611694,0.38252538442611694,0.38252538442611694
52231,0.3823654055595398,0.3823654055595398,0.3823654055595398
52232,0.38214924931526184,0.38214924931526184,0.38214924931526184
52242,0.38245731592178345,0.38245731592178345,0.38245731592178345
52252,0.38290297985076904,0.38290297985076904,0.38290297985076904
52254,0.38303160667419434,0.38303160667419434,0.38303160667419434
52261,0.3818856477737427,0.3818856477737427,0.3818856477737427
52262,0.381961852312088,0.381961852312088,0.381961852312088
52265,0.38225257396698,0.38225257396698,0.38225257396698
52271,0.38267865777015686,0.38267865777015686,0.38267865777015686
52275,0.38380903005599976,0.38380903005599976,0.38380903005599976
52282,0.3850041925907135,0.3850041925907135,0.3850041925907135
52284,0.38511618971824646,0.38511618971824646,0.38511618971824646
52286,0.3852328956127167,0.3852328956127167,0.3852328956127167
52296,0.3848242163658142,0.3848242163658142,0.3848242163658142
52297,0.3851112723350525,0.3851112723350525,0.3851112723350525
52304,0.38430139422416687,0.38430139422416687,0.38430139422416687
52308,0.3848799765110016,0.3848799765110016,0.3848799765110016
52311,0.385450154542923,0.385450154542923,0.385450154542923
52315,0.38515111804008484,0.38515111804008484,0.38515111804008484
52329,0.38317757844924927,0.38317757844924927,0.38317757844924927
52333,0.3827265799045563,0.3827265799045563,0.3827265799045563
52338,0.3819900155067444,0.3819900155067444,0.3819900155067444
52341,0.3816069960594177,0.3816069960594177,0.3816069960594177
52344,0.38094329833984375,0.38094329833984375,0.38094329833984375
52349,0.3801514506340027,0.3801514506340027,0.3801514506340027
52357,0.3794150650501251,0.3794150650501251,0.3794150650501251
52358,0.37924861907958984,0.37924861907958984,0.37924861907958984
52365,0.3780558407306671,0.3780558407306671,0.3780558407306671
52366,0.3780718445777893,0.3780718445777893,0.3780718445777893
52379,0.37624460458755493,0.37624460458755493,0.37624460458755493
52382,0.3761622905731201,0.3761622905731201,0.3761622905731201
52400,0.37437981367111206,0.37437981367111206,0.37437981367111206
52402,0.373761922121048,0.373761922121048,0.373761922121048
52409,0.37411171197891235,0.37411171197891235,0.37411171197891235
52423,0.3716895580291748,0.3716895580291748,0.3716895580291748
52429,0.37150493264198303,0.37150493264198303,0.37150493264198303
52438,0.3712998330593109,0.3712998330593109,0.3712998330593109
52441,0.3715614676475525,0.3715614676475525,0.3715614676475525
52448,0.37178924679756165,0.37178924679756165,0.37178924679756165
52455,0.37205469608306885,0.37205469608306885,0.37205469608306885
52457,0.372109055519104,0.372109055519104,0.372109055519104
52460,0.3721034824848175,0.3721034824848175,0.3721034824848175
52479,0.3733043670654297,0.3733043670654297,0.3733043670654297
52484,0.37432727217674255,0.37432727217674255,0.37432727217674255
52486,0.3738883137702942,0.3738883137702942,0.3738883137702942
52512,0.3740958571434021,0.3740958571434021,0.3740958571434021
52514,0.374166876077652,0.374166876077652,0.374166876077652
52518,0.374735951423645,0.374735951423645,0.374735951423645
52521,0.3740876019001007,0.3740876019001007,0.3740876019001007
52533,0.3760729730129242,0.3760729730129242,0.3760729730129242
52543,0.377592533826828,0.377592533826828,0.377592533826828
52567,0.382333904504776,0.382333904504776,0.382333904504776
52570,0.3830277919769287,0.3830277919769287,0.3830277919769287
52580,0.3858015537261963,0.3858015537261963,0.3858015537261963
52581,0.3863834738731384,0.3863834738731384,0.3863834738731384
52586,0.3874509632587433,0.3874509632587433,0.3874509632587433
52592,0.38841328024864197,0.38841328024864197,0.38841328024864197
52593,0.3885755240917206,0.3885755240917206,0.3885755240917206
52595,0.3892107605934143,0.3892107605934143,0.3892107605934143
52597,0.3897298574447632,0.3897298574447632,0.3897298574447632
52601,0.3899427354335785,0.3899427354335785,0.3899427354335785
52602,0.3901631832122803,0.3901631832122803,0.3901631832122803
52609,0.3921206593513489,0.3921206593513489,0.3921206593513489
52610,0.3927353322505951,0.3927353322505951,0.3927353322505951
52613,0.3939848244190216,0.3939848244190216,0.3939848244190216
52617,0.3963508903980255,0.3963508903980255,0.3963508903980255
52621,0.39791831374168396,0.39791831374168396,0.39791831374168396
52625,0.39926081895828247,0.39926081895828247,0.39926081895828247
52627,0.39988696575164795,0.39988696575164795,0.39988696575164795
52631,0.4033612906932831,0.4033612906932831,0.4033612906932831
52632,0.40408238768577576,0.40408238768577576,0.40408238768577576
52639,0.4085827171802521,0.4085827171802521,0.4085827171802521
52644,0.4118192791938782,0.4118192791938782,0.4118192791938782
52645,0.41201287508010864,0.41201287508010864,0.41201287508010864
52655,0.4154890477657318,0.4154890477657318,0.4154890477657318
52668,0.4150676131248474,0.4150676131248474,0.4150676131248474
52670,0.41517800092697144,0.41517800092697144,0.41517800092697144
52689,0.412503719329834,0.412503719329834,0.412503719329834
52706,0.41247808933258057,0.41247808933258057,0.41247808933258057
52711,0.41289347410202026,0.41289347410202026,0.41289347410202026
52720,0.4132938086986542,0.4132938086986542,0.4132938086986542
52727,0.4131545424461365,0.4131545424461365,0.4131545424461365
52738,0.4134224057197571,0.4134224057197571,0.4134224057197571
52742,0.4139072895050049,0.4139072895050049,0.4139072895050049
52743,0.4138920307159424,0.4138920307159424,0.4138920307159424
52748,0.41432908177375793,0.41432908177375793,0.41432908177375793
52749,0.4143626391887665,0.4143626391887665,0.4143626391887665
52753,0.41474515199661255,0.41474515199661255,0.41474515199661255
52759,0.4157395362854004,0.4157395362854004,0.4157395362854004
52770,0.4224923253059387,0.4224923253059387,0.4224923253059387
52778,0.42499932646751404,0.42499932646751404,0.42499932646751404
52789,0.4284886419773102,0.4284886419773102,0.4284886419773102
52791,0.42775753140449524,0.42775753140449524,0.42775753140449524
52792,0.42710021138191223,0.42710021138191223,0.42710021138191223
52799,0.42703068256378174,0.42703068256378174,0.42703068256378174
52803,0.4290958344936371,0.4290958344936371,0.4290958344936371
52806,0.4298904836177826,0.4298904836177826,0.4298904836177826
52809,0.4282752275466919,0.4282752275466919,0.4282752275466919
52819,0.4285566806793213,0.4285566806793213,0.4285566806793213
52822,0.4291234612464905,0.4291234612464905,0.4291234612464905
52827,0.4293179214000702,0.4293179214000702,0.4293179214000702
52830,0.42903345823287964,0.42903345823287964,0.42903345823287964
52853,0.4262668788433075,0.4262668788433075,0.4262668788433075
52859,0.4250415861606598,0.4250415861606598,0.4250415861606598
52867,0.4237601161003113,0.4237601161003113,0.4237601161003113
52870,0.4225710928440094,0.4225710928440094,0.4225710928440094
52890,0.41838741302490234,0.41838741302490234,0.41838741302490234
52901,0.4150277376174927,0.4150277376174927,0.4150277376174927
52903,0.41476768255233765,0.41476768255233765,0.41476768255233765
52909,0.4133570194244385,0.4133570194244385,0.4133570194244385
52911,0.4126056134700775,0.4126056134700775,0.4126056134700775
52914,0.4116508662700653,0.4116508662700653,0.4116508662700653
52918,0.41064372658729553,0.41064372658729553,0.41064372658729553
52921,0.40962547063827515,0.40962547063827515,0.40962547063827515
52924,0.4088631570339203,0.4088631570339203,0.4088631570339203
52925,0.4085061848163605,0.4085061848163605,0.4085061848163605
52927,0.40801694989204407,0.40801694989204407,0.40801694989204407
52928,0.40776947140693665,0.40776947140693665,0.40776947140693665
52935,0.4072869122028351,0.4072869122028351,0.4072869122028351
52938,0.40868455171585083,0.40868455171585083,0.40868455171585083
52941,0.4095114767551422,0.4095114767551422,0.4095114767551422
52944,0.4087216854095459,0.4087216854095459,0.4087216854095459
52947,0.40859442949295044,0.40859442949295044,0.40859442949295044
52950,0.4081989824771881,0.4081989824771881,0.4081989824771881
52952,0.4078309237957001,0.4078309237957001,0.4078309237957001
52955,0.40752896666526794,0.40752896666526794,0.40752896666526794
52956,0.4073672592639923,0.4073672592639923,0.4073672592639923
52959,0.4069514870643616,0.4069514870643616,0.4069514870643616
52960,0.4068714380264282,0.4068714380264282,0.4068714380264282
52961,0.4072253406047821,0.4072253406047821,0.4072253406047821
52962,0.4075143039226532,0.4075143039226532,0.4075143039226532
52966,0.4078116714954376,0.4078116714954376,0.4078116714954376
52967,0.40784627199172974,0.40784627199172974,0.40784627199172974
52969,0.40842825174331665,0.40842825174331665,0.40842825174331665
52981,0.41058218479156494,0.41058218479156494,0.41058218479156494
52986,0.4106217920780182,0.4106217920780182,0.4106217920780182
52989,0.41066861152648926,0.41066861152648926,0.41066861152648926
53007,0.41017457842826843,0.41017457842826843,0.41017457842826843
53012,0.4101836383342743,0.4101836383342743,0.4101836383342743
53017,0.41012391448020935,0.41012391448020935,0.41012391448020935
53021,0.4087633788585663,0.4087633788585663,0.4087633788585663
53048,0.4038280248641968,0.4038280248641968,0.4038280248641968
53051,0.4033808708190918,0.4033808708190918,0.4033808708190918
53054,0.4034396708011627,0.4034396708011627,0.4034396708011627
53055,0.40319883823394775,0.40319883823394775,0.40319883823394775
53061,0.40161532163619995,0.40161532163619995,0.40161532163619995
53071,0.40311166644096375,0.40311166644096375,0.40311166644096375
53086,0.40367189049720764,0.40367189049720764,0.40367189049720764
53087,0.40357333421707153,0.40357333421707153,0.40357333421707153
53088,0.4034205675125122,0.4034205675125122,0.4034205675125122
53108,0.40283793210983276,0.40283793210983276,0.40283793210983276
53116,0.4026389420032501,0.4026389420032501,0.4026389420032501
53135,0.40058472752571106,0.40058472752571106,0.40058472752571106
53138,0.40062764286994934,0.40062764286994934,0.40062764286994934
53141,0.40039587020874023,0.40039587020874023,0.40039587020874023
53142,0.4005303978919983,0.4005303978919983,0.4005303978919983
53143,0.4002949595451355,0.4002949595451355,0.4002949595451355
53146,0.3996545374393463,0.3996545374393463,0.3996545374393463
53149,0.3997049927711487,0.3997049927711487,0.3997049927711487
53161,0.40122202038764954,0.40122202038764954,0.40122202038764954
53173,0.40192121267318726,0.40192121267318726,0.40192121267318726
53175,0.4021504819393158,0.4021504819393158,0.4021504819393158
53177,0.40203922986984253,0.40203922986984253,0.40203922986984253
53178,0.40215247869491577,0.40215247869491577,0.40215247869491577
53191,0.401946485042572,0.401946485042572,0.401946485042572
53197,0.4009156823158264,0.4009156823158264,0.4009156823158264
53202,0.40015313029289246,0.40015313029289246,0.40015313029289246
53203,0.40025100111961365,0.40025100111961365,0.40025100111961365
53207,0.3991859257221222,0.3991859257221222,0.3991859257221222
53211,0.3984312117099762,0.3984312117099762,0.3984312117099762
53215,0.3967716097831726,0.3967716097831726,0.3967716097831726
53223,0.3958117961883545,0.3958117961883545,0.3958117961883545
53224,0.3958719074726105,0.3958719074726105,0.3958719074726105
53225,0.3955744504928589,0.3955744504928589,0.3955744504928589
53227,0.3952086269855499,0.3952086269855499,0.3952086269855499
53231,0.39465105533599854,0.39465105533599854,0.39465105533599854
53232,0.3943595588207245,0.3943595588207245,0.3943595588207245
53253,0.39266422390937805,0.39266422390937805,0.39266422390937805
53273,0.3947300612926483,0.3947300612926483,0.3947300612926483
53274,0.3949310779571533,0.3949310779571533,0.3949310779571533
53286,0.3921031951904297,0.3921031951904297,0.3921031951904297
53292,0.39083021879196167,0.39083021879196167,0.39083021879196167
53296,0.3907783031463623,0.3907783031463623,0.3907783031463623
53321,0.3941275179386139,0.3941275179386139,0.3941275179386139
53325,0.3981434106826782,0.3981434106826782,0.3981434106826782
53330,0.39821815490722656,0.39821815490722656,0.39821815490722656
53359,0.3950337767601013,0.3950337767601013,0.3950337767601013
53370,0.39294302463531494,0.39294302463531494,0.39294302463531494
53376,0.39211881160736084,0.39211881160736084,0.39211881160736084
53382,0.3922193944454193,0.3922193944454193,0.3922193944454193
53387,0.3915909230709076,0.3915909230709076,0.3915909230709076
53388,0.39137527346611023,0.39137527346611023,0.39137527346611023
53392,0.3913375735282898,0.3913375735282898,0.3913375735282898
53396,0.3914972245693207,0.3914972245693207,0.3914972245693207
53399,0.39329466223716736,0.39329466223716736,0.39329466223716736
53400,0.39388507604599,0.39388507604599,0.39388507604599
53405,0.3973669111728668,0.3973669111728668,0.3973669111728668
53408,0.3993712365627289,0.3993712365627289,0.3993712365627289
53410,0.39991044998168945,0.39991044998168945,0.39991044998168945
53421,0.40068161487579346,0.40068161487579346,0.40068161487579346
53427,0.40259385108947754,0.40259385108947754,0.40259385108947754
53428,0.4025033712387085,0.4025033712387085,0.4025033712387085
53431,0.4023565649986267,0.4023565649986267,0.4023565649986267
53436,0.4008045792579651,0.4008045792579651,0.4008045792579651
53440,0.40241706371307373,0.40241706371307373,0.40241706371307373
53441,0.4029270112514496,0.4029270112514496,0.4029270112514496
53442,0.4026438295841217,0.4026438295841217,0.4026438295841217
53449,0.4043179154396057,0.4043179154396057,0.4043179154396057
53452,0.403860479593277,0.403860479593277,0.403860479593277
53454,0.40425488352775574,0.40425488352775574,0.40425488352775574
53457,0.4045710265636444,0.4045710265636444,0.4045710265636444
53461,0.40399467945098877,0.40399467945098877,0.40399467945098877
53484,0.40068385004997253,0.40068385004997253,0.40068385004997253
53490,0.40117669105529785,0.40117669105529785,0.40117669105529785
53495,0.40145641565322876,0.40145641565322876,0.40145641565322876
53500,0.40182971954345703,0.40182971954345703,0.40182971954345703
53504,0.4010654091835022,0.4010654091835022,0.4010654091835022
53506,0.40044745802879333,0.40044745802879333,0.40044745802879333
53511,0.39981609582901,0.39981609582901,0.39981609582901
53512,0.3998662233352661,0.3998662233352661,0.3998662233352661
53517,0.3977052569389343,0.3977052569389343,0.3977052569389343
53522,0.39809200167655945,0.39809200167655945,0.39809200167655945
53531,0.39841267466545105,0.39841267466545105,0.39841267466545105
53539,0.3969719707965851,0.3969719707965851,0.3969719707965851
53542,0.39689818024635315,0.39689818024635315,0.39689818024635315
53551,0.3965204656124115,0.3965204656124115,0.3965204656124115
53553,0.3952969014644623,0.3952969014644623,0.3952969014644623
53556,0.3949926495552063,0.3949926495552063,0.3949926495552063
53557,0.3953316807746887,0.3953316807746887,0.3953316807746887
53568,0.39448443055152893,0.39448443055152893,0.39448443055152893
53569,0.3943372070789337,0.3943372070789337,0.3943372070789337
53580,0.39456671476364136,0.39456671476364136,0.39456671476364136
53587,0.39373505115509033,0.39373505115509033,0.39373505115509033
53590,0.39472806453704834,0.39472806453704834,0.39472806453704834
53592,0.39563632011413574,0.39563632011413574,0.39563632011413574
53593,0.3959731161594391,0.3959731161594391,0.3959731161594391
53594,0.39581090211868286,0.39581090211868286,0.39581090211868286
53598,0.3944876790046692,0.3944876790046692,0.3944876790046692
53608,0.393130362033844,0.393130362033844,0.393130362033844
53615,0.39314261078834534,0.39314261078834534,0.39314261078834534
53625,0.39254945516586304,0.39254945516586304,0.39254945516586304
53629,0.3926209509372711,0.3926209509372711,0.3926209509372711
53633,0.3921089172363281,0.3921089172363281,0.3921089172363281
53635,0.39188262820243835,0.39188262820243835,0.39188262820243835
53642,0.39187091588974,0.39187091588974,0.39187091588974
53672,0.3905094265937805,0.3905094265937805,0.3905094265937805
53674,0.3902965486049652,0.3902965486049652,0.3902965486049652
53685,0.39091619849205017,0.39091619849205017,0.39091619849205017
53687,0.39134418964385986,0.39134418964385986,0.39134418964385986
53688,0.39136239886283875,0.39136239886283875,0.39136239886283875
53691,0.3920562267303467,0.3920562267303467,0.3920562267303467
53692,0.39207562804222107,0.39207562804222107,0.39207562804222107
53695,0.39136290550231934,0.39136290550231934,0.39136290550231934
53717,0.38815975189208984,0.38815975189208984,0.38815975189208984
53721,0.3892579674720764,0.3892579674720764,0.3892579674720764
53729,0.38850268721580505,0.38850268721580505,0.38850268721580505
53739,0.3909626007080078,0.3909626007080078,0.3909626007080078
53744,0.3904707133769989,0.3904707133769989,0.3904707133769989
53754,0.3904232382774353,0.3904232382774353,0.3904232382774353
53772,0.39070209860801697,0.39070209860801697,0.39070209860801697
53795,0.3894919753074646,0.3894919753074646,0.3894919753074646
53796,0.3890802264213562,0.3890802264213562,0.3890802264213562
53797,0.3889514207839966,0.3889514207839966,0.3889514207839966
53800,0.3886820375919342,0.3886820375919342,0.3886820375919342
53806,0.3873782157897949,0.3873782157897949,0.3873782157897949
53812,0.3869076669216156,0.3869076669216156,0.3869076669216156
53815,0.3867565095424652,0.3867565095424652,0.3867565095424652
53824,0.38690832257270813,0.38690832257270813,0.38690832257270813
53831,0.3866191804409027,0.3866191804409027,0.3866191804409027
53832,0.38658440113067627,0.38658440113067627,0.38658440113067627
53837,0.38549742102622986,0.38549742102622986,0.38549742102622986
53855,0.3847317099571228,0.3847317099571228,0.3847317099571228
53886,0.3902187943458557,0.3902187943458557,0.3902187943458557
53899,0.38913434743881226,0.38913434743881226,0.38913434743881226
53905,0.389350026845932,0.389350026845932,0.389350026845932
53907,0.38951051235198975,0.38951051235198975,0.38951051235198975
53917,0.3917831778526306,0.3917831778526306,0.3917831778526306
53918,0.39145541191101074,0.39145541191101074,0.39145541191101074
53919,0.39104562997817993,0.39104562997817993,0.39104562997817993
53920,0.39061951637268066,0.39061951637268066,0.39061951637268066
53925,0.3895493745803833,0.3895493745803833,0.3895493745803833
53943,0.38705381751060486,0.38705381751060486,0.38705381751060486
53944,0.3868248462677002,0.3868248462677002,0.3868248462677002
53947,0.38602831959724426,0.38602831959724426,0.38602831959724426
53948,0.3859903812408447,0.3859903812408447,0.3859903812408447
53964,0.3851749897003174,0.3851749897003174,0.3851749897003174
53973,0.3845101594924927,0.3845101594924927,0.3845101594924927
53975,0.38422784209251404,0.38422784209251404,0.38422784209251404
53979,0.3827992081642151,0.3827992081642151,0.3827992081642151
53988,0.3852660059928894,0.3852660059928894,0.3852660059928894
53989,0.3852274417877197,0.3852274417877197,0.3852274417877197
54006,0.38180088996887207,0.38180088996887207,0.38180088996887207
54020,0.37954050302505493,0.37954050302505493,0.37954050302505493
54023,0.37995249032974243,0.37995249032974243,0.37995249032974243
54028,0.37862369418144226,0.37862369418144226,0.37862369418144226
54032,0.37801581621170044,0.37801581621170044,0.37801581621170044
54070,0.37794920802116394,0.37794920802116394,0.37794920802116394
54071,0.37770941853523254,0.37770941853523254,0.37770941853523254
54073,0.37790676951408386,0.37790676951408386,0.37790676951408386
54076,0.3776940107345581,0.3776940107345581,0.3776940107345581
54089,0.3757942318916321,0.3757942318916321,0.3757942318916321
54098,0.37521448731422424,0.37521448731422424,0.37521448731422424
54102,0.37410032749176025,0.37410032749176025,0.37410032749176025
54104,0.3738548755645752,0.3738548755645752,0.3738548755645752
54107,0.3728218078613281,0.3728218078613281,0.3728218078613281
54123,0.37247389554977417,0.37247389554977417,0.37247389554977417
54124,0.37237197160720825,0.37237197160720825,0.37237197160720825
54129,0.3727390170097351,0.3727390170097351,0.3727390170097351
54131,0.3728211522102356,0.3728211522102356,0.3728211522102356
54145,0.37166693806648254,0.37166693806648254,0.37166693806648254
54146,0.37204915285110474,0.37204915285110474,0.37204915285110474
54153,0.3720631003379822,0.3720631003379822,0.3720631003379822
54156,0.3710409998893738,0.3710409998893738,0.3710409998893738
54158,0.3708968162536621,0.3708968162536621,0.3708968162536621
54161,0.37148839235305786,0.37148839235305786,0.37148839235305786
54163,0.37212252616882324,0.37212252616882324,0.37212252616882324
54164,0.37206384539604187,0.37206384539604187,0.37206384539604187
54165,0.37173837423324585,0.37173837423324585,0.37173837423324585
54173,0.3727305233478546,0.3727305233478546,0.3727305233478546
54184,0.3770599067211151,0.3770599067211151,0.3770599067211151
54187,0.37991583347320557,0.37991583347320557,0.37991583347320557
54196,0.3821483254432678,0.3821483254432678,0.3821483254432678
54204,0.3816400170326233,0.3816400170326233,0.3816400170326233
54206,0.38149353861808777,0.38149353861808777,0.38149353861808777
54212,0.38200920820236206,0.38200920820236206,0.38200920820236206
54213,0.38206571340560913,0.38206571340560913,0.38206571340560913
54214,0.38223955035209656,0.38223955035209656,0.38223955035209656
54216,0.38328397274017334,0.38328397274017334,0.38328397274017334
54219,0.3842499852180481,0.3842499852180481,0.3842499852180481
54228,0.3869362771511078,0.3869362771511078,0.3869362771511078
54231,0.3864220082759857,0.3864220082759857,0.3864220082759857
54238,0.3874343931674957,0.3874343931674957,0.3874343931674957
54246,0.3864917755126953,0.3864917755126953,0.3864917755126953
54247,0.3865128457546234,0.3865128457546234,0.3865128457546234
54254,0.3882990777492523,0.3882990777492523,0.3882990777492523
54256,0.3878355026245117,0.3878355026245117,0.3878355026245117
54271,0.3866916298866272,0.3866916298866272,0.3866916298866272
54280,0.3874855041503906,0.3874855041503906,0.3874855041503906
54281,0.38704589009284973,0.38704589009284973,0.38704589009284973
54286,0.38671231269836426,0.38671231269836426,0.38671231269836426
54287,0.38681501150131226,0.38681501150131226,0.38681501150131226
54292,0.3865261673927307,0.3865261673927307,0.3865261673927307
54301,0.38700008392333984,0.38700008392333984,0.38700008392333984
54320,0.3879936635494232,0.3879936635494232,0.3879936635494232
54326,0.3883614242076874,0.3883614242076874,0.3883614242076874
54331,0.38931798934936523,0.38931798934936523,0.38931798934936523
54353,0.387300580739975,0.387300580739975,0.387300580739975
54357,0.38774311542510986,0.38774311542510986,0.38774311542510986
54358,0.38786590099334717,0.38786590099334717,0.38786590099334717
54359,0.3882671296596527,0.3882671296596527,0.3882671296596527
54363,0.38914304971694946,0.38914304971694946,0.38914304971694946
54364,0.3891361653804779,0.3891361653804779,0.3891361653804779
54371,0.3892221748828888,0.3892221748828888,0.3892221748828888
54379,0.3881784975528717,0.3881784975528717,0.3881784975528717
54398,0.3871499300003052,0.3871499300003052,0.3871499300003052
54400,0.3868039846420288,0.3868039846420288,0.3868039846420288
54401,0.38652583956718445,0.38652583956718445,0.38652583956718445
54403,0.3857712745666504,0.3857712745666504,0.3857712745666504
54404,0.3859868347644806,0.3859868347644806,0.3859868347644806
54413,0.3858836591243744,0.3858836591243744,0.3858836591243744
54415,0.386438250541687,0.386438250541687,0.386438250541687
54417,0.3868136703968048,0.3868136703968048,0.3868136703968048
54434,0.3881196677684784,0.3881196677684784,0.3881196677684784
54443,0.38687098026275635,0.38687098026275635,0.38687098026275635
54444,0.3866506516933441,0.3866506516933441,0.3866506516933441
54445,0.3863377571105957,0.3863377571105957,0.3863377571105957
54452,0.3863358199596405,0.3863358199596405,0.3863358199596405
54462,0.3855995833873749,0.3855995833873749,0.3855995833873749
54471,0.3876628577709198,0.3876628577709198,0.3876628577709198
54475,0.3880603313446045,0.3880603313446045,0.3880603313446045
54483,0.38953593373298645,0.38953593373298645,0.38953593373298645
54485,0.38907748460769653,0.38907748460769653,0.38907748460769653
54489,0.3879605531692505,0.3879605531692505,0.3879605531692505
54491,0.38820648193359375,0.38820648193359375,0.38820648193359375
54493,0.38829222321510315,0.38829222321510315,0.38829222321510315
54508,0.38929513096809387,0.38929513096809387,0.38929513096809387
54510,0.38907840847969055,0.38907840847969055,0.38907840847969055
54514,0.38843849301338196,0.38843849301338196,0.38843849301338196
54523,0.38972243666648865,0.38972243666648865,0.38972243666648865
54525,0.38998937606811523,0.38998937606811523,0.38998937606811523
54531,0.39044874906539917,0.39044874906539917,0.39044874906539917
54533,0.39007726311683655,0.39007726311683655,0.39007726311683655
54541,0.3885353207588196,0.3885353207588196,0.3885353207588196
54559,0.38799017667770386,0.38799017667770386,0.38799017667770386
54563,0.3879699110984802,0.3879699110984802,0.3879699110984802
54565,0.38860777020454407,0.38860777020454407,0.38860777020454407
54568,0.3893199563026428,0.3893199563026428,0.3893199563026428
54569,0.3892698585987091,0.3892698585987091,0.3892698585987091
54571,0.3884684443473816,0.3884684443473816,0.3884684443473816
54578,0.3891374170780182,0.3891374170780182,0.3891374170780182
54585,0.3899310827255249,0.3899310827255249,0.3899310827255249
54595,0.3906534016132355,0.3906534016132355,0.3906534016132355
54598,0.39151066541671753,0.39151066541671753,0.39151066541671753
54606,0.391450434923172,0.391450434923172,0.391450434923172
54609,0.39142245054244995,0.39142245054244995,0.39142245054244995
54611,0.39085981249809265,0.39085981249809265,0.39085981249809265
54613,0.39042678475379944,0.39042678475379944,0.39042678475379944
54614,0.39015311002731323,0.39015311002731323,0.39015311002731323
54617,0.38924723863601685,0.38924723863601685,0.38924723863601685
54629,0.3914044499397278,0.3914044499397278,0.3914044499397278
54645,0.39335498213768005,0.39335498213768005,0.39335498213768005
54671,0.3937796950340271,0.3937796950340271,0.3937796950340271
54676,0.39319533109664917,0.39319533109664917,0.39319533109664917
54684,0.3911612033843994,0.3911612033843994,0.3911612033843994
54685,0.39124786853790283,0.39124786853790283,0.39124786853790283
54688,0.39087119698524475,0.39087119698524475,0.39087119698524475
54689,0.39137327671051025,0.39137327671051025,0.39137327671051025
54707,0.3896598815917969,0.3896598815917969,0.3896598815917969
54709,0.3895653784275055,0.3895653784275055,0.3895653784275055
54720,0.38681453466415405,0.38681453466415405,0.38681453466415405
54726,0.38664284348487854,0.38664284348487854,0.38664284348487854
54738,0.38496798276901245,0.38496798276901245,0.38496798276901245
54745,0.384213387966156,0.384213387966156,0.384213387966156
54752,0.38439568877220154,0.38439568877220154,0.38439568877220154
54755,0.3843063414096832,0.3843063414096832,0.3843063414096832
54757,0.3837668299674988,0.3837668299674988,0.3837668299674988
54776,0.38213711977005005,0.38213711977005005,0.38213711977005005
54778,0.38232219219207764,0.38232219219207764,0.38232219219207764
54785,0.38290533423423767,0.38290533423423767,0.38290533423423767
54788,0.3837977945804596,0.3837977945804596,0.3837977945804596
54789,0.38345107436180115,0.38345107436180115,0.38345107436180115
54801,0.3842105567455292,0.3842105567455292,0.3842105567455292
54815,0.38502171635627747,0.38502171635627747,0.38502171635627747
54819,0.38521096110343933,0.38521096110343933,0.38521096110343933
54823,0.38483986258506775,0.38483986258506775,0.38483986258506775
54826,0.38495874404907227,0.38495874404907227,0.38495874404907227
54843,0.38555508852005005,0.38555508852005005,0.38555508852005005
54847,0.3858334422111511,0.3858334422111511,0.3858334422111511
54848,0.3858215808868408,0.3858215808868408,0.3858215808868408
54853,0.3867272436618805,0.3867272436618805,0.3867272436618805
54855,0.3872804641723633,0.3872804641723633,0.3872804641723633
54860,0.3857713043689728,0.3857713043689728,0.3857713043689728
54862,0.3861891031265259,0.3861891031265259,0.3861891031265259
54866,0.38583090901374817,0.38583090901374817,0.38583090901374817
54888,0.3856632113456726,0.3856632113456726,0.3856632113456726
54890,0.38541921973228455,0.38541921973228455,0.38541921973228455
54895,0.3862937390804291,0.3862937390804291,0.3862937390804291
54896,0.3864453136920929,0.3864453136920929,0.3864453136920929
54898,0.3868344724178314,0.3868344724178314,0.3868344724178314
54912,0.38757017254829407,0.38757017254829407,0.38757017254829407
54913,0.3876391053199768,0.3876391053199768,0.3876391053199768
54914,0.3878365159034729,0.3878365159034729,0.3878365159034729
54917,0.3876696825027466,0.3876696825027466,0.3876696825027466
54932,0.38670748472213745,0.38670748472213745,0.38670748472213745
54936,0.3864883780479431,0.3864883780479431,0.3864883780479431
54941,0.38594722747802734,0.38594722747802734,0.38594722747802734
54946,0.386282742023468,0.386282742023468,0.386282742023468
54960,0.3865000009536743,0.3865000009536743,0.3865000009536743
54961,0.38664793968200684,0.38664793968200684,0.38664793968200684
54964,0.3873120844364166,0.3873120844364166,0.3873120844364166
54979,0.3871721029281616,0.3871721029281616,0.3871721029281616
55005,0.38722115755081177,0.38722115755081177,0.38722115755081177
55025,0.3886209726333618,0.3886209726333618,0.3886209726333618
55035,0.3898327648639679,0.3898327648639679,0.3898327648639679
55040,0.3893207013607025,0.3893207013607025,0.3893207013607025
55043,0.38964107632637024,0.38964107632637024,0.38964107632637024
55044,0.3894236981868744,0.3894236981868744,0.3894236981868744
55045,0.3894284963607788,0.3894284963607788,0.3894284963607788
55048,0.3894830346107483,0.3894830346107483,0.3894830346107483
55052,0.3897850811481476,0.3897850811481476,0.3897850811481476
55053,0.3899436891078949,0.3899436891078949,0.3899436891078949
55059,0.38902369141578674,0.38902369141578674,0.38902369141578674
55061,0.38894084095954895,0.38894084095954895,0.38894084095954895
55083,0.38995426893234253,0.38995426893234253,0.38995426893234253
55087,0.3902188837528229,0.3902188837528229,0.3902188837528229
55091,0.39098024368286133,0.39098024368286133,0.39098024368286133
55097,0.39198386669158936,0.39198386669158936,0.39198386669158936
55110,0.39067476987838745,0.39067476987838745,0.39067476987838745
55112,0.390580415725708,0.390580415725708,0.390580415725708
55116,0.39144957065582275,0.39144957065582275,0.39144957065582275
55143,0.3901296854019165,0.3901296854019165,0.3901296854019165
55144,0.38982319831848145,0.38982319831848145,0.38982319831848145
55151,0.388353168964386,0.388353168964386,0.388353168964386
55156,0.3871102035045624,0.3871102035045624,0.3871102035045624
55157,0.3869887590408325,0.3869887590408325,0.3869887590408325
55164,0.3874252438545227,0.3874252438545227,0.3874252438545227
55165,0.38753581047058105,0.38753581047058105,0.38753581047058105
55166,0.38771137595176697,0.38771137595176697,0.38771137595176697
55171,0.38796618580818176,0.38796618580818176,0.38796618580818176
55176,0.38874420523643494,0.38874420523643494,0.38874420523643494
55182,0.3890698552131653,0.3890698552131653,0.3890698552131653
55185,0.38884681463241577,0.38884681463241577,0.38884681463241577
55189,0.3888944089412689,0.3888944089412689,0.3888944089412689
55198,0.3871145248413086,0.3871145248413086,0.3871145248413086
55204,0.3860357403755188,0.3860357403755188,0.3860357403755188
55208,0.3854679465293884,0.3854679465293884,0.3854679465293884
55216,0.385947585105896,0.385947585105896,0.385947585105896
55225,0.3855600655078888,0.3855600655078888,0.3855600655078888
55233,0.38501667976379395,0.38501667976379395,0.38501667976379395
55234,0.38481834530830383,0.38481834530830383,0.38481834530830383
55238,0.3839280307292938,0.3839280307292938,0.3839280307292938
55244,0.3851141035556793,0.3851141035556793,0.3851141035556793
55245,0.3849637508392334,0.3849637508392334,0.3849637508392334
55247,0.38455408811569214,0.38455408811569214,0.38455408811569214
55249,0.38477978110313416,0.38477978110313416,0.38477978110313416
55252,0.38449716567993164,0.38449716567993164,0.38449716567993164
55259,0.3827362656593323,0.3827362656593323,0.3827362656593323
55261,0.38245171308517456,0.38245171308517456,0.38245171308517456
55271,0.38204434514045715,0.38204434514045715,0.38204434514045715
55273,0.3815719485282898,0.3815719485282898,0.3815719485282898
55278,0.3815006613731384,0.3815006613731384,0.3815006613731384
55282,0.3802754580974579,0.3802754580974579,0.3802754580974579
55283,0.37984877824783325,0.37984877824783325,0.37984877824783325
55289,0.3790723383426666,0.3790723383426666,0.3790723383426666
55290,0.37919947504997253,0.37919947504997253,0.37919947504997253
55301,0.3786856234073639,0.3786856234073639,0.3786856234073639
55302,0.3783102035522461,0.3783102035522461,0.3783102035522461
55305,0.3784584701061249,0.3784584701061249,0.3784584701061249
55311,0.3788270652294159,0.3788270652294159,0.3788270652294159
55314,0.3788222670555115,0.3788222670555115,0.3788222670555115
55327,0.3827798366546631,0.3827798366546631,0.3827798366546631
55333,0.38295578956604004,0.38295578956604004,0.38295578956604004
55337,0.38169750571250916,0.38169750571250916,0.38169750571250916
55341,0.3819980025291443,0.3819980025291443,0.3819980025291443
55352,0.38304710388183594,0.38304710388183594,0.38304710388183594
55358,0.38497769832611084,0.38497769832611084,0.38497769832611084
55360,0.3850693106651306,0.3850693106651306,0.3850693106651306
55387,0.3855031430721283,0.3855031430721283,0.3855031430721283
55397,0.3835209906101227,0.3835209906101227,0.3835209906101227
55402,0.384062260389328,0.384062260389328,0.384062260389328
55403,0.3843151330947876,0.3843151330947876,0.3843151330947876
55406,0.38387489318847656,0.38387489318847656,0.38387489318847656
55407,0.38391202688217163,0.38391202688217163,0.38391202688217163
55419,0.38158130645751953,0.38158130645751953,0.38158130645751953
55421,0.38087841868400574,0.38087841868400574,0.38087841868400574
55424,0.3801170885562897,0.3801170885562897,0.3801170885562897
55440,0.3808062672615051,0.3808062672615051,0.3808062672615051
55446,0.38138848543167114,0.38138848543167114,0.38138848543167114
55449,0.3820205330848694,0.3820205330848694,0.3820205330848694
55454,0.38107722997665405,0.38107722997665405,0.38107722997665405
55460,0.3823085427284241,0.3823085427284241,0.3823085427284241
55461,0.3821384310722351,0.3821384310722351,0.3821384310722351
55469,0.3811508119106293,0.3811508119106293,0.3811508119106293
55476,0.3819100856781006,0.3819100856781006,0.3819100856781006
55478,0.38159093260765076,0.38159093260765076,0.38159093260765076
55497,0.3803981840610504,0.3803981840610504,0.3803981840610504
55498,0.38051390647888184,0.38051390647888184,0.38051390647888184
55499,0.3804190754890442,0.3804190754890442,0.3804190754890442
55518,0.38021010160446167,0.38021010160446167,0.38021010160446167
55522,0.38020339608192444,0.38020339608192444,0.38020339608192444
55523,0.380031555891037,0.380031555891037,0.380031555891037
55525,0.38019150495529175,0.38019150495529175,0.38019150495529175
55548,0.38012921810150146,0.38012921810150146,0.38012921810150146
55550,0.38001003861427307,0.38001003861427307,0.38001003861427307
55557,0.38033527135849,0.38033527135849,0.38033527135849
55560,0.38059571385383606,0.38059571385383606,0.38059571385383606
55570,0.38000166416168213,0.38000166416168213,0.38000166416168213
55584,0.38170936703681946,0.38170936703681946,0.38170936703681946
55592,0.3819728195667267,0.3819728195667267,0.3819728195667267
55596,0.381951242685318,0.381951242685318,0.381951242685318
55600,0.3821612000465393,0.3821612000465393,0.3821612000465393
55605,0.3817949593067169,0.3817949593067169,0.3817949593067169
55606,0.38178354501724243,0.38178354501724243,0.38178354501724243
55613,0.3808140456676483,0.3808140456676483,0.3808140456676483
55624,0.37997913360595703,0.37997913360595703,0.37997913360595703
55641,0.38036298751831055,0.38036298751831055,0.38036298751831055
55645,0.3803326189517975,0.3803326189517975,0.3803326189517975
55646,0.3799402117729187,0.3799402117729187,0.3799402117729187
55654,0.38078248500823975,0.38078248500823975,0.38078248500823975
55660,0.38156232237815857,0.38156232237815857,0.38156232237815857
55663,0.3814122974872589,0.3814122974872589,0.3814122974872589
55671,0.38073408603668213,0.38073408603668213,0.38073408603668213
55675,0.3803970217704773,0.3803970217704773,0.3803970217704773
55683,0.37894850969314575,0.37894850969314575,0.37894850969314575
55685,0.3788525462150574,0.3788525462150574,0.3788525462150574
55689,0.3784659802913666,0.3784659802913666,0.3784659802913666
55698,0.3767291009426117,0.3767291009426117,0.3767291009426117
55703,0.37782883644104004,0.37782883644104004,0.37782883644104004
55709,0.37701088190078735,0.37701088190078735,0.37701088190078735
55710,0.3770615756511688,0.3770615756511688,0.3770615756511688
55720,0.3776560127735138,0.3776560127735138,0.3776560127735138
55723,0.3782050311565399,0.3782050311565399,0.3782050311565399
55725,0.37804311513900757,0.37804311513900757,0.37804311513900757
55727,0.378253698348999,0.378253698348999,0.378253698348999
55730,0.37812715768814087,0.37812715768814087,0.37812715768814087
55737,0.3795848488807678,0.3795848488807678,0.3795848488807678
55738,0.37948721647262573,0.37948721647262573,0.37948721647262573
55744,0.3787423372268677,0.3787423372268677,0.3787423372268677
55770,0.3785552978515625,0.3785552978515625,0.3785552978515625
55771,0.37835371494293213,0.37835371494293213,0.37835371494293213
55772,0.3780931830406189,0.3780931830406189,0.3780931830406189
55781,0.3783923089504242,0.3783923089504242,0.3783923089504242
55783,0.3780263364315033,0.3780263364315033,0.3780263364315033
55785,0.3783043622970581,0.3783043622970581,0.3783043622970581
55792,0.3792034387588501,0.3792034387588501,0.3792034387588501
55793,0.3793562650680542,0.3793562650680542,0.3793562650680542
55817,0.3790871500968933,0.3790871500968933,0.3790871500968933
55828,0.3801266849040985,0.3801266849040985,0.3801266849040985
55832,0.3802567720413208,0.3802567720413208,0.3802567720413208
55845,0.3809901177883148,0.3809901177883148,0.3809901177883148
55846,0.38041433691978455,0.38041433691978455,0.38041433691978455
55850,0.38022100925445557,0.38022100925445557,0.38022100925445557
55855,0.3795318603515625,0.3795318603515625,0.3795318603515625
55863,0.37850719690322876,0.37850719690322876,0.37850719690322876
55890,0.3768412172794342,0.3768412172794342,0.3768412172794342
55894,0.37690404057502747,0.37690404057502747,0.37690404057502747
55895,0.37689444422721863,0.37689444422721863,0.37689444422721863
55898,0.37760329246520996,0.37760329246520996,0.37760329246520996
55905,0.37732723355293274,0.37732723355293274,0.37732723355293274
55907,0.37738797068595886,0.37738797068595886,0.37738797068595886
55909,0.37789714336395264,0.37789714336395264,0.37789714336395264
55911,0.37806597352027893,0.37806597352027893,0.37806597352027893
55917,0.37758657336235046,0.37758657336235046,0.37758657336235046
55922,0.377841591835022,0.377841591835022,0.377841591835022
55923,0.37742164731025696,0.37742164731025696,0.37742164731025696
55925,0.377841591835022,0.377841591835022,0.377841591835022
55932,0.37867507338523865,0.37867507338523865,0.37867507338523865
55940,0.37772080302238464,0.37772080302238464,0.37772080302238464
55946,0.37737542390823364,0.37737542390823364,0.37737542390823364
55950,0.37755441665649414,0.37755441665649414,0.37755441665649414
55951,0.37767958641052246,0.37767958641052246,0.37767958641052246
55952,0.37742725014686584,0.37742725014686584,0.37742725014686584
55953,0.37741193175315857,0.37741193175315857,0.37741193175315857
55960,0.37757977843284607,0.37757977843284607,0.37757977843284607
55980,0.3781745731830597,0.3781745731830597,0.3781745731830597
55993,0.3791041374206543,0.3791041374206543,0.3791041374206543
55998,0.38078486919403076,0.38078486919403076,0.38078486919403076
56022,0.3784281611442566,0.3784281611442566,0.3784281611442566
56029,0.37963277101516724,0.37963277101516724,0.37963277101516724
56034,0.379824697971344,0.379824697971344,0.379824697971344
56035,0.38014519214630127,0.38014519214630127,0.38014519214630127
56050,0.38156822323799133,0.38156822323799133,0.38156822323799133
56059,0.38178372383117676,0.38178372383117676,0.38178372383117676
56062,0.3822934031486511,0.3822934031486511,0.3822934031486511
56063,0.3822181224822998,0.3822181224822998,0.3822181224822998
56067,0.38212865591049194,0.38212865591049194,0.38212865591049194
56073,0.38329148292541504,0.38329148292541504,0.38329148292541504
56076,0.38325193524360657,0.38325193524360657,0.38325193524360657
56077,0.38316598534584045,0.38316598534584045,0.38316598534584045
56079,0.3830879330635071,0.3830879330635071,0.3830879330635071
56082,0.38315725326538086,0.38315725326538086,0.38315725326538086
56084,0.3829959034919739,0.3829959034919739,0.3829959034919739
56100,0.3810012936592102,0.3810012936592102,0.3810012936592102
56101,0.38102519512176514,0.38102519512176514,0.38102519512176514
56128,0.38089480996131897,0.38089480996131897,0.38089480996131897
56130,0.380566269159317,0.380566269159317,0.380566269159317
56136,0.38004863262176514,0.38004863262176514,0.38004863262176514
56138,0.38017594814300537,0.38017594814300537,0.38017594814300537
56146,0.38041654229164124,0.38041654229164124,0.38041654229164124
56169,0.38210180401802063,0.38210180401802063,0.38210180401802063
56175,0.38279393315315247,0.38279393315315247,0.38279393315315247
56188,0.3829561471939087,0.3829561471939087,0.3829561471939087
56197,0.38172680139541626,0.38172680139541626,0.38172680139541626
56202,0.3816608786582947,0.3816608786582947,0.3816608786582947
56204,0.3821200728416443,0.3821200728416443,0.3821200728416443
56207,0.38150355219841003,0.38150355219841003,0.38150355219841003
56211,0.38124868273735046,0.38124868273735046,0.38124868273735046
56216,0.38106244802474976,0.38106244802474976,0.38106244802474976
56222,0.3813216984272003,0.3813216984272003,0.3813216984272003
56225,0.38091278076171875,0.38091278076171875,0.38091278076171875
56227,0.38054391741752625,0.38054391741752625,0.38054391741752625
56237,0.38073989748954773,0.38073989748954773,0.38073989748954773
56245,0.3819005787372589,0.3819005787372589,0.3819005787372589
56250,0.38220691680908203,0.38220691680908203,0.38220691680908203
56251,0.3817242383956909,0.3817242383956909,0.3817242383956909
56255,0.3819551467895508,0.3819551467895508,0.3819551467895508
56256,0.3819001615047455,0.3819001615047455,0.3819001615047455
56258,0.38174647092819214,0.38174647092819214,0.38174647092819214
56270,0.38151466846466064,0.38151466846466064,0.38151466846466064
56280,0.3818047046661377,0.3818047046661377,0.3818047046661377
56284,0.38196855783462524,0.38196855783462524,0.38196855783462524
56285,0.3821496069431305,0.3821496069431305,0.3821496069431305
56288,0.3818528652191162,0.3818528652191162,0.3818528652191162
56291,0.382002055644989,0.382002055644989,0.382002055644989
56292,0.38198861479759216,0.38198861479759216,0.38198861479759216
56298,0.382572740316391,0.382572740316391,0.382572740316391
56327,0.3827945590019226,0.3827945590019226,0.3827945590019226
56329,0.3822954595088959,0.3822954595088959,0.3822954595088959
56333,0.3826896846294403,0.3826896846294403,0.3826896846294403
56334,0.38231930136680603,0.38231930136680603,0.38231930136680603
56343,0.38111448287963867,0.38111448287963867,0.38111448287963867
56344,0.3808044195175171,0.3808044195175171,0.3808044195175171
56346,0.3804701566696167,0.3804701566696167,0.3804701566696167
56347,0.38079848885536194,0.38079848885536194,0.38079848885536194
56355,0.3812686502933502,0.3812686502933502,0.3812686502933502
56367,0.38095393776893616,0.38095393776893616,0.38095393776893616
56381,0.3804436922073364,0.3804436922073364,0.3804436922073364
56386,0.37966424226760864,0.37966424226760864,0.37966424226760864
56393,0.37960267066955566,0.37960267066955566,0.37960267066955566
56406,0.3807525634765625,0.3807525634765625,0.3807525634765625
56407,0.38090771436691284,0.38090771436691284,0.38090771436691284
56422,0.3801599442958832,0.3801599442958832,0.3801599442958832
56424,0.38013094663619995,0.38013094663619995,0.38013094663619995
56425,0.37994620203971863,0.37994620203971863,0.37994620203971863
56429,0.38114672899246216,0.38114672899246216,0.38114672899246216
56433,0.38058367371559143,0.38058367371559143,0.38058367371559143
56440,0.3796366751194,0.3796366751194,0.3796366751194
56442,0.3795127868652344,0.3795127868652344,0.3795127868652344
56443,0.3793841600418091,0.3793841600418091,0.3793841600418091
56456,0.3795424699783325,0.3795424699783325,0.3795424699783325
56457,0.3797023892402649,0.3797023892402649,0.3797023892402649
56458,0.3796367049217224,0.3796367049217224,0.3796367049217224
56465,0.37845200300216675,0.37845200300216675,0.37845200300216675
56475,0.37817996740341187,0.37817996740341187,0.37817996740341187
56479,0.3786237835884094,0.3786237835884094,0.3786237835884094
56485,0.37754836678504944,0.37754836678504944,0.37754836678504944
56486,0.3773658275604248,0.3773658275604248,0.3773658275604248
56492,0.37670382857322693,0.37670382857322693,0.37670382857322693
56493,0.37667667865753174,0.37667667865753174,0.37667667865753174
56513,0.3753127455711365,0.3753127455711365,0.3753127455711365
56515,0.37523695826530457,0.37523695826530457,0.37523695826530457
56516,0.3752237558364868,0.3752237558364868,0.3752237558364868
56527,0.3741323947906494,0.3741323947906494,0.3741323947906494
56547,0.37523341178894043,0.37523341178894043,0.37523341178894043
56550,0.3754200339317322,0.3754200339317322,0.3754200339317322
56553,0.3753497302532196,0.3753497302532196,0.3753497302532196
56561,0.3750859797000885,0.3750859797000885,0.3750859797000885
56563,0.3746504783630371,0.3746504783630371,0.3746504783630371
56569,0.37603458762168884,0.37603458762168884,0.37603458762168884
56580,0.37739530205726624,0.37739530205726624,0.37739530205726624
56590,0.378903865814209,0.378903865814209,0.378903865814209
56613,0.38102269172668457,0.38102269172668457,0.38102269172668457
56614,0.38099098205566406,0.38099098205566406,0.38099098205566406
56619,0.3797859251499176,0.3797859251499176,0.3797859251499176
56629,0.38212549686431885,0.38212549686431885,0.38212549686431885
56645,0.38188013434410095,0.38188013434410095,0.38188013434410095
56649,0.3807346224784851,0.3807346224784851,0.3807346224784851
56655,0.380148708820343,0.380148708820343,0.380148708820343
56660,0.38209375739097595,0.38209375739097595,0.38209375739097595
56662,0.3816528022289276,0.3816528022289276,0.3816528022289276
56669,0.38189077377319336,0.38189077377319336,0.38189077377319336
56674,0.382338285446167,0.382338285446167,0.382338285446167
56691,0.38413625955581665,0.38413625955581665,0.38413625955581665
56695,0.3839898407459259,0.3839898407459259,0.3839898407459259
56706,0.3841422498226166,0.3841422498226166,0.3841422498226166
56710,0.38350626826286316,0.38350626826286316,0.38350626826286316
56711,0.38369840383529663,0.38369840383529663,0.38369840383529663
56716,0.38406631350517273,0.38406631350517273,0.38406631350517273
56719,0.38346347212791443,0.38346347212791443,0.38346347212791443
56727,0.3851560950279236,0.3851560950279236,0.3851560950279236
56729,0.3855750560760498,0.3855750560760498,0.3855750560760498
56732,0.38529741764068604,0.38529741764068604,0.38529741764068604
56734,0.38487136363983154,0.38487136363983154,0.38487136363983154
56737,0.3856130540370941,0.3856130540370941,0.3856130540370941
56742,0.38626208901405334,0.38626208901405334,0.38626208901405334
56746,0.3867323398590088,0.3867323398590088,0.3867323398590088
56748,0.3867955207824707,0.3867955207824707,0.3867955207824707
56749,0.3867255449295044,0.3867255449295044,0.3867255449295044
56753,0.3864269256591797,0.3864269256591797,0.3864269256591797
56763,0.38666611909866333,0.38666611909866333,0.38666611909866333
56773,0.38360702991485596,0.38360702991485596,0.38360702991485596
56777,0.38360705971717834,0.38360705971717834,0.38360705971717834
56790,0.38491982221603394,0.38491982221603394,0.38491982221603394
56792,0.38498494029045105,0.38498494029045105,0.38498494029045105
56801,0.3839290142059326,0.3839290142059326,0.3839290142059326
56808,0.3839385211467743,0.3839385211467743,0.3839385211467743
56815,0.3841278851032257,0.3841278851032257,0.3841278851032257
56827,0.3845480680465698,0.3845480680465698,0.3845480680465698
56832,0.3831034302711487,0.3831034302711487,0.3831034302711487
56839,0.38486841320991516,0.38486841320991516,0.38486841320991516
56846,0.3846748471260071,0.3846748471260071,0.3846748471260071
56848,0.38432323932647705,0.38432323932647705,0.38432323932647705
56853,0.38350436091423035,0.38350436091423035,0.38350436091423035
56855,0.383186399936676,0.383186399936676,0.383186399936676
56858,0.383196622133255,0.383196622133255,0.383196622133255
56861,0.38340362906455994,0.38340362906455994,0.38340362906455994
56867,0.3838385045528412,0.3838385045528412,0.3838385045528412
56873,0.3838200569152832,0.3838200569152832,0.3838200569152832
56874,0.38388708233833313,0.38388708233833313,0.38388708233833313
56884,0.38315629959106445,0.38315629959106445,0.38315629959106445
56885,0.3830864727497101,0.3830864727497101,0.3830864727497101
56894,0.3838675320148468,0.3838675320148468,0.3838675320148468
56902,0.3831150531768799,0.3831150531768799,0.3831150531768799
56910,0.38365277647972107,0.38365277647972107,0.38365277647972107
56925,0.3845222294330597,0.3845222294330597,0.3845222294330597
56933,0.3836861550807953,0.3836861550807953,0.3836861550807953
56936,0.38334739208221436,0.38334739208221436,0.38334739208221436
56941,0.3827729821205139,0.3827729821205139,0.3827729821205139
56942,0.38294166326522827,0.38294166326522827,0.38294166326522827
56949,0.3837824761867523,0.3837824761867523,0.3837824761867523
56952,0.38380444049835205,0.38380444049835205,0.38380444049835205
56954,0.3845110535621643,0.3845110535621643,0.3845110535621643
56966,0.38517534732818604,0.38517534732818604,0.38517534732818604
56972,0.38496536016464233,0.38496536016464233,0.38496536016464233
56977,0.38570868968963623,0.38570868968963623,0.38570868968963623
56981,0.38624677062034607,0.38624677062034607,0.38624677062034607
56984,0.38653725385665894,0.38653725385665894,0.38653725385665894
56988,0.38610902428627014,0.38610902428627014,0.38610902428627014
56996,0.38748040795326233,0.38748040795326233,0.38748040795326233
57000,0.3877852261066437,0.3877852261066437,0.3877852261066437
57001,0.3877711594104767,0.3877711594104767,0.3877711594104767
57010,0.38760313391685486,0.38760313391685486,0.38760313391685486
57011,0.38734620809555054,0.38734620809555054,0.38734620809555054
57023,0.3884578347206116,0.3884578347206116,0.3884578347206116
57033,0.3900802433490753,0.3900802433490753,0.3900802433490753
57037,0.3921571373939514,0.3921571373939514,0.3921571373939514
57043,0.3927665650844574,0.3927665650844574,0.3927665650844574
57045,0.3928232192993164,0.3928232192993164,0.3928232192993164
57053,0.393703430891037,0.393703430891037,0.393703430891037
57058,0.3944163918495178,0.3944163918495178,0.3944163918495178
57062,0.3945040702819824,0.3945040702819824,0.3945040702819824
57063,0.3943212330341339,0.3943212330341339,0.3943212330341339
57065,0.3946796953678131,0.3946796953678131,0.3946796953678131
57073,0.3951674997806549,0.3951674997806549,0.3951674997806549
57087,0.39631563425064087,0.39631563425064087,0.39631563425064087
57111,0.3937714993953705,0.3937714993953705,0.3937714993953705
57113,0.39387792348861694,0.39387792348861694,0.39387792348861694
57118,0.3934236168861389,0.3934236168861389,0.3934236168861389
57119,0.3937816023826599,0.3937816023826599,0.3937816023826599
57127,0.39522266387939453,0.39522266387939453,0.39522266387939453
57150,0.3934655487537384,0.3934655487537384,0.3934655487537384
57164,0.392566978931427,0.392566978931427,0.392566978931427
57168,0.39178237318992615,0.39178237318992615,0.39178237318992615
57170,0.39183732867240906,0.39183732867240906,0.39183732867240906
57173,0.39213722944259644,0.39213722944259644,0.39213722944259644
57176,0.39181357622146606,0.39181357622146606,0.39181357622146606
57189,0.3893558084964752,0.3893558084964752,0.3893558084964752
57207,0.38660091161727905,0.38660091161727905,0.38660091161727905
57208,0.3861897587776184,0.3861897587776184,0.3861897587776184
57209,0.38581907749176025,0.38581907749176025,0.38581907749176025
57211,0.38528352975845337,0.38528352975845337,0.38528352975845337
57216,0.3866422176361084,0.3866422176361084,0.3866422176361084
57220,0.38646450638771057,0.38646450638771057,0.38646450638771057
57222,0.3865548074245453,0.3865548074245453,0.3865548074245453
57228,0.38588979840278625,0.38588979840278625,0.38588979840278625
57232,0.3862045705318451,0.3862045705318451,0.3862045705318451
57234,0.38595518469810486,0.38595518469810486,0.38595518469810486
57249,0.38566815853118896,0.38566815853118896,0.38566815853118896
57251,0.3850134611129761,0.3850134611129761,0.3850134611129761
57254,0.3853251039981842,0.3853251039981842,0.3853251039981842
57267,0.3867921531200409,0.3867921531200409,0.3867921531200409
57268,0.386997789144516,0.386997789144516,0.386997789144516
57276,0.38702592253685,0.38702592253685,0.38702592253685
57281,0.3870680034160614,0.3870680034160614,0.3870680034160614
57284,0.38696035742759705,0.38696035742759705,0.38696035742759705
57298,0.38753122091293335,0.38753122091293335,0.38753122091293335
57301,0.38700491189956665,0.38700491189956665,0.38700491189956665
57303,0.3865951895713806,0.3865951895713806,0.3865951895713806
57305,0.38703984022140503,0.38703984022140503,0.38703984022140503
57315,0.38714778423309326,0.38714778423309326,0.38714778423309326
57323,0.3872753083705902,0.3872753083705902,0.3872753083705902
57333,0.3873908817768097,0.3873908817768097,0.3873908817768097
57339,0.38590729236602783,0.38590729236602783,0.38590729236602783
57342,0.3867354393005371,0.3867354393005371,0.3867354393005371
57354,0.38711515069007874,0.38711515069007874,0.38711515069007874
57364,0.38837915658950806,0.38837915658950806,0.38837915658950806
57366,0.3878602385520935,0.3878602385520935,0.3878602385520935
57371,0.3878476619720459,0.3878476619720459,0.3878476619720459
57374,0.3869704008102417,0.3869704008102417,0.3869704008102417
57380,0.3862053453922272,0.3862053453922272,0.3862053453922272
57390,0.38487333059310913,0.38487333059310913,0.38487333059310913
57395,0.38490045070648193,0.38490045070648193,0.38490045070648193
57402,0.38434332609176636,0.38434332609176636,0.38434332609176636
57411,0.38320958614349365,0.38320958614349365,0.38320958614349365
57413,0.383221298456192,0.383221298456192,0.383221298456192
57420,0.3850564956665039,0.3850564956665039,0.3850564956665039
57427,0.3844842314720154,0.3844842314720154,0.3844842314720154
57428,0.3848636746406555,0.3848636746406555,0.3848636746406555
57434,0.3839394748210907,0.3839394748210907,0.3839394748210907
57437,0.38411110639572144,0.38411110639572144,0.38411110639572144
57439,0.38476890325546265,0.38476890325546265,0.38476890325546265
57446,0.3840770721435547,0.3840770721435547,0.3840770721435547
57464,0.3832533061504364,0.3832533061504364,0.3832533061504364
57466,0.3831917941570282,0.3831917941570282,0.3831917941570282
57470,0.38292431831359863,0.38292431831359863,0.38292431831359863
57476,0.38302791118621826,0.38302791118621826,0.38302791118621826
57477,0.38333380222320557,0.38333380222320557,0.38333380222320557
57489,0.3815559446811676,0.3815559446811676,0.3815559446811676
57496,0.38194167613983154,0.38194167613983154,0.38194167613983154
57500,0.3817875385284424,0.3817875385284424,0.3817875385284424
57501,0.3824433386325836,0.3824433386325836,0.3824433386325836
57509,0.38254135847091675,0.38254135847091675,0.38254135847091675
57514,0.3816643953323364,0.3816643953323364,0.3816643953323364
57518,0.3812675178050995,0.3812675178050995,0.3812675178050995
57527,0.3804287910461426,0.3804287910461426,0.3804287910461426
57538,0.3808111250400543,0.3808111250400543,0.3808111250400543
57539,0.3810165226459503,0.3810165226459503,0.3810165226459503
57553,0.3827641010284424,0.3827641010284424,0.3827641010284424
57556,0.3823305666446686,0.3823305666446686,0.3823305666446686
57558,0.38249391317367554,0.38249391317367554,0.38249391317367554
57566,0.38276970386505127,0.38276970386505127,0.38276970386505127
57581,0.38335418701171875,0.38335418701171875,0.38335418701171875
57587,0.3830588459968567,0.3830588459968567,0.3830588459968567
57590,0.3819218575954437,0.3819218575954437,0.3819218575954437
57603,0.3798854947090149,0.3798854947090149,0.3798854947090149
57607,0.3792933225631714,0.3792933225631714,0.3792933225631714
57633,0.37559714913368225,0.37559714913368225,0.37559714913368225
57638,0.3757789731025696,0.3757789731025696,0.3757789731025696
57645,0.3758715093135834,0.3758715093135834,0.3758715093135834
57667,0.37857162952423096,0.37857162952423096,0.37857162952423096
57668,0.37869811058044434,0.37869811058044434,0.37869811058044434
57675,0.37775206565856934,0.37775206565856934,0.37775206565856934
57676,0.3777447044849396,0.3777447044849396,0.3777447044849396
57681,0.3770681321620941,0.3770681321620941,0.3770681321620941
57685,0.3763270378112793,0.3763270378112793,0.3763270378112793
57701,0.3748490512371063,0.3748490512371063,0.3748490512371063
57704,0.37493008375167847,0.37493008375167847,0.37493008375167847
57717,0.3750782012939453,0.3750782012939453,0.3750782012939453
57732,0.37729156017303467,0.37729156017303467,0.37729156017303467
57740,0.3801170885562897,0.3801170885562897,0.3801170885562897
57742,0.3800143599510193,0.3800143599510193,0.3800143599510193
57746,0.38189196586608887,0.38189196586608887,0.38189196586608887
57753,0.3839132785797119,0.3839132785797119,0.3839132785797119
57759,0.38385480642318726,0.38385480642318726,0.38385480642318726
57760,0.3843354880809784,0.3843354880809784,0.3843354880809784
57761,0.3843681216239929,0.3843681216239929,0.3843681216239929
57769,0.3858385682106018,0.3858385682106018,0.3858385682106018
57779,0.38793060183525085,0.38793060183525085,0.38793060183525085
57790,0.38858258724212646,0.38858258724212646,0.38858258724212646
57792,0.3885182738304138,0.3885182738304138,0.3885182738304138
57793,0.3885960578918457,0.3885960578918457,0.3885960578918457
57796,0.38960379362106323,0.38960379362106323,0.38960379362106323
57800,0.3891260027885437,0.3891260027885437,0.3891260027885437
57802,0.3895303010940552,0.3895303010940552,0.3895303010940552
57822,0.3911459445953369,0.3911459445953369,0.3911459445953369
57828,0.3920908272266388,0.3920908272266388,0.3920908272266388
57831,0.39189019799232483,0.39189019799232483,0.39189019799232483
57856,0.39148518443107605,0.39148518443107605,0.39148518443107605
57872,0.39308521151542664,0.39308521151542664,0.39308521151542664
57877,0.39310315251350403,0.39310315251350403,0.39310315251350403
57888,0.39324751496315,0.39324751496315,0.39324751496315
57908,0.3918384909629822,0.3918384909629822,0.3918384909629822
57911,0.3910069167613983,0.3910069167613983,0.3910069167613983
57916,0.39204224944114685,0.39204224944114685,0.39204224944114685
57919,0.39094170928001404,0.39094170928001404,0.39094170928001404
57925,0.3907003700733185,0.3907003700733185,0.3907003700733185
57934,0.3908935785293579,0.3908935785293579,0.3908935785293579
57935,0.3907160758972168,0.3907160758972168,0.3907160758972168
57941,0.3905423581600189,0.3905423581600189,0.3905423581600189
57942,0.3901807963848114,0.3901807963848114,0.3901807963848114
57950,0.3896787464618683,0.3896787464618683,0.3896787464618683
57956,0.38962680101394653,0.38962680101394653,0.38962680101394653
57983,0.38822537660598755,0.38822537660598755,0.38822537660598755
57998,0.38571980595588684,0.38571980595588684,0.38571980595588684
58015,0.3845554292201996,0.3845554292201996,0.3845554292201996
58020,0.3844161927700043,0.3844161927700043,0.3844161927700043
58039,0.3853910565376282,0.3853910565376282,0.3853910565376282
58047,0.3853861689567566,0.3853861689567566,0.3853861689567566
58048,0.3850100040435791,0.3850100040435791,0.3850100040435791
58064,0.3839268982410431,0.3839268982410431,0.3839268982410431
58069,0.3834255039691925,0.3834255039691925,0.3834255039691925
58084,0.38366079330444336,0.38366079330444336,0.38366079330444336
58089,0.3827112913131714,0.3827112913131714,0.3827112913131714
58092,0.3827948570251465,0.3827948570251465,0.3827948570251465
58096,0.38239896297454834,0.38239896297454834,0.38239896297454834
58112,0.3835485279560089,0.3835485279560089,0.3835485279560089
58116,0.38376128673553467,0.38376128673553467,0.38376128673553467
58121,0.38445600867271423,0.38445600867271423,0.38445600867271423
58147,0.38159918785095215,0.38159918785095215,0.38159918785095215
58164,0.3814137279987335,0.3814137279987335,0.3814137279987335
58167,0.3816072344779968,0.3816072344779968,0.3816072344779968
58175,0.38258495926856995,0.38258495926856995,0.38258495926856995
58179,0.3818809390068054,0.3818809390068054,0.3818809390068054
58183,0.3817960023880005,0.3817960023880005,0.3817960023880005
58186,0.381862074136734,0.381862074136734,0.381862074136734
58196,0.3830401301383972,0.3830401301383972,0.3830401301383972
58206,0.3821388781070709,0.3821388781070709,0.3821388781070709
58209,0.38255441188812256,0.38255441188812256,0.38255441188812256
58211,0.3823723793029785,0.3823723793029785,0.3823723793029785
58226,0.38340628147125244,0.38340628147125244,0.38340628147125244
58229,0.38388389348983765,0.38388389348983765,0.38388389348983765
58236,0.3835314214229584,0.3835314214229584,0.3835314214229584
58241,0.38312169909477234,0.38312169909477234,0.38312169909477234
58249,0.3821928799152374,0.3821928799152374,0.3821928799152374
58256,0.3807780146598816,0.3807780146598816,0.3807780146598816
58261,0.38083043694496155,0.38083043694496155,0.38083043694496155
58264,0.3804333508014679,0.3804333508014679,0.3804333508014679
58271,0.3780059218406677,0.3780059218406677,0.3780059218406677
58288,0.3753373920917511,0.3753373920917511,0.3753373920917511
58289,0.3749958872795105,0.3749958872795105,0.3749958872795105
58298,0.3783758580684662,0.3783758580684662,0.3783758580684662
58302,0.3788740634918213,0.3788740634918213,0.3788740634918213
58308,0.37891319394111633,0.37891319394111633,0.37891319394111633
58309,0.3790614604949951,0.3790614604949951,0.3790614604949951
58317,0.37994828820228577,0.37994828820228577,0.37994828820228577
58321,0.38171425461769104,0.38171425461769104,0.38171425461769104
58336,0.38430166244506836,0.38430166244506836,0.38430166244506836
58340,0.38551056385040283,0.38551056385040283,0.38551056385040283
58345,0.3868149518966675,0.3868149518966675,0.3868149518966675
58360,0.3888742923736572,0.3888742923736572,0.3888742923736572
58367,0.38876134157180786,0.38876134157180786,0.38876134157180786
58370,0.3883839547634125,0.3883839547634125,0.3883839547634125
58373,0.38876795768737793,0.38876795768737793,0.38876795768737793
58377,0.3870769143104553,0.3870769143104553,0.3870769143104553
58382,0.38691970705986023,0.38691970705986023,0.38691970705986023
58388,0.3872535824775696,0.3872535824775696,0.3872535824775696
58400,0.3860476315021515,0.3860476315021515,0.3860476315021515
58401,0.3856913447380066,0.3856913447380066,0.3856913447380066
58402,0.3855552077293396,0.3855552077293396,0.3855552077293396
58406,0.38601115345954895,0.38601115345954895,0.38601115345954895
58407,0.3858405351638794,0.3858405351638794,0.3858405351638794
58411,0.3861207365989685,0.3861207365989685,0.3861207365989685
58422,0.385318785905838,0.385318785905838,0.385318785905838
58423,0.3852693438529968,0.3852693438529968,0.3852693438529968
58430,0.3834691345691681,0.3834691345691681,0.3834691345691681
58434,0.3831540644168854,0.3831540644168854,0.3831540644168854
58444,0.3843492269515991,0.3843492269515991,0.3843492269515991
58445,0.3844011127948761,0.3844011127948761,0.3844011127948761
58454,0.3848191201686859,0.3848191201686859,0.3848191201686859
58455,0.3846498429775238,0.3846498429775238,0.3846498429775238
58465,0.3861011564731598,0.3861011564731598,0.3861011564731598
58466,0.38662004470825195,0.38662004470825195,0.38662004470825195
58472,0.3865267336368561,0.3865267336368561,0.3865267336368561
58473,0.38689330220222473,0.38689330220222473,0.38689330220222473
58474,0.3873403072357178,0.3873403072357178,0.3873403072357178
58481,0.38690292835235596,0.38690292835235596,0.38690292835235596
58486,0.3865205943584442,0.3865205943584442,0.3865205943584442
58491,0.385811448097229,0.385811448097229,0.385811448097229
58494,0.3862112760543823,0.3862112760543823,0.3862112760543823
58498,0.38569560647010803,0.38569560647010803,0.38569560647010803
58508,0.38505515456199646,0.38505515456199646,0.38505515456199646
58511,0.38494908809661865,0.38494908809661865,0.38494908809661865
58515,0.385483056306839,0.385483056306839,0.385483056306839
58521,0.384737104177475,0.384737104177475,0.384737104177475
58522,0.38477998971939087,0.38477998971939087,0.38477998971939087
58528,0.38519638776779175,0.38519638776779175,0.38519638776779175
58533,0.3858555555343628,0.3858555555343628,0.3858555555343628
58536,0.3859148621559143,0.3859148621559143,0.3859148621559143
58546,0.3854011595249176,0.3854011595249176,0.3854011595249176
58549,0.3854888081550598,0.3854888081550598,0.3854888081550598
58550,0.38514918088912964,0.38514918088912964,0.38514918088912964
58551,0.3848381042480469,0.3848381042480469,0.3848381042480469
58566,0.38435402512550354,0.38435402512550354,0.38435402512550354
58568,0.3841116428375244,0.3841116428375244,0.3841116428375244
58571,0.3841225206851959,0.3841225206851959,0.3841225206851959
58584,0.3827652931213379,0.3827652931213379,0.3827652931213379
58590,0.38411715626716614,0.38411715626716614,0.38411715626716614
58592,0.3836406469345093,0.3836406469345093,0.3836406469345093
58597,0.3837363123893738,0.3837363123893738,0.3837363123893738
58607,0.3852088749408722,0.3852088749408722,0.3852088749408722
58613,0.385843425989151,0.385843425989151,0.385843425989151
58615,0.3848624527454376,0.3848624527454376,0.3848624527454376
58624,0.38485217094421387,0.38485217094421387,0.38485217094421387
58630,0.38492444157600403,0.38492444157600403,0.38492444157600403
58636,0.3853999972343445,0.3853999972343445,0.3853999972343445
58637,0.38530269265174866,0.38530269265174866,0.38530269265174866
58654,0.388049840927124,0.388049840927124,0.388049840927124
58660,0.38790470361709595,0.38790470361709595,0.38790470361709595
58666,0.3889753818511963,0.3889753818511963,0.3889753818511963
58674,0.3890021741390228,0.3890021741390228,0.3890021741390228
58676,0.38853323459625244,0.38853323459625244,0.38853323459625244
58677,0.3886854350566864,0.3886854350566864,0.3886854350566864
58678,0.38921356201171875,0.38921356201171875,0.38921356201171875
58679,0.3896377682685852,0.3896377682685852,0.3896377682685852
58701,0.3875298798084259,0.3875298798084259,0.3875298798084259
58704,0.38751909136772156,0.38751909136772156,0.38751909136772156
58718,0.38877779245376587,0.38877779245376587,0.38877779245376587
58733,0.38763779401779175,0.38763779401779175,0.38763779401779175
58734,0.38766124844551086,0.38766124844551086,0.38766124844551086
58742,0.3871397078037262,0.3871397078037262,0.3871397078037262
58749,0.3877796530723572,0.3877796530723572,0.3877796530723572
58750,0.3879775404930115,0.3879775404930115,0.3879775404930115
58751,0.3882170021533966,0.3882170021533966,0.3882170021533966
58754,0.38841840624809265,0.38841840624809265,0.38841840624809265
58763,0.3880455493927002,0.3880455493927002,0.3880455493927002
58766,0.3870139420032501,0.3870139420032501,0.3870139420032501
58770,0.38716235756874084,0.38716235756874084,0.38716235756874084
58775,0.3882753252983093,0.3882753252983093,0.3882753252983093
58781,0.3890109658241272,0.3890109658241272,0.3890109658241272
58787,0.38882049918174744,0.38882049918174744,0.38882049918174744
58789,0.3884095847606659,0.3884095847606659,0.3884095847606659
58791,0.38822075724601746,0.38822075724601746,0.38822075724601746
58795,0.38853514194488525,0.38853514194488525,0.38853514194488525
58803,0.3882450759410858,0.3882450759410858,0.3882450759410858
58805,0.3878929018974304,0.3878929018974304,0.3878929018974304
58806,0.38805854320526123,0.38805854320526123,0.38805854320526123
58816,0.3896377384662628,0.3896377384662628,0.3896377384662628
58827,0.3892403244972229,0.3892403244972229,0.3892403244972229
58829,0.38901039958000183,0.38901039958000183,0.38901039958000183
58845,0.3891700804233551,0.3891700804233551,0.3891700804233551
58851,0.3891601264476776,0.3891601264476776,0.3891601264476776
58857,0.38996386528015137,0.38996386528015137,0.38996386528015137
58862,0.3898178040981293,0.3898178040981293,0.3898178040981293
58863,0.38946542143821716,0.38946542143821716,0.38946542143821716
58865,0.3893778920173645,0.3893778920173645,0.3893778920173645
58870,0.3902699947357178,0.3902699947357178,0.3902699947357178
58871,0.3900688886642456,0.3900688886642456,0.3900688886642456
58872,0.3903779983520508,0.3903779983520508,0.3903779983520508
58875,0.39048850536346436,0.39048850536346436,0.39048850536346436
58884,0.3885734975337982,0.3885734975337982,0.3885734975337982
58887,0.38965728878974915,0.38965728878974915,0.38965728878974915
58899,0.38939476013183594,0.38939476013183594,0.38939476013183594
58903,0.39036446809768677,0.39036446809768677,0.39036446809768677
58906,0.3907149136066437,0.3907149136066437,0.3907149136066437
58914,0.39115357398986816,0.39115357398986816,0.39115357398986816
58922,0.3909447491168976,0.3909447491168976,0.3909447491168976
58923,0.3912091851234436,0.3912091851234436,0.3912091851234436
58924,0.3914441764354706,0.3914441764354706,0.3914441764354706
58925,0.39133745431900024,0.39133745431900024,0.39133745431900024
58935,0.3908880352973938,0.3908880352973938,0.3908880352973938
58937,0.3902180790901184,0.3902180790901184,0.3902180790901184
58957,0.38880619406700134,0.38880619406700134,0.38880619406700134
58966,0.3888475298881531,0.3888475298881531,0.3888475298881531
58976,0.3894217908382416,0.3894217908382416,0.3894217908382416
58984,0.3891017436981201,0.3891017436981201,0.3891017436981201
58985,0.38926416635513306,0.38926416635513306,0.38926416635513306
58988,0.38932085037231445,0.38932085037231445,0.38932085037231445
58994,0.3874697685241699,0.3874697685241699,0.3874697685241699
59002,0.38653621077537537,0.38653621077537537,0.38653621077537537
59006,0.38647404313087463,0.38647404313087463,0.38647404313087463
59007,0.38619834184646606,0.38619834184646606,0.38619834184646606
59008,0.38579362630844116,0.38579362630844116,0.38579362630844116
59010,0.3857190012931824,0.3857190012931824,0.3857190012931824
59011,0.3859151601791382,0.3859151601791382,0.3859151601791382
59013,0.3856809139251709,0.3856809139251709,0.3856809139251709
59015,0.3853169083595276,0.3853169083595276,0.3853169083595276
59019,0.38515958189964294,0.38515958189964294,0.38515958189964294
59020,0.3848515450954437,0.3848515450954437,0.3848515450954437
59027,0.3851190507411957,0.3851190507411957,0.3851190507411957
59039,0.3846534192562103,0.3846534192562103,0.3846534192562103
59045,0.38418376445770264,0.38418376445770264,0.38418376445770264
59046,0.38390421867370605,0.38390421867370605,0.38390421867370605
59061,0.3855157792568207,0.3855157792568207,0.3855157792568207
59076,0.38756051659584045,0.38756051659584045,0.38756051659584045
59079,0.38777413964271545,0.38777413964271545,0.38777413964271545
59081,0.3882807791233063,0.3882807791233063,0.3882807791233063
59084,0.3885742723941803,0.3885742723941803,0.3885742723941803
59087,0.38807183504104614,0.38807183504104614,0.38807183504104614
59117,0.3860595226287842,0.3860595226287842,0.3860595226287842
59120,0.3851132392883301,0.3851132392883301,0.3851132392883301
59132,0.3846663236618042,0.3846663236618042,0.3846663236618042
59137,0.3845212459564209,0.3845212459564209,0.3845212459564209
59146,0.3834838271141052,0.3834838271141052,0.3834838271141052
59151,0.3829433023929596,0.3829433023929596,0.3829433023929596
59162,0.38312068581581116,0.38312068581581116,0.38312068581581116
59163,0.3830935060977936,0.3830935060977936,0.3830935060977936
59167,0.3834294080734253,0.3834294080734253,0.3834294080734253
59169,0.3835219144821167,0.3835219144821167,0.3835219144821167
59173,0.38325271010398865,0.38325271010398865,0.38325271010398865
59176,0.38407546281814575,0.38407546281814575,0.38407546281814575
59195,0.3844893276691437,0.3844893276691437,0.3844893276691437
59214,0.3861851692199707,0.3861851692199707,0.3861851692199707
59217,0.3861008286476135,0.3861008286476135,0.3861008286476135
59226,0.38704466819763184,0.38704466819763184,0.38704466819763184
59228,0.38748860359191895,0.38748860359191895,0.38748860359191895
59233,0.38710370659828186,0.38710370659828186,0.38710370659828186
59235,0.386502742767334,0.386502742767334,0.386502742767334
59241,0.3851630687713623,0.3851630687713623,0.3851630687713623
59243,0.38466888666152954,0.38466888666152954,0.38466888666152954
59249,0.3853742778301239,0.3853742778301239,0.3853742778301239
59251,0.3854025602340698,0.3854025602340698,0.3854025602340698
59271,0.384661465883255,0.384661465883255,0.384661465883255
59277,0.38457968831062317,0.38457968831062317,0.38457968831062317
59280,0.38438695669174194,0.38438695669174194,0.38438695669174194
59289,0.38431230187416077,0.38431230187416077,0.38431230187416077
59299,0.38486677408218384,0.38486677408218384,0.38486677408218384
59306,0.38484400510787964,0.38484400510787964,0.38484400510787964
59307,0.38484230637550354,0.38484230637550354,0.38484230637550354
59313,0.3849380612373352,0.3849380612373352,0.3849380612373352
59317,0.38366585969924927,0.38366585969924927,0.38366585969924927
59326,0.38209497928619385,0.38209497928619385,0.38209497928619385
59339,0.3819148540496826,0.3819148540496826,0.3819148540496826
59348,0.38069796562194824,0.38069796562194824,0.38069796562194824
59350,0.38081976771354675,0.38081976771354675,0.38081976771354675
59352,0.3812173306941986,0.3812173306941986,0.3812173306941986
59358,0.3823205828666687,0.3823205828666687,0.3823205828666687
59363,0.3816010057926178,0.3816010057926178,0.3816010057926178
59364,0.3811517357826233,0.3811517357826233,0.3811517357826233
59372,0.38199758529663086,0.38199758529663086,0.38199758529663086
59373,0.38221532106399536,0.38221532106399536,0.38221532106399536
59386,0.3824109733104706,0.3824109733104706,0.3824109733104706
59391,0.38236260414123535,0.38236260414123535,0.38236260414123535
59396,0.3814403712749481,0.3814403712749481,0.3814403712749481
59397,0.3816342353820801,0.3816342353820801,0.3816342353820801
59404,0.3811459541320801,0.3811459541320801,0.3811459541320801
59406,0.3809889853000641,0.3809889853000641,0.3809889853000641
59407,0.3811570107936859,0.3811570107936859,0.3811570107936859
59412,0.38133683800697327,0.38133683800697327,0.38133683800697327
59415,0.38116663694381714,0.38116663694381714,0.38116663694381714
59421,0.38086801767349243,0.38086801767349243,0.38086801767349243
59423,0.3807741403579712,0.3807741403579712,0.3807741403579712
59425,0.38019222021102905,0.38019222021102905,0.38019222021102905
59449,0.3754940330982208,0.3754940330982208,0.3754940330982208
59450,0.37512317299842834,0.37512317299842834,0.37512317299842834
59453,0.37494367361068726,0.37494367361068726,0.37494367361068726
59461,0.374997079372406,0.374997079372406,0.374997079372406
59471,0.37647297978401184,0.37647297978401184,0.37647297978401184
59479,0.3779575824737549,0.3779575824737549,0.3779575824737549
59487,0.3787788152694702,0.3787788152694702,0.3787788152694702
59492,0.3793283998966217,0.3793283998966217,0.3793283998966217
59495,0.3802682161331177,0.3802682161331177,0.3802682161331177
59497,0.3804800510406494,0.3804800510406494,0.3804800510406494
59508,0.3799099326133728,0.3799099326133728,0.3799099326133728
59511,0.3791620433330536,0.3791620433330536,0.3791620433330536
59526,0.37888234853744507,0.37888234853744507,0.37888234853744507
59534,0.3796401917934418,0.3796401917934418,0.3796401917934418
59543,0.38034769892692566,0.38034769892692566,0.38034769892692566
59547,0.3804427981376648,0.3804427981376648,0.3804427981376648
59558,0.37973013520240784,0.37973013520240784,0.37973013520240784
59566,0.3796286880970001,0.3796286880970001,0.3796286880970001
59576,0.3806666433811188,0.3806666433811188,0.3806666433811188
59577,0.3805050551891327,0.3805050551891327,0.3805050551891327
59579,0.38075900077819824,0.38075900077819824,0.38075900077819824
59581,0.3813672363758087,0.3813672363758087,0.3813672363758087
59588,0.3813597857952118,0.3813597857952118,0.3813597857952118
59590,0.3815273940563202,0.3815273940563202,0.3815273940563202
59594,0.3809959292411804,0.3809959292411804,0.3809959292411804
59595,0.38084959983825684,0.38084959983825684,0.38084959983825684
59596,0.3810742199420929,0.3810742199420929,0.3810742199420929
59597,0.38141897320747375,0.38141897320747375,0.38141897320747375
59599,0.3812163174152374,0.3812163174152374,0.3812163174152374
59601,0.38140997290611267,0.38140997290611267,0.38140997290611267
59602,0.38120579719543457,0.38120579719543457,0.38120579719543457
59606,0.38132673501968384,0.38132673501968384,0.38132673501968384
59609,0.3813623785972595,0.3813623785972595,0.3813623785972595
59611,0.38113170862197876,0.38113170862197876,0.38113170862197876
59613,0.37993186712265015,0.37993186712265015,0.37993186712265015
59614,0.37930816411972046,0.37930816411972046,0.37930816411972046
59620,0.3786112070083618,0.3786112070083618,0.3786112070083618
59636,0.37834659218788147,0.37834659218788147,0.37834659218788147
59637,0.3782196342945099,0.3782196342945099,0.3782196342945099
59638,0.377913236618042,0.377913236618042,0.377913236618042
59656,0.37608104944229126,0.37608104944229126,0.37608104944229126
59664,0.3751649558544159,0.3751649558544159,0.3751649558544159
59667,0.3744131326675415,0.3744131326675415,0.3744131326675415
59668,0.3745459020137787,0.3745459020137787,0.3745459020137787
59673,0.3744491934776306,0.3744491934776306,0.3744491934776306
59676,0.37471216917037964,0.37471216917037964,0.37471216917037964
59682,0.3759300112724304,0.3759300112724304,0.3759300112724304
59691,0.37677133083343506,0.37677133083343506,0.37677133083343506
59695,0.3771785795688629,0.3771785795688629,0.3771785795688629
59701,0.3772500157356262,0.3772500157356262,0.3772500157356262
59702,0.3770376443862915,0.3770376443862915,0.3770376443862915
59706,0.3769335448741913,0.3769335448741913,0.3769335448741913
59707,0.3770255744457245,0.3770255744457245,0.3770255744457245
59709,0.3775365948677063,0.3775365948677063,0.3775365948677063
59712,0.37740054726600647,0.37740054726600647,0.37740054726600647
59714,0.37744590640068054,0.37744590640068054,0.37744590640068054
59715,0.37740907073020935,0.37740907073020935,0.37740907073020935
59720,0.3770535886287689,0.3770535886287689,0.3770535886287689
59730,0.3771043121814728,0.3771043121814728,0.3771043121814728
59747,0.3770717680454254,0.3770717680454254,0.3770717680454254
59753,0.377981573343277,0.377981573343277,0.377981573343277
59755,0.3780316114425659,0.3780316114425659,0.3780316114425659
59767,0.37815573811531067,0.37815573811531067,0.37815573811531067
59772,0.3782895803451538,0.3782895803451538,0.3782895803451538
59785,0.37698009610176086,0.37698009610176086,0.37698009610176086
59800,0.37796303629875183,0.37796303629875183,0.37796303629875183
59802,0.37743380665779114,0.37743380665779114,0.37743380665779114
59805,0.37814033031463623,0.37814033031463623,0.37814033031463623
59816,0.37756896018981934,0.37756896018981934,0.37756896018981934
59824,0.37617161870002747,0.37617161870002747,0.37617161870002747
59827,0.3756231963634491,0.3756231963634491,0.3756231963634491
59841,0.3747813403606415,0.3747813403606415,0.3747813403606415
59842,0.3745613098144531,0.3745613098144531,0.3745613098144531
59861,0.37383732199668884,0.37383732199668884,0.37383732199668884
59872,0.37463024258613586,0.37463024258613586,0.37463024258613586
59874,0.3750540018081665,0.3750540018081665,0.3750540018081665
59886,0.3765752911567688,0.3765752911567688,0.3765752911567688
59887,0.3765276074409485,0.3765276074409485,0.3765276074409485
59889,0.37661734223365784,0.37661734223365784,0.37661734223365784
59906,0.3745774030685425,0.3745774030685425,0.3745774030685425
59918,0.3732781410217285,0.3732781410217285,0.3732781410217285
59921,0.3725322484970093,0.3725322484970093,0.3725322484970093
59934,0.37178322672843933,0.37178322672843933,0.37178322672843933
59938,0.3722280263900757,0.3722280263900757,0.3722280263900757
59947,0.3713676333427429,0.3713676333427429,0.3713676333427429
59955,0.37084057927131653,0.37084057927131653,0.37084057927131653
59965,0.370852530002594,0.370852530002594,0.370852530002594
59966,0.3707544803619385,0.3707544803619385,0.3707544803619385
59968,0.3707539737224579,0.3707539737224579,0.3707539737224579
59977,0.37147051095962524,0.37147051095962524,0.37147051095962524
59982,0.3717384934425354,0.3717384934425354,0.3717384934425354
59989,0.37209057807922363,0.37209057807922363,0.37209057807922363
59996,0.37280917167663574,0.37280917167663574,0.37280917167663574
59998,0.3729666471481323,0.3729666471481323,0.3729666471481323
60003,0.37374448776245117,0.37374448776245117,0.37374448776245117
60030,0.37565144896507263,0.37565144896507263,0.37565144896507263
60038,0.3763003349304199,0.3763003349304199,0.3763003349304199
60041,0.3760727345943451,0.3760727345943451,0.3760727345943451
60042,0.37626510858535767,0.37626510858535767,0.37626510858535767
60043,0.3764457702636719,0.3764457702636719,0.3764457702636719
60050,0.3772372603416443,0.3772372603416443,0.3772372603416443
60072,0.37923142313957214,0.37923142313957214,0.37923142313957214
60095,0.37774112820625305,0.37774112820625305,0.37774112820625305
60100,0.3778753876686096,0.3778753876686096,0.3778753876686096
60101,0.37770694494247437,0.37770694494247437,0.37770694494247437
60102,0.3776277005672455,0.3776277005672455,0.3776277005672455
60109,0.3781147301197052,0.3781147301197052,0.3781147301197052
60111,0.3778935670852661,0.3778935670852661,0.3778935670852661
60131,0.379244863986969,0.379244863986969,0.379244863986969
60135,0.38039344549179077,0.38039344549179077,0.38039344549179077
60136,0.3804886043071747,0.3804886043071747,0.3804886043071747
60141,0.3816896080970764,0.3816896080970764,0.3816896080970764
60143,0.38188615441322327,0.38188615441322327,0.38188615441322327
60145,0.3810938894748688,0.3810938894748688,0.3810938894748688
60166,0.3811124861240387,0.3811124861240387,0.3811124861240387
60174,0.38032791018486023,0.38032791018486023,0.38032791018486023
60182,0.38112473487854004,0.38112473487854004,0.38112473487854004
60191,0.3827338218688965,0.3827338218688965,0.3827338218688965
60196,0.3828302025794983,0.3828302025794983,0.3828302025794983
60197,0.3829725682735443,0.3829725682735443,0.3829725682735443
60203,0.3830602169036865,0.3830602169036865,0.3830602169036865
60211,0.3832281529903412,0.3832281529903412,0.3832281529903412
60212,0.3830254077911377,0.3830254077911377,0.3830254077911377
60218,0.38498109579086304,0.38498109579086304,0.38498109579086304
60219,0.3853602707386017,0.3853602707386017,0.3853602707386017
60252,0.3891603648662567,0.3891603648662567,0.3891603648662567
60253,0.389069139957428,0.389069139957428,0.389069139957428
60255,0.3890838623046875,0.3890838623046875,0.3890838623046875
60256,0.3888106942176819,0.3888106942176819,0.3888106942176819
60272,0.39005598425865173,0.39005598425865173,0.39005598425865173
60275,0.38939887285232544,0.38939887285232544,0.38939887285232544
60285,0.38955169916152954,0.38955169916152954,0.38955169916152954
60287,0.38940563797950745,0.38940563797950745,0.38940563797950745
60294,0.3877279460430145,0.3877279460430145,0.3877279460430145
60295,0.3875282406806946,0.3875282406806946,0.3875282406806946
60297,0.387943834066391,0.387943834066391,0.387943834066391
60299,0.3892959952354431,0.3892959952354431,0.3892959952354431
60300,0.38945725560188293,0.38945725560188293,0.38945725560188293
60303,0.38996970653533936,0.38996970653533936,0.38996970653533936
60308,0.390254944562912,0.390254944562912,0.390254944562912
60309,0.39022400975227356,0.39022400975227356,0.39022400975227356
60311,0.39022162556648254,0.39022162556648254,0.39022162556648254
60313,0.39027345180511475,0.39027345180511475,0.39027345180511475
60314,0.390352725982666,0.390352725982666,0.390352725982666
60316,0.3905509412288666,0.3905509412288666,0.3905509412288666
60321,0.3907226622104645,0.3907226622104645,0.3907226622104645
60326,0.3907929062843323,0.3907929062843323,0.3907929062843323
60342,0.39157575368881226,0.39157575368881226,0.39157575368881226
60347,0.3920261263847351,0.3920261263847351,0.3920261263847351
60349,0.39191126823425293,0.39191126823425293,0.39191126823425293
60351,0.39188244938850403,0.39188244938850403,0.39188244938850403
60353,0.3914341926574707,0.3914341926574707,0.3914341926574707
60356,0.3917558491230011,0.3917558491230011,0.3917558491230011
60363,0.39125335216522217,0.39125335216522217,0.39125335216522217
60375,0.39197275042533875,0.39197275042533875,0.39197275042533875
60377,0.391023725271225,0.391023725271225,0.391023725271225
60379,0.39038559794425964,0.39038559794425964,0.39038559794425964
60395,0.38999995589256287,0.38999995589256287,0.38999995589256287
60398,0.38916999101638794,0.38916999101638794,0.38916999101638794
60404,0.38757815957069397,0.38757815957069397,0.38757815957069397
60412,0.38608118891716003,0.38608118891716003,0.38608118891716003
60416,0.3861978054046631,0.3861978054046631,0.3861978054046631
60429,0.38756227493286133,0.38756227493286133,0.38756227493286133
60436,0.3884308934211731,0.3884308934211731,0.3884308934211731
60438,0.38810354471206665,0.38810354471206665,0.38810354471206665
60447,0.38901999592781067,0.38901999592781067,0.38901999592781067
60449,0.3884701132774353,0.3884701132774353,0.3884701132774353
60454,0.38813769817352295,0.38813769817352295,0.38813769817352295
60456,0.3883344829082489,0.3883344829082489,0.3883344829082489
60462,0.38791415095329285,0.38791415095329285,0.38791415095329285
60465,0.3879554867744446,0.3879554867744446,0.3879554867744446
60466,0.387613981962204,0.387613981962204,0.387613981962204
60475,0.3854764997959137,0.3854764997959137,0.3854764997959137
60482,0.384395956993103,0.384395956993103,0.384395956993103
60486,0.3826379179954529,0.3826379179954529,0.3826379179954529
60496,0.3799031674861908,0.3799031674861908,0.3799031674861908
60500,0.37906432151794434,0.37906432151794434,0.37906432151794434
60501,0.37900587916374207,0.37900587916374207,0.37900587916374207
60515,0.37764453887939453,0.37764453887939453,0.37764453887939453
60525,0.37621814012527466,0.37621814012527466,0.37621814012527466
60526,0.37600022554397583,0.37600022554397583,0.37600022554397583
60528,0.3753514587879181,0.3753514587879181,0.3753514587879181
60534,0.37419354915618896,0.37419354915618896,0.37419354915618896
60537,0.3744800388813019,0.3744800388813019,0.3744800388813019
60542,0.37364500761032104,0.37364500761032104,0.37364500761032104
60543,0.37314373254776,0.37314373254776,0.37314373254776
60544,0.3728829324245453,0.3728829324245453,0.3728829324245453
60550,0.37257063388824463,0.37257063388824463,0.37257063388824463
60551,0.3726271092891693,0.3726271092891693,0.3726271092891693
60575,0.3703864514827728,0.3703864514827728,0.3703864514827728
60577,0.3694264888763428,0.3694264888763428,0.3694264888763428
60584,0.37071940302848816,0.37071940302848816,0.37071940302848816
60588,0.3710525333881378,0.3710525333881378,0.3710525333881378
60590,0.3716466426849365,0.3716466426849365,0.3716466426849365
60603,0.372175395488739,0.372175395488739,0.372175395488739
60622,0.369779497385025,0.369779497385025,0.369779497385025
60624,0.36907294392585754,0.36907294392585754,0.36907294392585754
60626,0.3683367371559143,0.3683367371559143,0.3683367371559143
60630,0.36731046438217163,0.36731046438217163,0.36731046438217163
60640,0.3662930130958557,0.3662930130958557,0.3662930130958557
60643,0.3661518692970276,0.3661518692970276,0.3661518692970276
60650,0.36532387137413025,0.36532387137413025,0.36532387137413025
60651,0.36509037017822266,0.36509037017822266,0.36509037017822266
60652,0.3650427758693695,0.3650427758693695,0.3650427758693695
60656,0.3643501102924347,0.3643501102924347,0.3643501102924347
60664,0.3632124662399292,0.3632124662399292,0.3632124662399292
60669,0.36274370551109314,0.36274370551109314,0.36274370551109314
60673,0.3627324104309082,0.3627324104309082,0.3627324104309082
60674,0.3628021478652954,0.3628021478652954,0.3628021478652954
60675,0.3626604676246643,0.3626604676246643,0.3626604676246643
60679,0.3633395731449127,0.3633395731449127,0.3633395731449127
60680,0.3635346591472626,0.3635346591472626,0.3635346591472626
60683,0.3636905550956726,0.3636905550956726,0.3636905550956726
60694,0.3671354651451111,0.3671354651451111,0.3671354651451111
60698,0.371364951133728,0.371364951133728,0.371364951133728
60704,0.3747730255126953,0.3747730255126953,0.3747730255126953
60707,0.37447065114974976,0.37447065114974976,0.37447065114974976
60711,0.37527620792388916,0.37527620792388916,0.37527620792388916
60712,0.37550103664398193,0.37550103664398193,0.37550103664398193
60718,0.3772906959056854,0.3772906959056854,0.3772906959056854
60720,0.3781073987483978,0.3781073987483978,0.3781073987483978
60735,0.3761163353919983,0.3761163353919983,0.3761163353919983
60743,0.37544435262680054,0.37544435262680054,0.37544435262680054
60759,0.3751430809497833,0.3751430809497833,0.3751430809497833
60764,0.37581494450569153,0.37581494450569153,0.37581494450569153
60766,0.37549957633018494,0.37549957633018494,0.37549957633018494
60772,0.37600696086883545,0.37600696086883545,0.37600696086883545
60776,0.37700068950653076,0.37700068950653076,0.37700068950653076
60778,0.37779611349105835,0.37779611349105835,0.37779611349105835
60780,0.3789551556110382,0.3789551556110382,0.3789551556110382
60785,0.3793170154094696,0.3793170154094696,0.3793170154094696
60797,0.3786923289299011,0.3786923289299011,0.3786923289299011
60798,0.3787896931171417,0.3787896931171417,0.3787896931171417
60806,0.37611934542655945,0.37611934542655945,0.37611934542655945
60808,0.3762226402759552,0.3762226402759552,0.3762226402759552
60813,0.3764071464538574,0.3764071464538574,0.3764071464538574
60856,0.37717509269714355,0.37717509269714355,0.37717509269714355
60860,0.3766518533229828,0.3766518533229828,0.3766518533229828
60865,0.3768625259399414,0.3768625259399414,0.3768625259399414
60868,0.37711915373802185,0.37711915373802185,0.37711915373802185
60870,0.37728363275527954,0.37728363275527954,0.37728363275527954
60871,0.3774181604385376,0.3774181604385376,0.3774181604385376
60879,0.3772304356098175,0.3772304356098175,0.3772304356098175
60881,0.37785667181015015,0.37785667181015015,0.37785667181015015
60885,0.3784409165382385,0.3784409165382385,0.3784409165382385
60908,0.37650781869888306,0.37650781869888306,0.37650781869888306
60922,0.37412023544311523,0.37412023544311523,0.37412023544311523
60924,0.3740280568599701,0.3740280568599701,0.3740280568599701
60928,0.3741333484649658,0.3741333484649658,0.3741333484649658
60941,0.372994601726532,0.372994601726532,0.372994601726532
60942,0.372759073972702,0.372759073972702,0.372759073972702
60946,0.3724077045917511,0.3724077045917511,0.3724077045917511
60947,0.3722173273563385,0.3722173273563385,0.3722173273563385
60962,0.36969244480133057,0.36969244480133057,0.36969244480133057
60963,0.3693600296974182,0.3693600296974182,0.3693600296974182
60966,0.36861881613731384,0.36861881613731384,0.36861881613731384
60981,0.3701750338077545,0.3701750338077545,0.3701750338077545
60988,0.372782826423645,0.372782826423645,0.372782826423645
60989,0.3728639483451843,0.3728639483451843,0.3728639483451843
60993,0.37371718883514404,0.37371718883514404,0.37371718883514404
60994,0.3739011287689209,0.3739011287689209,0.3739011287689209
61005,0.3739811182022095,0.3739811182022095,0.3739811182022095
61012,0.37431055307388306,0.37431055307388306,0.37431055307388306
61016,0.3740082085132599,0.3740082085132599,0.3740082085132599
61017,0.37380921840667725,0.37380921840667725,0.37380921840667725
61018,0.37339654564857483,0.37339654564857483,0.37339654564857483
61023,0.3732258975505829,0.3732258975505829,0.3732258975505829
61035,0.3741065263748169,0.3741065263748169,0.3741065263748169
61038,0.37376946210861206,0.37376946210861206,0.37376946210861206
61046,0.37176278233528137,0.37176278233528137,0.37176278233528137
61058,0.36965465545654297,0.36965465545654297,0.36965465545654297
61059,0.3693740665912628,0.3693740665912628,0.3693740665912628
